variant_id,product_status,coste_eur,precio_base_eur,precio_fijo_espana_antes_eur,precio_fijo_espana_despues_eur,accion,variante
54986187571537,ACTIVE,,4.80,8.95,8.95,sin_cambio,Kerasys Advanced Keramide Ampoule Heat Protection Treatment 200ml - Default Title
54986187669841,ACTIVE,,9.60,17.95,17.95,sin_cambio,Kerasys Advanced Keramide Ampoule Damage Repair Leave In Treatment 230ml - Default Title
54988766675281,ACTIVE,,10.80,19.95,19.95,sin_cambio,[mise en scene] Damage Care Red Protein Conditioner 1000ml - Default Title
54989878755665,ACTIVE,,7.20,16.9,16.9,sin_cambio,A'pieu Raspberry Vinegar Hair Shampoo 500ml - Default Title
55010739093841,ACTIVE,,4.96,8.95,8.95,sin_cambio,Kerasys Advanced Keramide Ampoule Damage Clinic Treatment 200ml - Default Title
55010739618129,ACTIVE,,4.96,8.95,8.95,sin_cambio,Kerasys Damage Clinic Damage Care Solution Conditioner 750ml - Default Title
55010841133393,ACTIVE,,11.16,18.95,18.95,sin_cambio,MEDIPEEL AHA BHA 28 Days Hyal Cream 30ml - Default Title
55026959253841,ACTIVE,8.0,14.95,12.8,14.95,subir_a_base,Dashu Men’s Aqua Matte BB Cushion (for Refill) 15g (SPF50+/PA++++) - Default Title
55026960007505,ACTIVE,14.0,25.95,22.4,25.95,subir_a_base,Dashu Men’s Aqua Matte BB Cushion 11g - Default Title
55026960761169,ACTIVE,7.0,12.95,11.2,12.95,subir_a_base,DASHU Men’s Oil Cut No-Sebum Powder 5g - Default Title
55026961514833,ACTIVE,19.0,34.95,30.4,34.95,subir_a_base,[ONE THING] FOR MEN All in One Deo Wash 500ml - Default Title
55026962301265,ACTIVE,8.0,14.95,12.8,14.95,subir_a_base,PAUL MEDISON HOMME ALL IN ONE BB CREAM SPF50+ 60ml - Default Title
55026963087697,ACTIVE,8.0,14.95,12.8,14.95,subir_a_base,PAUL MEDISON HOMME Hydration All In One Lotion 100ml - Default Title
55026964726097,ACTIVE,15.0,27.95,24.0,27.95,subir_a_base,KUNDAL CLASSIC MEN'S AQUA SEBUM BALANCING ALL IN ONE LOTION 150ml - Default Title
55026965512529,ACTIVE,29.0,52.95,46.4,52.95,subir_a_base,Sulwhasoo Men Skin Strengthening Emulsion 90ml - Default Title
55026966659409,ACTIVE,15.0,27.95,24.0,27.95,subir_a_base,ATOMY Homme Tone Up Moisturizer 33ml - NO. 1
55026966692177,ACTIVE,15.0,27.95,24.0,27.95,subir_a_base,ATOMY Homme Tone Up Moisturizer 33ml - NO. 2
55026967544145,ACTIVE,21.0,37.95,33.6,37.95,subir_a_base,Sulwhasoo MEN UV Defense Protector 50ml SPF50+ PA++++ - Default Title
55026968396113,ACTIVE,13.0,23.95,20.8,23.95,subir_a_base,TONYMOLY BIO EX Homme All In One Fluid 130ml - Default Title
55026969149777,ACTIVE,13.0,23.95,20.8,23.95,subir_a_base,innisfree Green Tea Skin For Men 150ml - Default Title
55026970100049,ACTIVE,13.0,23.95,20.8,23.95,subir_a_base,innisfree Green Tea Lotion For Men 150ml - Default Title
55026970886481,ACTIVE,15.0,27.95,24.0,27.95,subir_a_base,TONYMOLY Intense Care Homme Gold 24K Snail Emulsion 130ml - Default Title
55026971672913,ACTIVE,8.0,14.95,12.8,14.95,subir_a_base,TONYMOLY Energy 24 Men's All-In-One Fresh Essence 120ml - Default Title
55026973999441,ACTIVE,18.0,32.95,28.8,32.95,subir_a_base,d'Alba Waterfull Balancing Sun Cream 50ml SPF50+PA++++ - Default Title
55026975015249,ACTIVE,15.0,27.95,24.0,27.95,subir_a_base,d'Alba White Truffle Balancing Serum Skin 80ml - Default Title
55026975998289,ACTIVE,23.0,41.95,36.8,41.95,subir_a_base,d'Alba White Truffle Balancing Water Cream 50ml - Default Title
55026976424273,ACTIVE,11.0,19.95,17.6,19.95,subir_a_base,EUNYUL Homme All-in-One 150*2ea - Default Title
55026977014097,ACTIVE,10.0,18.95,16.0,18.95,subir_a_base,[THE WHOO] Gongjinhyang Kun Jayoung Foam Cleanser 180ml - Default Title
55026977767761,ACTIVE,22.0,39.95,35.2,39.95,subir_a_base,belif Manology 101 Deepclean Pore Cleansing Soap 160ml - Default Title
55026978586961,ACTIVE,12.0,21.95,19.2,21.95,subir_a_base,[NATURE REPUBLIC] Africa Bird Homme All In One Fresh Balancer 150ml - Default Title
55026979373393,ACTIVE,22.0,39.95,35.2,39.95,subir_a_base,[THE WHOO] Gongjinhyang Kun Nourishing Balancer for Men 140ml - Default Title
55026980192593,ACTIVE,20.0,36.95,32.0,36.95,subir_a_base,[THE WHOO] Gongjinhyang Kun Nourishing Emulsion for Men 100ml - Default Title
55026981667153,ACTIVE,8.0,14.95,12.8,14.95,subir_a_base,JUNGSAEMMOOL Men Lip-Newal Color Balm 3g (2-type) - Black Balm
55026981699921,ACTIVE,8.0,14.95,12.8,14.95,subir_a_base,JUNGSAEMMOOL Men Lip-Newal Color Balm 3g (2-type) - Blue Balm
55026982453585,DRAFT,9.0,11.16,14.4,14.4,sin_cambio,Dr.G For Men Tone Change Sun Lip Balm 3.6g - Default Title
55026983010641,ACTIVE,12.0,21.95,19.2,21.95,subir_a_base,Dr.G RED BLEMISH For Men All In One Tone Lotion 50ml - Default Title
55026983829841,ACTIVE,14.0,25.95,22.4,25.95,subir_a_base,Dr.G RED BLEMISH For Men Wrinkle All In One 150ml - Default Title
55026984583505,ACTIVE,14.0,25.95,22.4,25.95,subir_a_base,Dr.G RED BLEMISH For Men All In One Oil Cut Lotion 150ml - Default Title
55026985369937,ACTIVE,14.0,25.95,22.4,25.95,subir_a_base,Dr.G RED BLEMISH For Men Calming All In One 150ml - Default Title
55026986189137,ACTIVE,10.0,18.95,16.0,18.95,subir_a_base,Dr.G RED BLEMISH For Men Multi Soothing Toner 200ml - Default Title
55026987106641,ACTIVE,11.0,19.95,17.6,19.95,subir_a_base,[NATURE REPUBLIC] Man In Blue All In One Wash 350ml - Default Title
55026988286289,ACTIVE,25.0,45.95,40.0,45.95,subir_a_base,belif Manology Protective Ectoin Emulsion 125ml - Default Title
55026989039953,ACTIVE,8.0,14.95,12.8,14.95,subir_a_base,SKINFOOD Black Sugar Perfect Toner 2X For Men 180ml - Default Title
55026989826385,ACTIVE,12.0,21.95,19.2,21.95,subir_a_base,[NATURE REPUBLIC] Man In Blue All In One Moisturizer 150ml - Default Title
55026990612817,ACTIVE,19.0,34.95,30.4,34.95,subir_a_base,belif Manology Protective Ectoin Toner 150ml - Default Title
55026991235409,ACTIVE,28.0,50.95,44.8,50.95,subir_a_base,belif Manology Ultra Rescue On-The-Go Sun Stick SPF 50+ PA++++ 17g - Default Title
55026992218449,ACTIVE,21.0,37.95,33.6,37.95,subir_a_base,A'pieu Men's All Cover Calming Foundation 12g (2 Colors) - #01 Neutral
55026992251217,ACTIVE,21.0,37.95,33.6,37.95,subir_a_base,A'pieu Men's All Cover Calming Foundation 12g (2 Colors) - #02 Healthy
55026993004881,ACTIVE,31.0,55.95,49.6,55.95,subir_a_base,O HUI Meister For Men Moisturizing All‑In‑One Special Set (110ml+80ml) - Default Title
55026993758545,ACTIVE,25.0,45.95,40.0,45.95,subir_a_base,O HUI Meister for Men Fresh 3pcs Special Set - Default Title
55026994676049,ACTIVE,29.0,52.95,46.4,52.95,subir_a_base,O HUI The First Geniture For Men Refreshing Cream 50ml - Default Title
55026995560785,ACTIVE,14.0,25.95,22.4,25.95,subir_a_base,O HUI The First Geniture For Men Natural BB Cream 50ml - Default Title
55026996609361,ACTIVE,13.0,23.95,20.8,23.95,subir_a_base,O HUI The First Geniture For Men Daily Sunblock SPF50+ PA+++ 50ml - Default Title
55026997231953,ACTIVE,19.0,34.95,30.4,34.95,subir_a_base,O HUI The First Geniture For Men Moisturizer 110ml - Default Title
55026998051153,ACTIVE,14.0,25.95,22.4,25.95,subir_a_base,O HUI Meister For Men Hydra Lotion 110ml - Default Title
55026998804817,ACTIVE,14.0,25.95,22.4,25.95,subir_a_base,O HUI Meister For Men Fresh Skin 150ml - Default Title
55026999624017,ACTIVE,14.0,25.95,22.4,25.95,subir_a_base,O HUI Meister For Men Fresh Lotion 110ml - Default Title
55027000181073,ACTIVE,17.0,30.95,27.2,30.95,subir_a_base,O HUI The First Geniture For Men Skin Refresher 150ml - Default Title
55027001360721,ACTIVE,14.0,25.95,22.4,25.95,subir_a_base,O HUI Meister For Men Hydra Skin 150ml - Default Title
55027002114385,ACTIVE,13.0,23.95,20.8,23.95,subir_a_base,O HUI For Men Neofeel Moisturizing Emulsion 135ml - Default Title
55027002966353,DRAFT,9.0,11.16,14.4,14.4,sin_cambio,O HUI For Men Neofeel Hydrating Toner 135ml - Default Title
55027003588945,ACTIVE,13.0,23.95,20.8,23.95,subir_a_base,AHC Only For Man Pore Fresh All In One Essence 200ml - Default Title
55027004375377,ACTIVE,13.0,23.95,20.8,23.95,subir_a_base,AHC Only For Man All In One Essence 200ml - Default Title
55027005129041,ACTIVE,12.0,21.95,19.2,21.95,subir_a_base,TONYMOLY Regencia Homme Emulsion 150ml - Default Title
55027005718865,ACTIVE,22.0,39.95,35.2,39.95,subir_a_base,TONYMOLY Regencia Homme Skincare SET - Default Title
55027006931281,ACTIVE,7.0,12.95,11.2,12.95,subir_a_base,OBgE Cloud Deep Cleansing Foam 150ml - Default Title
55027007684945,ACTIVE,19.0,34.95,30.4,34.95,subir_a_base,OBgE All in One Double Essence 100ml - Default Title
55027008471377,ACTIVE,12.0,21.95,19.2,21.95,subir_a_base,TONYMOLY Regencia Homme Toner 150ml - Default Title
55027009421649,ACTIVE,6.0,10.95,9.6,10.95,subir_a_base,OBgE One Step Pore Cleansing Sheet 135g/32ea - Default Title
55027010109777,ACTIVE,8.0,14.95,12.8,14.95,subir_a_base,OBgE Gentle Finish Shaving Gel 80g - Default Title
55027010797905,ACTIVE,12.0,21.95,19.2,21.95,subir_a_base,Hanskin Perfect All In One Lotion 115ml - Default Title
55027011486033,ACTIVE,22.0,39.95,35.2,39.95,subir_a_base,belif Manology Collagen Extreme All In One 100ml - Default Title
55027012272465,ACTIVE,16.0,28.95,25.6,28.95,subir_a_base,DEWYTREE AC Deep Men's Calming Pore All-In-One 200ml - Default Title
55027012927825,ACTIVE,14.0,25.95,22.4,25.95,subir_a_base,GRAFEN Calming Green Skin 180ml - Default Title
55027013517649,ACTIVE,11.0,19.95,17.6,19.95,subir_a_base,GRAFEN Triple Lip Pro 4.3g [Color Lip] - Default Title
55027014271313,ACTIVE,10.0,18.95,16.0,18.95,subir_a_base,Mediflower Embossing Soft Cotton Puff Cotton Pads 600P - Default Title
55027014959441,ACTIVE,16.0,28.95,25.6,28.95,subir_a_base,FULLY PORE CLEANSING BRUSH - Default Title
55027015614801,ACTIVE,15.0,27.95,24.0,27.95,subir_a_base,SENNOK Bbiyaki Guasha - Default Title
55027016073553,ACTIVE,14.0,25.95,22.4,25.95,subir_a_base,AMUSE Wellness Face Cooler 2ea - Default Title
55027016565073,ACTIVE,15.0,27.95,24.0,27.95,subir_a_base,HEVEBLUE Natural White Clay Homecare Relaxing Gua Sha - Default Title
55027017253201,ACTIVE,7.0,12.95,11.2,12.95,subir_a_base,PAUL MEDISON Deep-Red Keratin Care Foot Cream 510ml - Default Title
55027017908561,ACTIVE,12.0,21.95,19.2,21.95,subir_a_base,Rokkiss Foot care AGABAL stick 20g x 2ea - Default Title
55027018629457,ACTIVE,12.0,21.95,19.2,21.95,subir_a_base,MEFACTORY PEELING DEAD FOOT PACK 3EA - Default Title
55027019383121,ACTIVE,5.0,9.95,8.0,9.95,subir_a_base,PAUL MEDISON Deep-red Foot Cream Green Tea 100ml - Default Title
55027020071249,ACTIVE,7.0,12.95,11.2,12.95,subir_a_base,PAUL MEDISON Deep-red Foot Shampoo 510ml - Default Title
55027020628305,ACTIVE,12.0,21.95,19.2,21.95,subir_a_base,innisfree Special Care Mask Foot 20ml X 6ea - Default Title
55027021414737,ACTIVE,8.0,14.95,12.8,14.95,subir_a_base,SUNGBOON EDITOR Shea Butter Baby Foot Stick 20g - Default Title
55027021939025,ACTIVE,13.0,23.95,20.8,23.95,subir_a_base,Kerasys Spa Foot Shampoo 400ml X 2ea - Default Title
55027022594385,DRAFT,9.0,11.16,14.4,14.4,sin_cambio,PETITFEE Dry Essence foot pack 8g X 10pair (20ea) - Default Title
55027023446353,ACTIVE,11.0,19.95,17.6,19.95,subir_a_base,MEDIHEAL Derma Layer Foot Mask 18ml X 5ea - Default Title
55027024134481,ACTIVE,11.0,19.95,17.6,19.95,subir_a_base,Dr.Jart+ Every Sun Day Tone-Up Sun Fluid 30ml (SPF50+ PA++++) - Default Title
55027025150289,ACTIVE,12.0,21.95,19.2,21.95,subir_a_base,CNP Tone-up Protection Sun 50ml - Default Title
55027026493777,ACTIVE,15.0,27.95,24.0,27.95,subir_a_base,[THANK YOU FARMER] Sun Project Light Sun Essence SPF50+ PA+++ 40ml - Default Title
55027027542353,ACTIVE,24.0,43.95,38.4,43.95,subir_a_base,[THANK YOU FARMER] Safe Sun Fluid Age 0880 100ml - Default Title
55027028525393,ACTIVE,25.0,45.95,40.0,45.95,subir_a_base,MISSHA Chogongjin Sulbon Jin Tone Up Sun Cream 50ml - Default Title
55027029147985,ACTIVE,23.0,41.95,36.8,41.95,subir_a_base,belif UV Protector Leports Waterproof (SPF50+/PA++++) 80ml - Default Title
55027030065489,ACTIVE,18.0,32.95,28.8,32.95,subir_a_base,[THANK YOU FARMER] Sun Project Shimmer Sun Essence SPF30 PA++ 40ml - Default Title
55027030851921,ACTIVE,17.0,30.95,27.2,30.95,subir_a_base,AYODELE Natural Aloe Vera Sun Cream 500ml - Default Title
55027031572817,ACTIVE,17.0,30.95,27.2,30.95,subir_a_base,EUNYUL Daily Care Fresh Sunscreen SPF46 PA+++ 300ml - Default Title
55027032195409,ACTIVE,15.0,27.95,24.0,27.95,subir_a_base,HERA SUN MATE LEPORTS PRO WATERPROOF SPF 50+ / PA++++ 70ml - Default Title
55027032949073,ACTIVE,14.0,25.95,22.4,25.95,subir_a_base,[THANK YOU FARMER] Sun Project Water Sun Cream SPF50+ PA+++ 50ml - Default Title
55027033669969,ACTIVE,14.0,25.95,22.4,25.95,subir_a_base,EUNYUL Daily Care Sun Stick Set 23g X 2ea - Default Title
55027034194257,ACTIVE,13.0,23.95,20.8,23.95,subir_a_base,Benton Mineral Sun Stick (SPF50+ PA++++) 15g - Default Title
55027035177297,ACTIVE,13.0,23.95,20.8,23.95,subir_a_base,BORNTREE Berry Essence Sun Block SPF50+ PA+++ 50ml + 50ml - Default Title
55027035767121,ACTIVE,12.0,21.95,19.2,21.95,subir_a_base,THE FACE SHOP Power Long Lasting Tone Up Sun Pink SPF 50+ PA++++ 50ml - Default Title
55027036389713,ACTIVE,12.0,21.95,19.2,21.95,subir_a_base,Dr.G Brightening Up Sun SPF50+ PA+++ 50ml - Default Title
55027037176145,ACTIVE,12.0,21.95,19.2,21.95,subir_a_base,Dr.G Green Mild Up Sun Plus SPF50+/PA++++ 50ml - Default Title
55027037929809,ACTIVE,12.0,21.95,19.2,21.95,subir_a_base,CNP Derma Shield Sun Stick 14g - Default Title
55027038880081,ACTIVE,11.0,19.95,17.6,19.95,subir_a_base,Dr.Belmeur UV Derma Mineral Sun Stick SPF 50+ PA+++ 20g - Default Title
55027039863121,ACTIVE,10.0,18.95,16.0,18.95,subir_a_base,Dr.Jart+ Every Sun Day Mild Sun 30ml - Default Title
55027153502545,ACTIVE,10.0,18.95,16.0,18.95,subir_a_base,espoir Water Splash Sun Cream 60ml SPF50+PA+++ - Default Title
55027154682193,ACTIVE,8.0,14.95,12.8,14.95,subir_a_base,MISSHA SAFE BLOCK RX COVER TONE UP SUN 50ml - Default Title
55027155632465,ACTIVE,8.0,14.95,12.8,14.95,subir_a_base,DASHU Daily Light Fit Sun Gel 50ml - Default Title
55027156549969,ACTIVE,8.0,14.95,12.8,14.95,subir_a_base,[KIM JEONG MOON Aloe] Cure Water Splash Cooling Sun Stick SPF50+ PA++++ 23g - Default Title
55027157631313,ACTIVE,7.0,12.95,11.2,12.95,subir_a_base,Dr.Jart+ Every Sun Day Moisturizing Sun 30ml - Default Title
55027158581585,ACTIVE,5.0,9.95,8.0,9.95,subir_a_base,A'pieu Pure Block Tone-Up Sun Base SPF50+/PA+++ 50ml - Default Title
55027159695697,ACTIVE,5.0,9.95,8.0,9.95,subir_a_base,A'pieu Pure Block Sun Cream Waterproof Sun Cream SPF50/PA+++ 50ml - Default Title
55027160613201,ACTIVE,5.0,9.95,8.0,9.95,subir_a_base,A'pieu Pure Block Aqua Sun Gel SPF50+/PA+++ 50ml - Default Title
55027161694545,ACTIVE,4.0,7.95,6.4,7.95,subir_a_base,MISSHA All Around Safe Block Essence Sun SPF45 PA+++ 50ml - Default Title
55027162644817,ACTIVE,11.0,19.95,17.6,19.95,subir_a_base,MISSHA Safe Block RX Brightening Tone Up SPF50+/PA++++ 50ml - Default Title
55027163365713,ACTIVE,12.0,21.95,19.2,21.95,subir_a_base,Re:NK INTENSE BRIGHTENING CELL ESSENCE SUN CREAM 50ml - Default Title
55027164119377,ACTIVE,15.0,27.95,24.0,27.95,subir_a_base,MISSHA Chogongjin Sulbon Sunscreen SPF50+ PA++++ 50ml - Default Title
55027165331793,ACTIVE,11.0,19.95,17.6,19.95,subir_a_base,MISSHA Safe Block RX Rosy Tone Up SPF50+/PA++++ 50ml - Default Title
55027166085457,ACTIVE,21.0,37.95,33.6,37.95,subir_a_base,HERA UV PROTECTOR ACTIVE SUN BALM SPF 50+/PA++++ 10g - Default Title
55027167002961,ACTIVE,25.0,45.95,40.0,45.95,subir_a_base,HERA UV PROTECTOR MULTI-DEFENSE FRESH SPF50+/PA++++ 50ml - Default Title
55027167887697,ACTIVE,24.0,43.95,38.4,43.95,subir_a_base,O HUI Day Shield Perfect Sun Black SPF50+ / PA++++ 50ml - Default Title
55027168903505,ACTIVE,16.0,28.95,25.6,28.95,subir_a_base,O HUI MIRACLE TONING daily sun SPF 50+ / PA++++ 50ml - Default Title
55027170148689,ACTIVE,23.0,41.95,36.8,41.95,subir_a_base,HERA UV PROTECTOR TONE-UP SPF50+ / PA++++ 50ml - Default Title
55027172409681,ACTIVE,25.0,45.95,40.0,45.95,subir_a_base,HERA UV PROTECTOR MULTI-DEFENSE SPF50+ / PA++++ 50ml - Default Title
55027174179153,ACTIVE,19.0,34.95,30.4,34.95,subir_a_base,O HUI ULTRA SUNBLOCK UV FORCE SPF50+ / PA++++ 50ml - Default Title
55027176636753,ACTIVE,15.0,27.95,24.0,27.95,subir_a_base,O HUI Day Shield Perfect Sun Red SPF50+ PA++++ 50ml - Default Title
55027177652561,ACTIVE,15.0,27.95,24.0,27.95,subir_a_base,O HUI Day Shield Perfect Sun Black SPF50+ PA++++ 50ml - Default Title
55027178570065,ACTIVE,10.0,18.95,16.0,18.95,subir_a_base,It'S SKIN Power 10 Formula LI Foundation-Free Sun Cream 45ml - Default Title
55027179716945,ACTIVE,7.0,12.95,11.2,12.95,subir_a_base,It'S SKIN Power 10 Formula VC Tone Up Sun Cream 45ml - Default Title
55027181027665,ACTIVE,15.0,27.95,24.0,27.95,subir_a_base,AESTURA Derma UV 365 Red Calming Tone-up Sunscreen 40ml - Default Title
55027181945169,ACTIVE,17.0,30.95,27.2,30.95,subir_a_base,AESTURA DERMA UV365 BARRIER HYDRO MINERAL SUNSCREEN 40ml - Default Title
55027182895441,ACTIVE,13.0,23.95,20.8,23.95,subir_a_base,Hanskin Hyaluron Relief Water Sun Cream 50ml SPF50+ PA++++ - Default Title
55027184337233,ACTIVE,14.0,25.95,22.4,25.95,subir_a_base,innisfree Hyaluron Moist Sunscreen 50ml SPF50+ PA++++ - Default Title
55027185516881,ACTIVE,11.0,19.95,17.6,19.95,subir_a_base,innisfree Tone Up No Sebum Sunscreen EX 50+ PA++++ 60ml - Default Title
55027186336081,ACTIVE,12.0,21.95,19.2,21.95,subir_a_base,innisfree UV Active Poreless Sunscreen 50ml SPF50+ PA++++ - Default Title
55027187319121,ACTIVE,7.0,12.95,11.2,12.95,subir_a_base,SKINFOOD Tomato Tone Up Sun Cream 50ml - Default Title
55027188531537,ACTIVE,10.0,18.95,16.0,18.95,subir_a_base,THE FACE SHOP The Therapy Vegan Sunscreen Stick SPF50+ PA++++ 18g - Default Title
55027189678417,ACTIVE,15.0,27.95,24.0,27.95,subir_a_base,ROVECTIN INTENSE MOISTURE SUN CREAM SPF50+ PA++++ 50ml - Default Title
55027190628689,ACTIVE,18.0,32.95,28.8,32.95,subir_a_base,ROVECTIN AQUA SOOTHING SUN CREAM SPF50+ PA++++ 50ml - Default Title
55027191120209,ACTIVE,13.0,23.95,20.8,23.95,subir_a_base,AHC Masters Calming Waterfull Sun Stick 22g (SPF50+/PA++++) - Default Title
55027191808337,ACTIVE,10.0,18.95,16.0,18.95,subir_a_base,AHC Masters Melaprotect Waterfull Sun Cream 40ml (SPF50+/PA++++) - Default Title
55027192889681,ACTIVE,26.0,46.95,41.6,46.95,subir_a_base,belif UV Protector Aqua Bomb Sun Serum AD 50ml (SPF50+/PA++++) - Default Title
55027193577809,ACTIVE,24.0,43.95,38.4,43.95,subir_a_base,IOPE UV shield Sun Ampoule SPF50+ PA+++ 40ml - Default Title
55027194102097,ACTIVE,21.0,37.95,33.6,37.95,subir_a_base,IOPE UV Shield Essential Tone-up Sun SPF 50+ PA++++ 50ml - Default Title
55027195052369,ACTIVE,20.0,36.95,32.0,36.95,subir_a_base,IOPE UV Shield Essential Sun Protector SPF 50+ PA++++ 50ml - Default Title
55027195838801,ACTIVE,18.0,32.95,28.8,32.95,subir_a_base,IOPE Men Compound Sunscreen SPF50+ PA++++ 50ml - Default Title
55027196854609,ACTIVE,7.0,12.95,11.2,12.95,subir_a_base,"rom&nd ZERO SUN CLEAN 50ml, SPF 50+, PA++++ - #01 Fresh"
55027196887377,ACTIVE,7.0,12.95,11.2,12.95,subir_a_base,"rom&nd ZERO SUN CLEAN 50ml, SPF 50+, PA++++ - #02 Tone-up"
55027197477201,ACTIVE,17.0,30.95,27.2,30.95,subir_a_base,IOPE UV Shield Sunstick SPF50+ PA++++ 20g - Default Title
55027197903185,ACTIVE,12.0,21.95,19.2,21.95,subir_a_base,"goodal Heartleaf Calming Cooling Sun Stick 19g / SPF50+,PA++++ - Default Title"
55027199803729,ACTIVE,11.0,19.95,17.6,19.95,subir_a_base,goodal Heartleaf Calming Moisture Sun Cream 50ml [SPF 50+ PA++++] - Default Title
55027200196945,ACTIVE,12.0,21.95,19.2,21.95,subir_a_base,goodal Heartleaf Calming Tone Up Sun Cream 50ml [SPF50+ PA++++] - Default Title
55027200688465,ACTIVE,12.0,21.95,19.2,21.95,subir_a_base,"ETUDE Soonjung Director's Moisture Sun Cream SPF50+ PA++++, 50ml - Default Title"
55027201835345,ACTIVE,14.0,25.95,22.4,25.95,subir_a_base,espoir Water Splash Sun Serum 50ml SPF50+ PA+++ - Default Title
55027202687313,ACTIVE,7.0,12.95,11.2,12.95,subir_a_base,ETUDE Sunprise Mild Watery Light SPF50+ PA++++ 50ml - Default Title
55027203604817,ACTIVE,11.0,19.95,17.6,19.95,subir_a_base,ETUDE Soonjung Director's Tone-up Cream SPF50+/PA++++ 40ml - Default Title
55027204227409,ACTIVE,11.0,19.95,17.6,19.95,subir_a_base,APLB Glutathione Niacinamide Sunscreen 40ml - Default Title
55027204850001,ACTIVE,15.0,27.95,24.0,27.95,subir_a_base,ILLIYOON Mild Easy-wash Sunscreen 150ml - Default Title
55027205341521,ACTIVE,22.0,39.95,35.2,39.95,subir_a_base,JUNGSAEMMOOL Masterclass Ampoule Sun 50ml (SPF50+ / PA++++) - Default Title
55027207110993,ACTIVE,15.0,27.95,24.0,27.95,subir_a_base,JUNGSAEMMOOL Sunsual Active Proof Sun 70ml SPF 50+ / PA++++ - Default Title
55027207471441,ACTIVE,19.0,34.95,30.4,34.95,subir_a_base,JUNGSAEMMOOL Sunsual Vita Capsule Sun 50ml SPF50+ / PA++++ - Default Title
55027208290641,ACTIVE,11.0,19.95,17.6,19.95,subir_a_base,"MEDIHEAL MEDIHEAL Moisture Tone-Up Sun Cream Vitamin C 50ml (SPF 50+, PA++++) - Default Title"
55027208716625,ACTIVE,13.0,23.95,20.8,23.95,subir_a_base,[THANK YOU FARMER] Sun Project Skin Relief Sun Cream SPF50+ PA++++ 50ml - Default Title
55027209339217,ACTIVE,15.0,27.95,24.0,27.95,subir_a_base,[THANK YOU FARMER] Sun Project Silky Calming Sun Stick SPF50+ PA++++ 14g - Default Title
55027209765201,ACTIVE,19.0,34.95,30.4,34.95,subir_a_base,primera Reparing Cera Capsule UV Protector Tone Up Priming 40ml - Default Title
55027210715473,ACTIVE,21.0,37.95,33.6,37.95,subir_a_base,primera Reparing Cera Capsule UV Protector 40ml - Default Title
55027211469137,ACTIVE,11.0,19.95,17.6,19.95,subir_a_base,"MEDIHEAL Moisture Calming Sun Cream Tea Tree 50ml (SPF 50+, PA++++) - Default Title"
55027211862353,ACTIVE,16.0,28.95,25.6,28.95,subir_a_base,MIGUHARA Natural Whitening Sun Guard Cream Origin SPF50+/PA++++ 50ml - Default Title
55027212910929,ACTIVE,14.0,25.95,22.4,25.95,subir_a_base,[so natural] Tone Up Sun Cream 50ml SPF50+ PA++++ - Default Title
55027213271377,ACTIVE,11.0,19.95,17.6,19.95,subir_a_base,AMPLE:N Solar Shot Peach Tone Up Suncream 40ml - Default Title
55027213926737,ACTIVE,20.0,36.95,32.0,36.95,subir_a_base,REJURAN Biome Healer Youth Formula Suncream 50ml - Default Title
55027214745937,ACTIVE,11.0,19.95,17.6,19.95,subir_a_base,AMPLE:N Solar Shot Zinc Mild Suncream 40ml SPF 50+ PA++++ - Default Title
55027215401297,ACTIVE,11.0,19.95,17.6,19.95,subir_a_base,AMPLE:N Solar Shot Water Suncream 40ml SPF 50+ PA++++ - Default Title
55027216482641,ACTIVE,19.0,34.95,30.4,34.95,subir_a_base,REJURAN Healer UV Proteciton Cream SPF50+ PA+++ 40ml - Default Title
55027217006929,ACTIVE,22.0,39.95,35.2,39.95,subir_a_base,REJURAN Healer UV Protection Balm SPF 50+ PA++++ 19g - Default Title
55027217858897,ACTIVE,25.0,45.95,40.0,45.95,subir_a_base,REJURAN SUNSCREEN 50ml SPF50+ PA+++ - Default Title
55027218579793,ACTIVE,10.0,18.95,16.0,18.95,subir_a_base,Shingmulnara Oxygen Water Face & Body Sun Cream SPF+ PA++++ 150ml - Default Title
55027219595601,ACTIVE,11.0,19.95,17.6,19.95,subir_a_base,Shingmulnara White Rice Bright Tone Up Moisture Sun Cream 100ml SPF50+ PA++++ - Default Title
55027220414801,ACTIVE,11.0,19.95,17.6,19.95,subir_a_base,Shingmulnara White Rice Bright Tone Up Cover Sun Cream 50ml - Default Title
55027220840785,ACTIVE,8.0,14.95,12.8,14.95,subir_a_base,Shingmulnara White Rice Bright Tone Sun Gel Lotion 60ml SPF50+ PA++++ - Default Title
55027221299537,DRAFT,9.0,11.16,14.4,14.4,sin_cambio,Shingmulnara Oxygen Water Face & Body Sun Stick SPF50+PA++++ 30g - Default Title
55027222184273,ACTIVE,14.0,25.95,22.4,25.95,subir_a_base,papa recipe Eggplant Clearing Sun Cream 50ml (SPF 50+ PA++++) - Default Title
55027222577489,ACTIVE,20.0,36.95,32.0,36.95,subir_a_base,papa recipe Mild Derma Waterfull Sun Lotion 50ml (SPF 50+ PA++++) - Default Title
55027223003473,ACTIVE,14.0,25.95,22.4,25.95,subir_a_base,The SAEM Snail Essential EX Wrinkle Solution Sun Cream 40ml - Default Title
55027223920977,ACTIVE,11.0,19.95,17.6,19.95,subir_a_base,CAREZONE Light Fit Velvet Sun Stick 39g - Default Title
55027225067857,ACTIVE,14.0,25.95,22.4,25.95,subir_a_base,make p:rem Glow Beige Tone Up Sun Cream 50ml - Default Title
55027225887057,ACTIVE,14.0,25.95,22.4,25.95,subir_a_base,make p:rem Soothing Pink Tone Up Sun Cream SPF 50+ PA++++ 50ml - Default Title
55027226509649,ACTIVE,13.0,23.95,20.8,23.95,subir_a_base,make p:rem UV Defense Me. Calming Sun Cream SPF 50+ PA++++ 50ml - Default Title
55027227066705,ACTIVE,13.0,23.95,20.8,23.95,subir_a_base,make p:rem UV Defense Me. No Sebum Sun Cream SPF50+ PA++++ 50ml - Default Title
55027228574033,ACTIVE,15.0,27.95,24.0,27.95,subir_a_base,make p:rem UV Defense Me. Daily Sun Fluid 150ml - Default Title
55027229458769,ACTIVE,14.0,25.95,22.4,25.95,subir_a_base,make p:rem UV Defense Me. Daily Sun Essence SPF 50+ PA++++ 50ml - Default Title
55027230605649,ACTIVE,12.0,21.95,19.2,21.95,subir_a_base,make p:rem UV Defense Me. Calming Sun Stick 20g - Default Title
55027231490385,ACTIVE,13.0,23.95,20.8,23.95,subir_a_base,make p:rem UV Defense Me. Watery Capsule Sun Cream 50ml - Default Title
55027232145745,ACTIVE,10.0,18.95,16.0,18.95,subir_a_base,make p:rem UV Defense Me. Watery Balm Sun Stick SPF50+ PA++++ 18g - Default Title
55027232997713,ACTIVE,11.0,19.95,17.6,19.95,subir_a_base,THE FACE SHOP Dewy Lasting Tone UP Sun Cream SPF50+ PA+++ 35ml - Default Title
55027233587537,ACTIVE,13.0,23.95,20.8,23.95,subir_a_base,DEWYTREE Urban Shade Blue Tone Up Sun 40g - Default Title
55027234046289,ACTIVE,12.0,21.95,19.2,21.95,subir_a_base,DEWYTREE Urban Shade Cool Calming Moist Sun 150ml - Default Title
55027234799953,ACTIVE,11.0,19.95,17.6,19.95,subir_a_base,DEWYTREE Urban Shade Derma Panthenol 5 Moist Barrier Sun SPF50+ PA++++ 40ml - Default Title
55027235520849,ACTIVE,10.0,18.95,16.0,18.95,subir_a_base,DEWYTREE Urban Shade Cover And Fit Sun SPF50+ PA++++ 40ml - Default Title
55027236045137,ACTIVE,11.0,19.95,17.6,19.95,subir_a_base,DEWYTREE Urban Shade Cover & Fit Sun Cushion SPF50+ PA++++ 14g - Default Title
55027236667729,ACTIVE,7.0,12.95,11.2,12.95,subir_a_base,DEWYTREE Urban Shade Cool Calming Sun Stick SPF50+ PA++++ 20g - Default Title
55027237192017,ACTIVE,11.0,19.95,17.6,19.95,subir_a_base,DEWYTREE Urban Shade Moisture Repair Sun SPF50+ PA++++ 50ml - Default Title
55027238207825,ACTIVE,13.0,23.95,20.8,23.95,subir_a_base,DEWYTREE Urban Shade Peach Like Tone Up Sun Stick SPF50+ PA++++ 13g - Default Title
55027238764881,ACTIVE,7.0,12.95,11.2,12.95,subir_a_base,PAUL MEDISON DEEP-RED SUN CREAM 60ml SPF50 PA+++ - Default Title
55027239354705,ACTIVE,12.0,21.95,19.2,21.95,subir_a_base,Isntree Onion Fresh Fluid Sun Cream 50ml SFP50 PA++++ - Default Title
55027239747921,ACTIVE,8.0,14.95,12.8,14.95,subir_a_base,Isntree Onion Fresh Light Sun Stick 22g SFP50 PA++++ - Default Title
55028046332241,ACTIVE,14.0,25.95,22.4,25.95,subir_a_base,TONYMOLY Mild Apricot Tone Up Sun Cream SPF50+ PA++++ 50ml - Default Title
55028046430545,ACTIVE,14.0,25.95,22.4,25.95,subir_a_base,TONYMOLY GIMIYA Whitening Tone Up Sun Cream 50ml SPF50+ PA+++ - Default Title
55028046496081,ACTIVE,16.0,28.95,25.6,28.95,subir_a_base,THE FACE SHOP POWER LONG-LASTING SUN CREAM SPF50+ PA+++ 80ml - Default Title
55028046561617,ACTIVE,10.0,18.95,16.0,18.95,subir_a_base,THE FACE SHOP POWER LONG-LASTING SUN CREAM SPF50+ PA+++ 50ml - Default Title
55028046627153,ACTIVE,14.0,25.95,22.4,25.95,subir_a_base,TONYMOLY Mild Blue Agave Soothing Sun Gel 50ml SPF50+ PA++++ - Default Title
55028046758225,ACTIVE,7.0,12.95,11.2,12.95,subir_a_base,TONYMOLY UV Master Perfecting Sun Block 50ml SPF50+ PA+++ - Default Title
55028046823761,ACTIVE,18.0,32.95,28.8,32.95,subir_a_base,TONYMOLY UV Master Kids & Mom Mild Sun Cream SPF50+ PA++++ 45ml - Default Title
55028046922065,ACTIVE,11.0,19.95,17.6,19.95,subir_a_base,goodal Heartleaf Calming Mineral Filter Sun Cream 50ml SPF50+ PA++++ - Default Title
55028047020369,ACTIVE,8.0,14.95,12.8,14.95,subir_a_base,innisfree Intensive Leisure Sun Stick 18g SPF50+ PA++++ - Default Title
55028047151441,ACTIVE,8.0,14.95,12.8,14.95,subir_a_base,Innisfree Tone up Watering Sunscreen SPF50+ PA++++ 60ml - Default Title
55028047249745,ACTIVE,17.0,30.95,27.2,30.95,subir_a_base,d'Alba Air Fit Fresh Sun Stick 19g - Default Title
55028047479121,ACTIVE,14.0,25.95,22.4,25.95,subir_a_base,[MARY & MAY] Vegan Niacinamide Panthenol Sun Cushion SPF50+ PA++++ 25g - Default Title
55028047577425,ACTIVE,10.0,18.95,16.0,18.95,subir_a_base,[MARY & MAY] Vegan CICA Soothing Sun Cream SPF50+ PA++++ 50ml - Default Title
55028047642961,ACTIVE,22.0,39.95,35.2,39.95,subir_a_base,d'Alba Waterfull Fresh Sun Cushion 15g SPF50+/PA++++ - Default Title
55028047708497,ACTIVE,16.0,28.95,25.6,28.95,subir_a_base,d'Alba Waterfull Essence Sun Cream SPF50+/PA++++ 50ml - Default Title
55028047839569,ACTIVE,20.0,36.95,32.0,36.95,subir_a_base,d'Alba Waterful Fresh Sun Cushion 25g - Default Title
55028047970641,ACTIVE,17.0,30.95,27.2,30.95,subir_a_base,d'Alba Waterfull Mild Sun Cream 50ml - Default Title
55028048036177,ACTIVE,23.0,41.95,36.8,41.95,subir_a_base,d'Alba Waterfull Tone-Up Sun Cushion 15g SPF50+/PA++++ - Default Title
55028048134481,ACTIVE,16.0,28.95,25.6,28.95,subir_a_base,"d'Alba Waterfull Tone-Up Sun Cream SPF 50+, PA++++ 50ml - Default Title"
55028048200017,ACTIVE,16.0,28.95,25.6,28.95,subir_a_base,d'Alba Waterfull Tone-Up Sun Cream (Purple) 50ml SPF50+ PA++++ - Default Title
55028048757073,ACTIVE,19.0,34.95,30.4,34.95,subir_a_base,heimish Artless Glow Tinted Sunscreen SPF50+ PA++++ 40ml - Default Title
55028048822609,ACTIVE,16.0,28.95,25.6,28.95,subir_a_base,d'Alba White Truffle Repair Sun Serum 35ml - Default Title
55028050198865,ACTIVE,14.0,25.95,22.4,25.95,subir_a_base,Elizavecca Milky Piggy Sun Great Block Stick SPF 50+ PA+++ 22g - Default Title
55028050526545,ACTIVE,14.0,25.95,22.4,25.95,subir_a_base,KAINE Green Fit Pro Sun 55ml - Default Title
55028051050833,ACTIVE,13.0,23.95,20.8,23.95,subir_a_base,[Pyunkang Yul] Moisture Soothing Sun Cream SPF50+ PA++++ 50ml - Default Title
55028051509585,ACTIVE,13.0,23.95,20.8,23.95,subir_a_base,[Pyunkang Yul] Calming Sun Cream SPF50+ PA++++ 50ml - Default Title
55028051640657,ACTIVE,13.0,23.95,20.8,23.95,subir_a_base,[Pyunkang Yul] Airy Protection Sun Stick SPF50+ PA++++ 17g - Default Title
55028052361553,ACTIVE,12.0,21.95,19.2,21.95,subir_a_base,Eunyul Lab Moisture Sun Cream SPF50+ PA++++ 50ml - Default Title
55028052427089,ACTIVE,8.0,14.95,12.8,14.95,subir_a_base,EUNYUL Lab Relief Sun Cream SPF50+ PA++++ 50ml - Default Title
55028052525393,DRAFT,9.0,11.16,14.4,14.4,sin_cambio,EUNYUL Night View Bosong Sun Stick 15g+15g (SPF50+ PA++++) - Default Title
55028052656465,ACTIVE,20.0,36.95,32.0,36.95,subir_a_base,"belif Super Drops Multi Vitamin Sunquid 50ml (SPF 50+, PA++++) - Default Title"
55028052722001,ACTIVE,7.0,12.95,11.2,12.95,subir_a_base,[MACQUEEN New York] UV Daily Sun Cream Travel Kit SPF50+ PA+++ (Base 30ml+Matt 30ml) - Default Title
55028052787537,ACTIVE,14.0,25.95,22.4,25.95,subir_a_base,[I'm Sorry For My Skin] Lacto Aqua Sun Cream SPF50+ PA++++ 50ml - Default Title
55028052885841,ACTIVE,8.0,14.95,12.8,14.95,subir_a_base,MEDIPEEL Active Silky Sun Cream SPF50+ PA+++ 50ml - Default Title
55028052984145,ACTIVE,13.0,23.95,20.8,23.95,subir_a_base,Isntree Hyaluronic Acid Natural Suncream SPF50+PA++++ 50ml - Default Title
55028053082449,ACTIVE,21.0,37.95,33.6,37.95,subir_a_base,Dr.Ceuracle 5α Control No Sebum Sun Lotion SPF50+ PA++++ 50ml - Default Title
55028053213521,ACTIVE,22.0,39.95,35.2,39.95,subir_a_base,Dr.Ceuracle Cica Regen Vegan Sun SPF50+ PA++++ 50ml - Default Title
55028053311825,ACTIVE,28.0,50.95,44.8,50.95,subir_a_base,Dr.Ceuracle Cica Regen Waterproof Sun SPF50+ PA++++ 100ml - Default Title
55028053377361,ACTIVE,17.0,30.95,27.2,30.95,subir_a_base,Dr.Ceuracle Hyal Reyouth Moist Sun SPF50+ PA++++ 50ml - Default Title
55028053606737,ACTIVE,10.0,18.95,16.0,18.95,subir_a_base,[THE LAB by BLANC DOUX] Green Flavonoid 2.0 Sun SPF50+ PA++++ 40ml - Default Title
55028053737809,ACTIVE,13.0,23.95,20.8,23.95,subir_a_base,Dinto [Wooncho Collection] Last Sun Care SPF 50+PA++++ 50ml - S561 Clear
55028053770577,ACTIVE,13.0,23.95,20.8,23.95,subir_a_base,Dinto [Wooncho Collection] Last Sun Care SPF 50+PA++++ 50ml - S562 Toneup
55028053868881,ACTIVE,17.0,30.95,27.2,30.95,subir_a_base,AROMATICA Vitalizing Rosemary Moist Barrier Mineral Sunscreen SPF50+ PA++++ 50ml - Default Title
55028053934417,ACTIVE,12.0,21.95,19.2,21.95,subir_a_base,KAHI Airy fit Sun Stick SPF 50+ PA++++ 14g - Default Title
55028053999953,ACTIVE,18.0,32.95,28.8,32.95,subir_a_base,KAHI Aqua Shield Sun Lotion SPF50+PA++++ 50ml - Default Title
55028054065489,ACTIVE,27.0,48.95,43.2,48.95,subir_a_base,YUNJAC Babyhood Mineral Based Sun Protection SPF43 PA+++ 50ml - Default Title
55028054131025,ACTIVE,8.0,14.95,12.8,14.95,subir_a_base,[Real Barrier] Aqua Soothing Sun Lotion SPF50+PA++++ 1+1 (50ml+50ml) - Default Title
55028054720849,ACTIVE,12.0,21.95,19.2,21.95,subir_a_base,[Real Barrier] Aqua Soothing Sun Lotion SPF50+ PA++++ 50ml - Default Title
55028054851921,ACTIVE,12.0,21.95,19.2,21.95,subir_a_base,[Real Barrier] Auqa Soothing Sun Stick SPF50+ PA++++ 21g - Default Title
55028054917457,ACTIVE,11.0,19.95,17.6,19.95,subir_a_base,[Real Barrier] Cera Moisture Barrier Sun Cream SPF 50+ PA++++ 50ml - Default Title
55028054982993,ACTIVE,14.0,25.95,22.4,25.95,subir_a_base,[Real Barrier] Cica Green Tone Up Sun Cream SPF 50+ PA++++ 50ml - Default Title
55028055048529,ACTIVE,14.0,25.95,22.4,25.95,subir_a_base,[Real Barrier] Peach Fit Tone-Up Sun Cream SPF 50+ PA++++50ml - Default Title
55028055114065,ACTIVE,12.0,21.95,19.2,21.95,subir_a_base,AHC Masters Aqua Rich Sun Cream (SPF50+/PA++++) 30ml+30ml Double Set - Default Title
55028055212369,ACTIVE,11.0,19.95,17.6,19.95,subir_a_base,AHC Masters Aqua Rich Sun Cream 50ml (SPF50+/PA++++) - Default Title
55028055310673,ACTIVE,16.0,28.95,25.6,28.95,subir_a_base,[THE WHOO] Gongjinhyang Sunquid UV Protective Cream SPF50+ PA++++ 50ml - Default Title
55028055376209,ACTIVE,13.0,23.95,20.8,23.95,subir_a_base,JUNGSAEMMOOL Blue Chamomile Hyaluronic Acid Airy Stick SPF50+ PA++++ 15g - Default Title
55028055507281,ACTIVE,13.0,23.95,20.8,23.95,subir_a_base,NEOGEN White Truffle Treatment Sun Screen 50g - Default Title
55028055572817,ACTIVE,13.0,23.95,20.8,23.95,subir_a_base,NEOGEN Surmedic Azulene Mild 5.5 UV Protect Sun 50ml - Default Title
55028055671121,ACTIVE,13.0,23.95,20.8,23.95,subir_a_base,NEOGEN Dermalogy Double Vita Watery Sun Serum 50ml - Default Title
55028055736657,ACTIVE,13.0,23.95,20.8,23.95,subir_a_base,JUNGSAEMMOOL Blue Chamomile Hyaluronic Acid Aqua Sun Cream SPF 50+ PA++++ 50ml - Default Title
55028055802193,ACTIVE,5.0,9.95,8.0,9.95,subir_a_base,MISSHA All Around Safe Block Cotton Sun SPF50+ PA++++ 50ml - Default Title
55028055900497,ACTIVE,11.0,19.95,17.6,19.95,subir_a_base,[MANYO FACTORY] Hyaluron Hydrating Sunscreen SPF50+ PA++++ 50ml - Default Title
55028055966033,ACTIVE,20.0,36.95,32.0,36.95,subir_a_base,d'Alba Clean Tea Tree Liposome Tone-Up Sun Cream (Green) SPF50+ PA++++ 50ml - Default Title
55028056064337,ACTIVE,20.0,36.95,32.0,36.95,subir_a_base,d'Alba Vita Anti-Aging Sun Cream SPF50+ PA++++ 50ml - Default Title
55028058489169,ACTIVE,16.0,28.95,25.6,28.95,subir_a_base,belif UV Protector Multi Sunscreen+ SPF50+ PA++++ 50ml - Default Title
55028058947921,ACTIVE,25.0,45.95,40.0,45.95,subir_a_base,REJURAN Water Capsule Sun Serum SPF50+ PA+++ 40ml - Default Title
55028059177297,ACTIVE,10.0,18.95,16.0,18.95,subir_a_base,SKINFOOD Berry Soothing Sun Cream SPF50+ PA++++ 50ml - Default Title
55028059504977,ACTIVE,10.0,18.95,16.0,18.95,subir_a_base,SKINFOOD Berry Moisturizing Sun Cream SPF50+ PA++++ 50ml - Default Title
55028060062033,ACTIVE,13.0,23.95,20.8,23.95,subir_a_base,Dr.G Vita Clear Waterproof Sun Stick SPF50+ PA++++ 21g - Default Title
55028060127569,ACTIVE,14.0,25.95,22.4,25.95,subir_a_base,Dr.G MEDI UV Ultra Up Sun Cushion 15g - Default Title
55028060193105,ACTIVE,13.0,23.95,20.8,23.95,subir_a_base,Dr.G PORE BLUR UP SUN SPF50+ PA++++ 50ml - Default Title
55028060258641,ACTIVE,11.0,19.95,17.6,19.95,subir_a_base,Dr.G BLACK SNAIL GLUTATHIONE TONE UP SUN SPF50+ PA++++ 50ml - Default Title
55028060324177,ACTIVE,13.0,23.95,20.8,23.95,subir_a_base,Dr.G RED BLEMISH Soothing Up Sun Stick SPF50+ PA++++ 21g - Default Title
55028060422481,ACTIVE,13.0,23.95,20.8,23.95,subir_a_base,Dr.G Brightening Up Moisture Sun SPF50+ PA++++ 50ml - Default Title
55028060520785,ACTIVE,10.0,18.95,16.0,18.95,subir_a_base,Dr.G RED BLEMISH Soothing Up Sun 50ml - Default Title
55028060619089,DRAFT,9.0,11.16,14.4,14.4,sin_cambio,Dr.G MEDI UV MILD SUN SPF 50+ PA++++ 50ml - Default Title
55028060717393,ACTIVE,12.0,21.95,19.2,21.95,subir_a_base,TONYMOLY Mild Blue Agave Soothing Sun Stick SPF 50+ PA++++ 15g - Default Title
55028061012305,ACTIVE,19.0,34.95,30.4,34.95,subir_a_base,TONYMOLY Gimiya Spot Toning Sun Ampoule SPF50+ PA++++ 30ml - Default Title
55028061077841,ACTIVE,11.0,19.95,17.6,19.95,subir_a_base,TONYMOLY UV Master Aqua Cooling Sun Cream SPF50+ PA++++ 150ml - Default Title
55028061339985,ACTIVE,13.0,23.95,20.8,23.95,subir_a_base,SUNGBOON EDITOR Pink Blossom Brightening Tone Up Sun Cream SPF 50+ PA+++ 50ml - Default Title
55028061798737,ACTIVE,11.0,19.95,17.6,19.95,subir_a_base,SUNGBOON EDITOR Active Marine Astaxanthin Tone Up Sun Cream SPF50+ PA++++ 50g - Default Title
55028061929809,ACTIVE,14.0,25.95,22.4,25.95,subir_a_base,SUNGBOON EDITOR Green Tomato Pore Blurring Sun Cream SPF50+PA++++ 50g - Default Title
55028062060881,ACTIVE,17.0,30.95,27.2,30.95,subir_a_base,[Cell Fusion C] Laser UV Pore Sun Serum SPF50+ PA++++ 40ml - Default Title
55028062126417,ACTIVE,10.0,18.95,16.0,18.95,subir_a_base,[Cell Fusion C] Cooling Sun Patch 4.5g X 4ea - Default Title
55028063338833,ACTIVE,13.0,23.95,20.8,23.95,subir_a_base,[Cell Fusion C] Aquatica Cooling Sunscreen SPF50+ PA++++ 50ml - Default Title
55028063502673,ACTIVE,13.0,23.95,20.8,23.95,subir_a_base,[Cell Fusion C] Dark Spot Toning Sunscreen SPF50+ PA++++ 50ml - Default Title
55028063600977,ACTIVE,6.0,10.95,9.6,10.95,subir_a_base,MISSHA All-Around Safe Block Aqua Sun SPF50+ PA++++ 50ml - Default Title
55028064256337,ACTIVE,5.0,9.95,8.0,9.95,subir_a_base,MISSHA All-Around Safe Block Zero Vegan Sun SPF50+ PA++++ 50ml - Default Title
55028064354641,ACTIVE,16.0,28.95,25.6,28.95,subir_a_base,AESTURA DERMA UV 365 VITA-C RADIANCE SUNSCREEN SPF50+ PA++++ 40ml - Default Title
55028064420177,ACTIVE,18.0,32.95,28.8,32.95,subir_a_base,A'pieu Waterlock Tone Up Sun Cushion Lavender SPF50+ PA++++ 15g - Default Title
55028064518481,ACTIVE,24.0,43.95,38.4,43.95,subir_a_base,9wishes VB Tone-Up Sun Cream Signature SPF50+ PA++++ 50ml - Default Title
55028064616785,ACTIVE,11.0,19.95,17.6,19.95,subir_a_base,A'pieu Pure Block Tone-Up Sun Cushion SPF50+ PA++++ 11g - Default Title
55028064747857,ACTIVE,14.0,25.95,22.4,25.95,subir_a_base,9wishes Dermatic Cica Sunscreen 50ml - Default Title
55028064813393,ACTIVE,16.0,28.95,25.6,28.95,subir_a_base,O HUI DAY SHIELD NIACINAMIDE 5% Tone Up Sun SPF50+ PA++++ 50ml - Default Title
55028064878929,ACTIVE,8.0,14.95,12.8,14.95,subir_a_base,O HUI Day Shield Sunquid SPF50+ PA++++ 50ml - Default Title
55028065141073,ACTIVE,14.0,25.95,22.4,25.95,subir_a_base,O HUI Day Shield Aqua Sun Stick To Go SPF50+ PA++++ 14g - Default Title
55028065272145,ACTIVE,17.0,30.95,27.2,30.95,subir_a_base,Dr.Belmeur Family Easy Wash Sun Cream 190ml - Default Title
55028065337681,ACTIVE,7.0,12.95,11.2,12.95,subir_a_base,Dr.Belmeur UV Derma Tone Up Sun Cream SPF50+ PA++++ 50ml - Default Title
55028065435985,ACTIVE,7.0,12.95,11.2,12.95,subir_a_base,Dr.Belmeur UV Derma Cica Moisture Sun Cream SPF50+ PA++++ 50ml - Default Title
55028065534289,ACTIVE,20.0,36.95,32.0,36.95,subir_a_base,O HUI The First Geniture Vitamin UV Defense SPF50+ PA++++ 50ml - Default Title
55028065599825,ACTIVE,8.0,14.95,12.8,14.95,subir_a_base,CENTELLIAN24 Madeca Derma Shield Safe Sun Stick SPF50+ PA++++ 18g - Default Title
55028066648401,ACTIVE,11.0,19.95,17.6,19.95,subir_a_base,[NATURE REPUBLIC] UV CUT BAOBAB Foundation Free Sun Cream SPF50+ PA++++ 40ml+40ml - Default Title
55028066713937,ACTIVE,11.0,19.95,17.6,19.95,subir_a_base,[NATURE REPUBLIC] UV CUT BAOBAB Tone Up Sun Cream SPF50+ PA++++ 40ml+40ml - Default Title
55028066812241,ACTIVE,11.0,19.95,17.6,19.95,subir_a_base,[NATURE REPUBLIC] UV CUT BAOBAB Moisturizing Sun Cream SPF50+ PA++++ 40ml+40ml - Default Title
55028066877777,ACTIVE,11.0,19.95,17.6,19.95,subir_a_base,AHC Safe On Cica Calming Sun Cushion EX SPF50+ PA++++ 25g - Default Title
55028068122961,ACTIVE,8.0,14.95,12.8,14.95,subir_a_base,AHC Masters Air Rich Sun Stick SPF50+ PA++++ 10g - Default Title
55028068188497,ACTIVE,21.0,37.95,33.6,37.95,subir_a_base,[NATURE REPUBLIC] California Aloe Aqua Jumbo Sunscreen SPF50+ PA++++ 250ml - Default Title
55028068286801,ACTIVE,17.0,30.95,27.2,30.95,subir_a_base,[NATURE REPUBLIC] California Aloe Cooling Watery Sun Stick SPF50+ PA++++ 24g - Default Title
55028068385105,ACTIVE,12.0,21.95,19.2,21.95,subir_a_base,AHC Safe On Essence Sun Cream SPF50+ PA++++ 50ml - Default Title
55028068450641,ACTIVE,12.0,21.95,19.2,21.95,subir_a_base,AHC Safe On Mild Sun Cushion SPF50+ PA++++25g - Default Title
55028068614481,DRAFT,9.0,11.16,14.4,14.4,sin_cambio,AHC Safe On Tone Up Sun Cream SPF50+ PA++++ 50ml - Default Title
55028069106001,ACTIVE,13.0,23.95,20.8,23.95,subir_a_base,WELLAGE Real Hyaluronic Blue Sun Cream SPF50+ PA++++ 50ml - Default Title
55028069171537,ACTIVE,13.0,23.95,20.8,23.95,subir_a_base,WELLAGE Real Hyaluronic Tone-up Sun Cream SPF50+ PA++++ 50ml - Default Title
55028069433681,ACTIVE,15.0,27.95,24.0,27.95,subir_a_base,ROVECTIN Calming Lotus Sun Cream SPF50 PA++++ 50ml - Default Title
55028069499217,ACTIVE,12.0,21.95,19.2,21.95,subir_a_base,[so natural] ALL DAY SUN FIXX TONE UP PINK SPF50+ PA++++ 50ml - Default Title
55028069564753,ACTIVE,14.0,25.95,22.4,25.95,subir_a_base,[so natural] ALL DAY SUN FIXX SKIN FIT BEIGE SPF50+ PA++++ 50ml - Default Title
55028069695825,ACTIVE,17.0,30.95,27.2,30.95,subir_a_base,ROVECTIN Vita Tone Up Sun Cream SPF50+ PA++++ 50ml - Default Title
55028069957969,ACTIVE,21.0,37.95,33.6,37.95,subir_a_base,Genabelle Mild Teca UV Defense Sunscreen SPF+ PA++++ 40ml - Default Title
55028070023505,ACTIVE,15.0,27.95,24.0,27.95,subir_a_base,Genabelle PDRN Dewy Tone-Up Sunscreen SPF50+ PA++++ 40ml - Default Title
55028070089041,ACTIVE,8.0,14.95,12.8,14.95,subir_a_base,Shingmulnara Multi Sun Powder SPF+ PA++++ 4g - Default Title
55028070154577,ACTIVE,13.0,23.95,20.8,23.95,subir_a_base,Shingmulnara Jeju Aloe Cooling Sun Stick SPF50+ PA++++ 19g+19g(Refill) - Default Title
55028070252881,ACTIVE,11.0,19.95,17.6,19.95,subir_a_base,Shingmulnara White Rice Bright Tone Up Sun Cushion SPF50+ PA++++ 15g+15g(Refill) (4colors) - 01 White
55028070285649,ACTIVE,11.0,19.95,17.6,19.95,subir_a_base,Shingmulnara White Rice Bright Tone Up Sun Cushion SPF50+ PA++++ 15g+15g(Refill) (4colors) - 02 Peach
55028070318417,ACTIVE,11.0,19.95,17.6,19.95,subir_a_base,Shingmulnara White Rice Bright Tone Up Sun Cushion SPF50+ PA++++ 15g+15g(Refill) (4colors) - 03 Purple
55028070351185,ACTIVE,11.0,19.95,17.6,19.95,subir_a_base,Shingmulnara White Rice Bright Tone Up Sun Cushion SPF50+ PA++++ 15g+15g(Refill) (4colors) - 04 Green
55028070482257,ACTIVE,17.0,30.95,27.2,30.95,subir_a_base,Shingmulnara Soft Face & Body Sun Stick SPF50+ PA++++ 30g+30g - Default Title
55028072022353,ACTIVE,12.0,21.95,19.2,21.95,subir_a_base,ongredients Daily Fresh Sun Stick SPF50+ PA++++ 15g - Default Title
55028072120657,ACTIVE,13.0,23.95,20.8,23.95,subir_a_base,Shingmulnara Light Watery Sun Gel SPF50+ PA++++ 60ml+60ml - Default Title
55028072186193,ACTIVE,8.0,14.95,12.8,14.95,subir_a_base,Shingmulnara White Rice Green Tone Up Moisture Sun Cream SPF50+ PA++++ 100ml - Default Title
55028072284497,ACTIVE,8.0,14.95,12.8,14.95,subir_a_base,Shingmulnara White Rice Purple Tone Up Moisture Sun Cream SPF50+ PA++++ 100ml - Default Title
55028072415569,ACTIVE,16.0,28.95,25.6,28.95,subir_a_base,ongredients Blue Tone Up Sun Lotion SPF50+ PA++++ 50ml - Default Title
55028072513873,ACTIVE,17.0,30.95,27.2,30.95,subir_a_base,ongredients Skin Barrier Moisture Sun Cream SPF50+ PA++++ 50ml - Default Title
55028072644945,ACTIVE,24.0,43.95,38.4,43.95,subir_a_base,HEVEBLUE Makeup Pro Ecto Namu Tone Up Sun Base SPF50+ PA++++ 60ml - Default Title
55028072776017,ACTIVE,20.0,36.95,32.0,36.95,subir_a_base,HEVEBLUE Black Yuja Bean Water Sun 50ml - Default Title
55028073005393,ACTIVE,15.0,27.95,24.0,27.95,subir_a_base,tfit Skin Fit Sun Fluid SPF50+ PA++++ 50ml - Default Title
55028073070929,ACTIVE,21.0,37.95,33.6,37.95,subir_a_base,molvany Triple Defense Daily Sun Cream SPF50+ PA++++ 50ml - Default Title
55028073267537,ACTIVE,20.0,36.95,32.0,36.95,subir_a_base,HEVEBLUE Phyton Squa Hyal Blue Tone Up Sun Cushion SPF30 PA++ 15g - Default Title
55028073333073,ACTIVE,18.0,32.95,28.8,32.95,subir_a_base,HEVEBLUE Salmon Caring Centella Toner 200ml - Default Title
55028073464145,ACTIVE,11.0,19.95,17.6,19.95,subir_a_base,tfit Tone Up Sun Fluid SPF50+ PA++++ 50ml - Default Title
55028073562449,ACTIVE,24.0,43.95,38.4,43.95,subir_a_base,bravity Calming STEMCELL Sunscreen SPF50+ PA++++ 40ml - Default Title
55028073824593,ACTIVE,12.0,21.95,19.2,21.95,subir_a_base,nutseline Cica Nut Waterfull Calming Sun Stick SPF50+ PA++++ 20g - Default Title
55028073890129,ACTIVE,18.0,32.95,28.8,32.95,subir_a_base,MENOKIN 30 Seconds Glow & Clear Gel Sunscreen SPF50+ PA++++ 50ml #BRIGHT - Default Title
55028073988433,ACTIVE,8.0,14.95,12.8,14.95,subir_a_base,MEDIHEAL Vitamin C UV Cut Outdoor Sun Patch [Triple Protection] 4P - Default Title
55028074053969,ACTIVE,12.0,21.95,19.2,21.95,subir_a_base,MEDIHEAL Madecassoside Moisture Sun Serum SPF50+ PA++++ 50ml - Default Title
55028074250577,ACTIVE,17.0,30.95,27.2,30.95,subir_a_base,nutseline Cica Nut Hyal Sun Serum SPF50+ PA++++ 50ml - Default Title
55028074316113,ACTIVE,18.0,32.95,28.8,32.95,subir_a_base,MENOKIN 30 Seconds Glow & Clear Gel Sunscreen SPF50+ PA++++ 50ml #MOIST - Default Title
55028075299153,ACTIVE,11.0,19.95,17.6,19.95,subir_a_base,Hanskin Pore Blur No Sebum Sun Cream SPF50+ PA++++ 50ml - Default Title
55028075397457,ACTIVE,15.0,27.95,24.0,27.95,subir_a_base,BUSHMAN Waterproof Surfing Sun Stick SPF50+ PA++++ 20g - Default Title
55028075626833,ACTIVE,12.0,21.95,19.2,21.95,subir_a_base,Cos De BAHA MS Hydrating Mineral Sunscreen SPF50+PA++++ 45ml - Default Title
55028075725137,ACTIVE,12.0,21.95,19.2,21.95,subir_a_base,innisfree Vita C Tone Up Sunscreen SPF50+ PA++++ 50ml - Default Title
55028075823441,ACTIVE,23.0,41.95,36.8,41.95,subir_a_base,ZEROID Daily Sun Cream SPF50+ PA++++ 50ml - Default Title
55028075954513,ACTIVE,17.0,30.95,27.2,30.95,subir_a_base,fromrier EGF Cica Water Sun Ampoule SPF50+ PA++++ 56ml - Default Title
55028076118353,ACTIVE,12.0,21.95,19.2,21.95,subir_a_base,starlike Foundation Free Tone Up Sun Cream SPF50+ PA++++ 50ml - Default Title
55028076446033,ACTIVE,5.0,9.95,8.0,9.95,subir_a_base,SCINIC Enjoy Super Mild Sun Essence SPF50+ PA++++ 50ml - Default Title
55028076544337,ACTIVE,25.0,45.95,40.0,45.95,subir_a_base,HERA UV Protector Tone-Up SPF50+ PA++++ 50ml #Lavender - Default Title
55028076609873,ACTIVE,23.0,41.95,36.8,41.95,subir_a_base,HERA UV Protector Tone-Up SPF50+ PA++++ 50ml #Peach - Default Title
55028076675409,ACTIVE,22.0,39.95,35.2,39.95,subir_a_base,HERA UV Protector Extreme-Force SPF50+ PA++++ 70ml - Default Title
55028077166929,ACTIVE,13.0,23.95,20.8,23.95,subir_a_base,Dr.Melaxin Hydro Ceramic Tone Up Essence Sunscreen SPF50+ PA++++ 50ml - Default Title
55028077265233,ACTIVE,12.0,21.95,19.2,21.95,subir_a_base,THE FACE SHOP Power Long Lasting Silky-fit Collagen Sun Cream SPF50+ PA++++ 50ml - Default Title
55028077396305,ACTIVE,14.0,25.95,22.4,25.95,subir_a_base,DERMALINE Professional Multi Action Sunblock SPF50+ PA+++ 50ml - Default Title
55028077494609,ACTIVE,27.0,48.95,43.2,48.95,subir_a_base,TROIAREUKE Seoul Ectoin Tone-Up Sun Serum SPF50+ PA++++ 50ml - Default Title
55028077658449,ACTIVE,12.0,21.95,19.2,21.95,subir_a_base,[Pyunkang Yul] Airy Protection Sun Cushion SFP50+ PA++++ 15g - Default Title
55028077756753,ACTIVE,11.0,19.95,17.6,19.95,subir_a_base,innisfree Daily UV Tone Up No Sebum Sun Cream SPF50+ PA++++ 50ml (3colors) - Pink
55028077789521,ACTIVE,11.0,19.95,17.6,19.95,subir_a_base,innisfree Daily UV Tone Up No Sebum Sun Cream SPF50+ PA++++ 50ml (3colors) - Lavender
55028077822289,ACTIVE,11.0,19.95,17.6,19.95,subir_a_base,innisfree Daily UV Tone Up No Sebum Sun Cream SPF50+ PA++++ 50ml (3colors) - Beige
55028078412113,ACTIVE,10.0,18.95,16.0,18.95,subir_a_base,DEWYTREE Urban Shade Anti-Pollution Tone Up Sun 40ml - Default Title
55028078477649,ACTIVE,11.0,19.95,17.6,19.95,subir_a_base,DEWYTREE Urban Shade Cool Calming Moist Sun SPF50+ PA++++ 150ml - Default Title
55028078575953,ACTIVE,10.0,18.95,16.0,18.95,subir_a_base,Paul Madison Signature Body Wash White Musk fragrance 1077mL - Default Title
55028078674257,ACTIVE,15.0,27.95,24.0,27.95,subir_a_base,Paul Madison Signature Body Wash White Musk fragrance 1077mL 2pc - Default Title
55028078772561,ACTIVE,15.0,27.95,24.0,27.95,subir_a_base,"PAUL MEDISON Signature Large Capacity Perfume Body Lotion White Musk 1,077ml X 2ea - Default Title"
55028078838097,ACTIVE,11.0,19.95,17.6,19.95,subir_a_base,BIOKLASSE MILK BAOBAB Body Wash White Musk 1000ml - Default Title
55028079001937,ACTIVE,17.0,30.95,27.2,30.95,subir_a_base,AROMATICA Serene Body Wash Lavender & Marjoram 300ml - Default Title
55028079362385,ACTIVE,14.0,25.95,22.4,25.95,subir_a_base,BODYBURDEN PROJECT Body Cleanser Rosewood 500ml - Default Title
55028079755601,ACTIVE,30.0,54.95,48.0,54.95,subir_a_base,Huxley Body Oil ; Moroccan Gardener 100ml - Default Title
55028079821137,DRAFT,9.0,11.16,14.4,14.4,sin_cambio,MISSHA DARE BODY WASH FLOWER MARKET 500ml - Default Title
55028079919441,ACTIVE,22.0,39.95,35.2,39.95,subir_a_base,isoi CICAGO Cica Vegan Family Lotion 350ml - Default Title
55028080017745,ACTIVE,15.0,27.95,24.0,27.95,subir_a_base,Isfren Intensive Moisture Calming Solution Body Cream 450ml - Default Title
55028080083281,ACTIVE,7.0,12.95,11.2,12.95,subir_a_base,THE FACE SHOP Perfume Seed Velvet Body Milk 300ml - Default Title
55028080148817,ACTIVE,7.0,12.95,11.2,12.95,subir_a_base,The Face Shop Perfume Seed Rich Body Milk 300ml - Default Title
55028080542033,ACTIVE,14.0,25.95,22.4,25.95,subir_a_base,Benton Shea Butter And Coconut Body Lotion 250ml - Default Title
55028080607569,ACTIVE,12.0,21.95,19.2,21.95,subir_a_base,COSNORI Always Slim Fit Body Gel 150ml - Default Title
55028080836945,ACTIVE,12.0,21.95,19.2,21.95,subir_a_base,[HOLIKA HOLIKA] Good Cera Ato Relief Oil Wash 400ml - Default Title
55028080968017,ACTIVE,25.0,45.95,40.0,45.95,subir_a_base,Dr.FORHAIR Folligen Plus Shampoo SET 500ml x 2P + 100ml - Default Title
55028082901329,ACTIVE,12.0,21.95,19.2,21.95,subir_a_base,Dr.FORHAIR Folligen Plus Shampoo 500ml - Default Title
55028082999633,ACTIVE,21.0,37.95,33.6,37.95,subir_a_base,ODELOI Apple Amino Acids LHA Bodywash 250ml - Default Title
55028083163473,ACTIVE,18.0,32.95,28.8,32.95,subir_a_base,MIGUHARA Moisturizing Body Lotion Origin 300ml - Default Title
55028083589457,ACTIVE,21.0,37.95,33.6,37.95,subir_a_base,S.NATURE Blanche All In One Lotion 200ml - Default Title
55028083720529,ACTIVE,14.0,25.95,22.4,25.95,subir_a_base,GROWUS Damage Therapy Body Balm 300ml - Default Title
55028083786065,ACTIVE,16.0,28.95,25.6,28.95,subir_a_base,FATION Nosca 9 Trouble Body Wash 490ml - Default Title
55028083851601,ACTIVE,11.0,19.95,17.6,19.95,subir_a_base,Shingmulnara Walnut Srub Body Wash 200ml - Default Title
55028084146513,ACTIVE,25.0,45.95,40.0,45.95,subir_a_base,CHAHONG Snug Calming Body Lotion 250ml - Default Title
55028084343121,ACTIVE,15.0,27.95,24.0,27.95,subir_a_base,GROWUS Damage Therapy Body Scrub 280g - Default Title
55028084539729,ACTIVE,13.0,23.95,20.8,23.95,subir_a_base,FATION Nosca9 Trouble Body Mist 145ml - Default Title
55028084736337,ACTIVE,32.0,57.95,51.2,57.95,subir_a_base,ROOTON Manantio Body Lotion 300ml - Default Title
55028084900177,ACTIVE,24.0,43.95,38.4,43.95,subir_a_base,ROOTON Manantio Body Cleanser 300ml - Default Title
55028085096785,ACTIVE,8.0,14.95,12.8,14.95,subir_a_base,THE FACE SHOP NATURE GARDEN Perfumed Body Mist 155ml - Fresh Citrus
55028085129553,ACTIVE,8.0,14.95,12.8,14.95,subir_a_base,THE FACE SHOP NATURE GARDEN Perfumed Body Mist 155ml - Romantic Jasmine
55028085162321,ACTIVE,8.0,14.95,12.8,14.95,subir_a_base,THE FACE SHOP NATURE GARDEN Perfumed Body Mist 155ml - Sweety Sweet Pea
55028085326161,ACTIVE,8.0,14.95,12.8,14.95,subir_a_base,THE FACE SHOP Perfume Seed Capsule Body Wash 300ml - Default Title
55028085522769,ACTIVE,6.0,10.95,9.6,10.95,subir_a_base,THE FACE SHOP Perfume Seed Velvet Rich Creamy Shower Gel 300ml - Default Title
55028085817681,ACTIVE,6.0,10.95,9.6,10.95,subir_a_base,THE FACE SHOP THE BOTANIC WOODY MUSK BODY WASH 350ml - Default Title
55028086276433,ACTIVE,8.0,14.95,12.8,14.95,subir_a_base,THE FACE SHOP The Botanic Woody Musk Body Lotion 350ml - Default Title
55028086473041,ACTIVE,6.0,10.95,9.6,10.95,subir_a_base,THE FACE SHOP The Botanic Lemon Verbena Body Wash 350ml - Default Title
55028086636881,ACTIVE,6.0,10.95,9.6,10.95,subir_a_base,THE FACE SHOP The Botanic Lemon Verbena Body Lotion 350ml - Default Title
55028087193937,ACTIVE,8.0,14.95,12.8,14.95,subir_a_base,PAUL MEDISON Deep Perfume Body Lotion 1077ml #Fruity Floral - Default Title
55028087390545,ACTIVE,8.0,14.95,12.8,14.95,subir_a_base,PAUL MEDISON Signature Body Lotion 1077ml #Baby Powder - Default Title
55028087488849,ACTIVE,8.0,14.95,12.8,14.95,subir_a_base,PAUL MEDISON Signature Body Lotion 1077ml #Clean Soap - Default Title
55028087554385,ACTIVE,8.0,14.95,12.8,14.95,subir_a_base,PAUL MEDISON Signature Body Lotion 1077ml #Floral Musk - Default Title
55028088045905,ACTIVE,13.0,23.95,20.8,23.95,subir_a_base,PAUL MEDISON Signature Body Mist 211ml #White Musk - Default Title
55028088275281,ACTIVE,13.0,23.95,20.8,23.95,subir_a_base,PAUL MEDISON Signature Body Mist 211ml #Baby Powder - Default Title
55028088340817,ACTIVE,8.0,14.95,12.8,14.95,subir_a_base,PAUL MEDISON Signature Body Lotion 1077ml #YLANG YLANG - Default Title
55028088406353,ACTIVE,8.0,14.95,12.8,14.95,subir_a_base,PAUL MEDISON Signature Body Lotion 1077ml #White Musk - Default Title
55028088602961,ACTIVE,10.0,18.95,16.0,18.95,subir_a_base,PAUL MEDISON Signature Perfume Collection Body Lotion 1600ml #White Musk - Default Title
55028088701265,ACTIVE,12.0,21.95,19.2,21.95,subir_a_base,KUNDAL Cool & Clear Ice Boosting Cool Body Wash 1058ml #Aqua Mint - Default Title
55028088766801,ACTIVE,8.0,14.95,12.8,14.95,subir_a_base,KUNDAL Cool & Clear Ice Boosting Cool Body Wash 500ml #Aqua Mint - Default Title
55028088865105,ACTIVE,12.0,21.95,19.2,21.95,subir_a_base,KUNDAL EAU THERMALE SPA SCRUB BODY WASH 500ml #COZY DARRELING - Default Title
55028088930641,ACTIVE,10.0,18.95,16.0,18.95,subir_a_base,KUNDAL EAU THERMALE SPA SCRUB BODY WASH 500ml #LEATHER IRIS - Default Title
55028089094481,ACTIVE,12.0,21.95,19.2,21.95,subir_a_base,KUNDAL EAU THERMALE SPA SCRUB BODY WASH 500ml #VIOLET MUGUET - Default Title
55028089225553,ACTIVE,11.0,19.95,17.6,19.95,subir_a_base,KUNDAL RICH SOYMILK BODY CREAM 200ml #Mellow Vanilla - Default Title
55028089291089,ACTIVE,11.0,19.95,17.6,19.95,subir_a_base,KUNDAL SLEEP BETTER AROMA PILLOW MIST 150ml #PYEON BAEK - Default Title
55028089389393,ACTIVE,15.0,27.95,24.0,27.95,subir_a_base,Innisfree Isle Number Body & Hand Wash 300ml #Green Tea Essence - Default Title
55028089487697,ACTIVE,8.0,14.95,12.8,14.95,subir_a_base,innisfree My Perfumed Body Cleanser 330ml (3-type) - Green Tangerine
55028089520465,ACTIVE,8.0,14.95,12.8,14.95,subir_a_base,innisfree My Perfumed Body Cleanser 330ml (3-type) - Water Lily
55028089553233,ACTIVE,8.0,14.95,12.8,14.95,subir_a_base,innisfree My Perfumed Body Cleanser 330ml (3-type) - Cotton Flower
55028089651537,ACTIVE,17.0,30.95,27.2,30.95,subir_a_base,d'Alba White Truffle Aromatic Body Mist Serum 180ml - Default Title
55028089782609,ACTIVE,16.0,28.95,25.6,28.95,subir_a_base,d'Alba White Truffle Oil Serum Body Cleanser 275ml - Default Title
55028089848145,ACTIVE,8.0,14.95,12.8,14.95,subir_a_base,[Pyunkang yul] ATO Low PH Moisture Body Wash 590ml - Default Title
55028089913681,ACTIVE,13.0,23.95,20.8,23.95,subir_a_base,[Pyunkang Yul] ATO Moisture Barrier Body Lotion 590ml - Default Title
55028089979217,ACTIVE,11.0,19.95,17.6,19.95,subir_a_base,[Pyunkang Yul] ATO Wash & Shampoo Blue Label 350ml - Default Title
55028090077521,ACTIVE,24.0,43.95,38.4,43.95,subir_a_base,[Pyunkang Yul] Body Lotion Dancheong 350ml - Default Title
55028090208593,ACTIVE,8.0,14.95,12.8,14.95,subir_a_base,[Pyunkang Yul] Intensive Ceramide Lotion 290ml - Default Title
55028090339665,ACTIVE,25.0,45.95,40.0,45.95,subir_a_base,belif Off Body Lotion 250ml (2-type) - Pleasant Stay
55028090372433,ACTIVE,25.0,45.95,40.0,45.95,subir_a_base,belif Off Body Lotion 250ml (2-type) - Relaxing Forest
55028090700113,ACTIVE,19.0,34.95,30.4,34.95,subir_a_base,EUNYUL Carefull YACHO Herb Soothing Body Mist 150ml - Default Title
55028090765649,ACTIVE,18.0,32.95,28.8,32.95,subir_a_base,EUNYUL Carefull YACHO Herb Soothing Body Lotion 150ml - Default Title
55028090831185,ACTIVE,11.0,19.95,17.6,19.95,subir_a_base,[Pyunkang Yul] Intensive Ceramide Lotion 500ml - Default Title
55028091093329,ACTIVE,19.0,34.95,30.4,34.95,subir_a_base,belif Off Body Wash 250ml (2-type) - Pleasant Stay
55028091126097,ACTIVE,19.0,34.95,30.4,34.95,subir_a_base,belif Off Body Wash 250ml (2-type) - Relaxing Forest
55028091191633,ACTIVE,22.0,39.95,35.2,39.95,subir_a_base,SENNOK Blue Soda Body Scrub 180ml - Default Title
55028091421009,ACTIVE,28.0,50.95,44.8,50.95,subir_a_base,SENNOK Blue Wave Body Oil 120ml - Default Title
55028091519313,ACTIVE,29.0,52.95,46.4,52.95,subir_a_base,SENNOK Body Lotion Soap Clean Soap 300ml - Default Title
55028091683153,ACTIVE,29.0,52.95,46.4,52.95,subir_a_base,SENNOK Body Lotion Baby Blusher 300ml - Default Title
55028091978065,ACTIVE,29.0,52.95,46.4,52.95,subir_a_base,SENNOK Body Lotion After Bath 300ml - Default Title
55028092043601,ACTIVE,28.0,50.95,44.8,50.95,subir_a_base,SENNOK Body Wash After Bath 300ml - Default Title
55028092141905,ACTIVE,25.0,45.95,40.0,45.95,subir_a_base,AROMATICA Circulating Massage Cream Juniper Berry & Lemon 100ml - Default Title
55028092240209,ACTIVE,18.0,32.95,28.8,32.95,subir_a_base,AROMATICA Eucalyptus Body Wash 15 Amino 1000ml - Default Title
55028092305745,ACTIVE,11.0,19.95,17.6,19.95,subir_a_base,AROMATICA Inspirit Body Mist Basil & Bergamot 120ml - Default Title
55028092371281,ACTIVE,19.0,34.95,30.4,34.95,subir_a_base,AROMATICA Mellowness Oil In Body Cream Magnolia & Sandanwood 200g - Default Title
55028092535121,ACTIVE,14.0,25.95,22.4,25.95,subir_a_base,AROMATICA Mellowness Magnolia & Sandalwood Body Oil 100ml - Default Title
55028092600657,ACTIVE,18.0,32.95,28.8,32.95,subir_a_base,AROMATICA Lemongrass 7 Vita Body Wash 1000ml - Default Title
55028092666193,ACTIVE,15.0,27.95,24.0,27.95,subir_a_base,AROMATICA Inspirit Body Wash Basil & Bergamot 300ml - Default Title
55028093223249,ACTIVE,18.0,32.95,28.8,32.95,subir_a_base,AROMATICA Mellowness Oil In Body Wash Magnolia & Sandalwood 290ml - Default Title
55028094894417,ACTIVE,6.0,10.95,9.6,10.95,subir_a_base,AROMATICA Serene Bath Salts Magnolia & Sandalwood 50g - Default Title
55028095385937,ACTIVE,17.0,30.95,27.2,30.95,subir_a_base,AROMATICA Vitalizing Rosemary ALL-IN-ONE Lotion 300ml (Refill) - Default Title
55028095484241,ACTIVE,15.0,27.95,24.0,27.95,subir_a_base,AROMATICA Vitalizing Rosemary All-In-One Wash 300ml (Refill) - Default Title
55028095779153,ACTIVE,32.0,57.95,51.2,57.95,subir_a_base,YUNJAC Whole Plant Effect Essential Body Lotion 250ml - Default Title
55028095877457,ACTIVE,28.0,50.95,44.8,50.95,subir_a_base,YUNJAC Whole Plant Effect Essential Body Wash 250ml - Default Title
55028096074065,ACTIVE,24.0,43.95,38.4,43.95,subir_a_base,Huxley Body Scrub 250ml #Moroccan Gardener - Default Title
55028096139601,ACTIVE,29.0,52.95,46.4,52.95,subir_a_base,Huxley Body Lotion 300ml #Blue Medina Tangerine - Default Title
55028096205137,ACTIVE,29.0,52.95,46.4,52.95,subir_a_base,Huxley Body Wash 300ml #Blue Medina Tangerine - Default Title
55028096532817,ACTIVE,10.0,18.95,16.0,18.95,subir_a_base,KUNDAL RICH SOYMILK CREAMY BODY WASH 500ml #Mellow Vanilla - Default Title
55028096598353,ACTIVE,10.0,18.95,16.0,18.95,subir_a_base,BIOKLASSE MILK BAOBAB Body Lotion 500ml #Flora Bouquet - Default Title
55028096729425,DRAFT,9.0,11.16,14.4,14.4,sin_cambio,BIOKLASSE Milk Baobab Cera Body Lotion 600ml #Mauve Tulip - Default Title
55028096827729,ACTIVE,12.0,21.95,19.2,21.95,subir_a_base,BIOKLASSE MILK BAOBAB Body Wash 1000ml #Flora Bouquet - Default Title
55028096958801,DRAFT,9.0,11.16,14.4,14.4,sin_cambio,BIOKLASSE MILK BAOBAB CERA Body Lotion 600ml #Flora Bouquet - Default Title
55028097089873,ACTIVE,10.0,18.95,16.0,18.95,subir_a_base,BIOKLASSE MILK BAOBAB CERA Body Wash 1200ml #White Soap - Default Title
55028097155409,ACTIVE,10.0,18.95,16.0,18.95,subir_a_base,BIOKLASSE MILK BAOBAB CERA Body Wash 1200ml #White Musk - Default Title
55028097679697,ACTIVE,10.0,18.95,16.0,18.95,subir_a_base,BIOKLASSE MILK BAOBAB CERA Body Wash 1200ml #Peony Musk - Default Title
55028098269521,DRAFT,9.0,11.16,14.4,14.4,sin_cambio,BIOKLASSE MILK BAOBAB CERA Body Lotion 600ml #Peony Musk - Default Title
55028098367825,ACTIVE,11.0,19.95,17.6,19.95,subir_a_base,BIOKLASSE MILK BAOBAB CERA Body Wash 1200ml #Flora Bouquet - Default Title
55028098433361,ACTIVE,12.0,21.95,19.2,21.95,subir_a_base,BIOKLASSE Milk Baobab Cera Body Wash 1200ml #Mauve Tulip - Default Title
55028098498897,DRAFT,9.0,11.16,14.4,14.4,sin_cambio,BIOKLASSE MILK BAOBAB CERA Body Wash 1200ml #Ocean Breeze - Default Title
55028099055953,ACTIVE,12.0,21.95,19.2,21.95,subir_a_base,Dr.G Dermoisture Barrier.D Rich Derm Body Lotion 400ml - Default Title
55028099154257,ACTIVE,20.0,36.95,32.0,36.95,subir_a_base,HERA ZEAL BLOOMING PERFUMED SHOWER GEL 250g - Default Title
55028099645777,ACTIVE,12.0,21.95,19.2,21.95,subir_a_base,APLB Collagen EGF Peptide Body Lotion 300ml - Default Title
55028099711313,ACTIVE,13.0,23.95,20.8,23.95,subir_a_base,APLB Tranexamic Acid Niacinamide Body Lotion 300ml - Default Title
55028099973457,ACTIVE,11.0,19.95,17.6,19.95,subir_a_base,AMUSE Body Vita Mist 150ml - Default Title
55028100202833,ACTIVE,23.0,41.95,36.8,41.95,subir_a_base,HERA ZEAL BLOOMING PERFUMED BODY LOTION 230ml - Default Title
55028100301137,ACTIVE,13.0,23.95,20.8,23.95,subir_a_base,APLB Retinol Vitamin C Vitamin E Body Lotion 300ml - Default Title
55028100366673,ACTIVE,16.0,28.95,25.6,28.95,subir_a_base,AESTURA ATOBARRIER 365 BODY LOTION 400ml - Default Title
55028100464977,ACTIVE,16.0,28.95,25.6,28.95,subir_a_base,AESTURA ATOBARRIER 365 BODY CREAM 250ml - Default Title
55028100530513,ACTIVE,16.0,28.95,25.6,28.95,subir_a_base,AESTURA THERACNE 365 NIACINAMIDE 5% BLEMISH BODY MIST 200ml - Default Title
55028100694353,ACTIVE,13.0,23.95,20.8,23.95,subir_a_base,CENTELLIAN24 Madeca Barrier Body Lotion 500ml - Default Title
55028100759889,ACTIVE,16.0,28.95,25.6,28.95,subir_a_base,Dr.Belmeur Family Derma Body Lotion 1000ml - Default Title
55028100825425,ACTIVE,6.0,10.95,9.6,10.95,subir_a_base,Kerasys Clean Note Moisture Perfumed Body Lotion 500ml - #PURE COTTON
55028100858193,ACTIVE,6.0,10.95,9.6,10.95,subir_a_base,Kerasys Clean Note Moisture Perfumed Body Lotion 500ml - #POWDERY COTTON
55028100956497,ACTIVE,7.0,12.95,11.2,12.95,subir_a_base,[NATURE REPUBLIC] Green Derma Tea Tree Cica Acne Body Wash 300ml - Default Title
55028101546321,ACTIVE,6.0,10.95,9.6,10.95,subir_a_base,Kerasys Clean Note Moisture Perfumed Body Wash 800ml - #PURE COTTON
55028101579089,ACTIVE,6.0,10.95,9.6,10.95,subir_a_base,Kerasys Clean Note Moisture Perfumed Body Wash 800ml - #POWDERY COTTON
55028101710161,ACTIVE,15.0,27.95,24.0,27.95,subir_a_base,Parnell Cicamanu pH Balanced Body Wash 400ml - Default Title
55028101775697,ACTIVE,8.0,14.95,12.8,14.95,subir_a_base,Shingmulnara Young Green Tea Trouble Body Wash 1000ml - Default Title
55028101906769,ACTIVE,7.0,12.95,11.2,12.95,subir_a_base,Shingmulnara Sea Salt Cooling Scrub Body Wash 200ml - Default Title
55028102005073,ACTIVE,23.0,41.95,36.8,41.95,subir_a_base,nutseline Aroma Nut Gray Body Mist 130ml - Default Title
55028102070609,ACTIVE,18.0,32.95,28.8,32.95,subir_a_base,nutseline Cica Nut Calming Balm Strong 50ml - Default Title
55028102168913,ACTIVE,24.0,43.95,38.4,43.95,subir_a_base,nutseline Aroma Nut Slim Fit Body GuaSha Serum 60ml - Default Title
55028102299985,ACTIVE,22.0,39.95,35.2,39.95,subir_a_base,HEVEBLUE Salmon Fruity Centella Body Cream 300g - Default Title
55028102431057,ACTIVE,29.0,52.95,46.4,52.95,subir_a_base,nutseline Super Nut Nourishing Balm 110ml - Default Title
55028102562129,ACTIVE,25.0,45.95,40.0,45.95,subir_a_base,nutseline Cica Nut Calming Balm 110ml - Default Title
55028102660433,ACTIVE,8.0,14.95,12.8,14.95,subir_a_base,nutseline Cica Nut Calming Balm 50ml - Default Title
55028102791505,ACTIVE,22.0,39.95,35.2,39.95,subir_a_base,nutseline Aroma Nut Slim Fit Oil Wash 315ml - Default Title
55028102857041,ACTIVE,25.0,45.95,40.0,45.95,subir_a_base,nutseline Super Nut All In One Milk 300ml - Default Title
55028102922577,ACTIVE,19.0,34.95,30.4,34.95,subir_a_base,nutseline Aroma Nut Slim Fit Body Lotion 200ml - Default Title
55028103020881,ACTIVE,23.0,41.95,36.8,41.95,subir_a_base,nutseline Aroma Nut Firming Balm 50ml - Default Title
55028103086417,ACTIVE,14.0,25.95,22.4,25.95,subir_a_base,nutseline Super Nut Milk Body Wash 500ml - Default Title
55028103151953,ACTIVE,12.0,21.95,19.2,21.95,subir_a_base,nutseline Super Nut Nourishing Balm 11ml (MINI) - Default Title
55028103250257,ACTIVE,16.0,28.95,25.6,28.95,subir_a_base,d'Alba Vita Ceramide Body Cream 270ml - Default Title
55028103315793,ACTIVE,13.0,23.95,20.8,23.95,subir_a_base,TIAM Anti-Blemish Body Lotion 200ml - Default Title
55028103446865,ACTIVE,20.0,36.95,32.0,36.95,subir_a_base,Abib Body Wash Fragrant Bottle 300ml [Type G] - Default Title
55028103512401,ACTIVE,19.0,34.95,30.4,34.95,subir_a_base,Abib Body Wash Fragrant Bottle 300ml [Type R] - Default Title
55028103577937,ACTIVE,21.0,37.95,33.6,37.95,subir_a_base,Abib Body Emulsion Fragrant Bottle 300ml [Type G] - Default Title
55028103676241,ACTIVE,19.0,34.95,30.4,34.95,subir_a_base,Abib Body Emulsion Fragrant Bottle 300ml [Type R] - Default Title
55028103774545,ACTIVE,19.0,34.95,30.4,34.95,subir_a_base,Dr.Melaxin Peel Shot Exfoliating TX Spray 200ml - Default Title
55028103840081,ACTIVE,19.0,34.95,30.4,34.95,subir_a_base,Dr.Melaxin Peel Shot Exfoliating Kojic Acid Turmeric Spray 200ml - Default Title
55028103905617,ACTIVE,28.0,50.95,44.8,50.95,subir_a_base,CHAHONG Snug Calming Body & Hand Wash 300ml - Default Title
55028105675089,ACTIVE,21.0,37.95,33.6,37.95,subir_a_base,Scentlier English Daisy Body Wash 320ml - Default Title
55028105740625,ACTIVE,23.0,41.95,36.8,41.95,subir_a_base,Scentlier Orange Blossom Body Wash 320ml - Default Title
55028105806161,ACTIVE,15.0,27.95,24.0,27.95,subir_a_base,Rokkiss Calendula Skin Toner Emulsion SET 150ml +150ml Wrinkle Care - Default Title
55028105871697,ACTIVE,25.0,45.95,40.0,45.95,subir_a_base,TONYMOLY Premium RX Swallow Nest Essence 55ml + Eye Cream 30ml x 2p Set - Default Title
55028105937233,ACTIVE,23.0,41.95,36.8,41.95,subir_a_base,swanicoco Herb Snail Basic Set Skin Toner + Emulsion - Default Title
55028106035537,ACTIVE,22.0,39.95,35.2,39.95,subir_a_base,TONYMOLY Floria Nutra Energy Skin Care Set - Default Title
55028106264913,ACTIVE,28.0,50.95,44.8,50.95,subir_a_base,TONYMOLY Intense Care Gold 24K Snail 2 Set - Default Title
55028106330449,ACTIVE,33.0,59.95,52.8,59.95,subir_a_base,AHC Renew Age Total 4 Type Gift Set - Default Title
55028106395985,ACTIVE,33.0,59.95,52.8,59.95,subir_a_base,KLAIRS Freshly Juiced Line SET (Serum 35ml + Mask 90ml) - Default Title
55028106461521,ACTIVE,29.0,52.95,46.4,52.95,subir_a_base,Innisfree Black Tea Youth Enhancing Ampoule Special Set - Default Title
55028106592593,ACTIVE,27.0,48.95,43.2,48.95,subir_a_base,Innisfree Black Tea Youth Enhancing Skincare Set - Default Title
55028106658129,ACTIVE,19.0,34.95,30.4,34.95,subir_a_base,Innisfree Green Tea Hyaluronic Skincare Set - Default Title
55028106756433,ACTIVE,18.0,32.95,28.8,32.95,subir_a_base,O HUI Day Shield Perfect Sun Black Special Set - Default Title
55028106854737,ACTIVE,18.0,32.95,28.8,32.95,subir_a_base,O HUI Day Shield Perfect Sun Red Special Set - Default Title
55028107018577,ACTIVE,13.0,23.95,20.8,23.95,subir_a_base,[MARY & MAY] Soothing Trouble Care Travel Kit (5pcs) - Default Title
55028107116881,ACTIVE,10.0,18.95,16.0,18.95,subir_a_base,O HUI Miracle Moisture Cleansing Oil Special Set - Default Title
55028107182417,ACTIVE,17.0,30.95,27.2,30.95,subir_a_base,ETUDE Soonjung Skincare Duo Set - Default Title
55028107280721,ACTIVE,22.0,39.95,35.2,39.95,subir_a_base,Dr.Belmeur Advanced Cica Skincare Set (Toner 150ml + Emulsion 150ml) - Default Title
55028107379025,ACTIVE,19.0,34.95,30.4,34.95,subir_a_base,Dr.Belmeur Clarifying Skincare Set (Toner 200ml + Moisturizer 120ml) - Default Title
55028107477329,ACTIVE,17.0,30.95,27.2,30.95,subir_a_base,Dr.Belmeur Daily Repair Skincare Set (Toner 200ml + Moisturizer 120ml) - Default Title
55028107542865,ACTIVE,15.0,27.95,24.0,27.95,subir_a_base,KLAIRS Daily Comfort Hand Cream(Unscented) 370g - Default Title
55028107608401,ACTIVE,24.0,43.95,38.4,43.95,subir_a_base,Huxley Hand Cream Trio 30ml x 3ea SET - Default Title
55028107903313,ACTIVE,14.0,25.95,22.4,25.95,subir_a_base,Huxley Hand Cream ; Moroccan Gardener 30ml - Default Title
55028108132689,ACTIVE,5.0,9.95,8.0,9.95,subir_a_base,Dr.Belmeur Advanced Cica Recovery Hand Cream 60ml - Default Title
55028108362065,ACTIVE,12.0,21.95,19.2,21.95,subir_a_base,Dr.Jart+ Ceramidin Moisturizing Hand Cream 100ml - Default Title
55028108951889,ACTIVE,21.0,37.95,33.6,37.95,subir_a_base,Abib Hand wash type S Wash pump 240ml - Default Title
55028109050193,ACTIVE,25.0,45.95,40.0,45.95,subir_a_base,CHAHONG Snug Calming Hand Wash 300ml - Default Title
55028109148497,ACTIVE,12.0,21.95,19.2,21.95,subir_a_base,3CE Hand Cream 50ml #FRAGMENTS OF SUMMER - Default Title
55028109607249,ACTIVE,4.0,7.95,6.4,7.95,subir_a_base,THE FACE SHOP Rich Hand V Soft Touch Hand Lotion 200ml - Default Title
55028109705553,ACTIVE,4.0,7.95,6.4,7.95,subir_a_base,THE FACE SHOP Daily Moment Vegan Hand Cream 30ml (6 Types) - #01 Sunrise Bedroom
55028109738321,ACTIVE,4.0,7.95,6.4,7.95,subir_a_base,THE FACE SHOP Daily Moment Vegan Hand Cream 30ml (6 Types) - #02 Morning Florist
55028109771089,ACTIVE,4.0,7.95,6.4,7.95,subir_a_base,THE FACE SHOP Daily Moment Vegan Hand Cream 30ml (6 Types) - #03 Noon Park
55028109803857,ACTIVE,4.0,7.95,6.4,7.95,subir_a_base,THE FACE SHOP Daily Moment Vegan Hand Cream 30ml (6 Types) - #04 Sunset Rooftop
55028109836625,ACTIVE,4.0,7.95,6.4,7.95,subir_a_base,THE FACE SHOP Daily Moment Vegan Hand Cream 30ml (6 Types) - #05 Midnight Street
55028109869393,ACTIVE,4.0,7.95,6.4,7.95,subir_a_base,THE FACE SHOP Daily Moment Vegan Hand Cream 30ml (6 Types) - #06 Dawn Attic
55028109934929,ACTIVE,12.0,21.95,19.2,21.95,subir_a_base,3CE Hand Cream 50ml #WHERE DAYS COLLIDE - Default Title
55028110000465,ACTIVE,12.0,21.95,19.2,21.95,subir_a_base,3CE Hand Cream 50ml #UNFAMILIAR JOURNEY - Default Title
55028110131537,ACTIVE,6.0,10.95,9.6,10.95,subir_a_base,KUNDAL Shea Butter & Macadamia Pure Hand Cream 50ml #BABY POWDER - Default Title
55028110197073,ACTIVE,6.0,10.95,9.6,10.95,subir_a_base,KUNDAL Shea Butter & Macadamia Pure Hand Cream 50ml #BLANC - Default Title
55028110262609,ACTIVE,6.0,10.95,9.6,10.95,subir_a_base,KUNDAL Shea Butter & Macadamia Pure Hand Cream 50ml #CLEAN SOAP - Default Title
55028110360913,ACTIVE,6.0,10.95,9.6,10.95,subir_a_base,KUNDAL Shea Butter & Macadamia Pure Hand Cream 50ml #CHERRY BLOSSOM - Default Title
55028110459217,ACTIVE,12.0,21.95,19.2,21.95,subir_a_base,Luvum Green Wood Hand Cream 50ml - Default Title
55028111343953,ACTIVE,5.0,9.95,8.0,9.95,subir_a_base,KUNDAL Shea Butter & Macadamia Pure Hand Cream Aroma Edition 50ml #FRENCH LAVENDER - Default Title
55028111442257,ACTIVE,6.0,10.95,9.6,10.95,subir_a_base,KUNDAL Shea Butter & Macadamia Pure Hand Cream 50ml #YLANG YLANG - Default Title
55028111507793,ACTIVE,6.0,10.95,9.6,10.95,subir_a_base,TONYMOLY Banana Hand Milk 45ml - Default Title
55028111573329,ACTIVE,3.0,5.95,4.8,5.95,subir_a_base,TONYMOLY I'm Hand Cream 30ml - Berry Mix
55028111606097,ACTIVE,3.0,5.95,4.8,5.95,subir_a_base,TONYMOLY I'm Hand Cream 30ml - Cherry Blossom
55028111638865,ACTIVE,3.0,5.95,4.8,5.95,subir_a_base,TONYMOLY I'm Hand Cream 30ml - Milk
55028111671633,ACTIVE,3.0,5.95,4.8,5.95,subir_a_base,TONYMOLY I'm Hand Cream 30ml - Shea Butter
55028111769937,ACTIVE,7.0,12.95,11.2,12.95,subir_a_base,TONYMOLY Peach Hand Cream 30g - Default Title
55028111901009,ACTIVE,5.0,9.95,8.0,9.95,subir_a_base,TONYMOLY Pocket Hand Cream 30ml (3-type) - BANANA
55028111933777,ACTIVE,5.0,9.95,8.0,9.95,subir_a_base,TONYMOLY Pocket Hand Cream 30ml (3-type) - RED APPLE
55028111966545,ACTIVE,5.0,9.95,8.0,9.95,subir_a_base,TONYMOLY Pocket Hand Cream 30ml (3-type) - PEACH
55028112032081,ACTIVE,12.0,21.95,19.2,21.95,subir_a_base,innisfree Special Care Mask Hand 20ml X 6ea - Default Title
55028112195921,ACTIVE,5.0,9.95,8.0,9.95,subir_a_base,innisfree My Perfumed Hand Cream 30ml - #01 White Shirts
55028112228689,ACTIVE,5.0,9.95,8.0,9.95,subir_a_base,innisfree My Perfumed Hand Cream 30ml - #02 Fluffy Pink
55028112261457,ACTIVE,5.0,9.95,8.0,9.95,subir_a_base,innisfree My Perfumed Hand Cream 30ml - #03 Peach Cider
55028112294225,ACTIVE,5.0,9.95,8.0,9.95,subir_a_base,innisfree My Perfumed Hand Cream 30ml - #05 Snowy Day
55028112326993,ACTIVE,5.0,9.95,8.0,9.95,subir_a_base,innisfree My Perfumed Hand Cream 30ml - #06 Blush Rose
55028112359761,ACTIVE,5.0,9.95,8.0,9.95,subir_a_base,innisfree My Perfumed Hand Cream 30ml - #07 Old Fashioned
55028112425297,ACTIVE,4.0,7.95,6.4,7.95,subir_a_base,Innisfree Jeju Orchid Hand Cream SPF15 PA+ EX 50ml - Default Title
55028112556369,ACTIVE,20.0,36.95,32.0,36.95,subir_a_base,d'Alba Scented Mood Hand Wash 290ml - Default Title
55028112654673,ACTIVE,22.0,39.95,35.2,39.95,subir_a_base,d'Alba White Truffle Aromatic Double Hand Cream 50ml - Default Title
55028112785745,ACTIVE,19.0,34.95,30.4,34.95,subir_a_base,d'Alba White Truffle Nourishing Hand Serum In Cream 30ml - Default Title
55028113113425,ACTIVE,15.0,27.95,24.0,27.95,subir_a_base,[Pyunkang Yul] Hand Cream Dancheong 75ml - Default Title
55028113211729,ACTIVE,17.0,30.95,27.2,30.95,subir_a_base,belif Off Hand Cream 50ml (2-type) - Relaxing Forest
55028113244497,ACTIVE,17.0,30.95,27.2,30.95,subir_a_base,belif Off Hand Cream 50ml (2-type) - Pleasant Stay
55028113408337,ACTIVE,8.0,14.95,12.8,14.95,subir_a_base,EUNYUL Cloud Perfume Hand Cream 300ml #Grapefruit - Default Title
55028113473873,ACTIVE,8.0,14.95,12.8,14.95,subir_a_base,EUNYUL Cloud Perfume Hand Cream 300ml #Berry - Default Title
55028113539409,ACTIVE,8.0,14.95,12.8,14.95,subir_a_base,EUNYUL Cloud Perfume Hand Cream Set 50ml - Default Title
55028114030929,ACTIVE,21.0,37.95,33.6,37.95,subir_a_base,belif Off Hand Wash 250ml (2-type) - RELAXING FOREST
55028114063697,ACTIVE,21.0,37.95,33.6,37.95,subir_a_base,belif Off Hand Wash 250ml (2-type) - PLEASANT STAY
55028114162001,ACTIVE,17.0,30.95,27.2,30.95,subir_a_base,belif Off Intense Hand Cream Calming White 50ml - Default Title
55028114293073,ACTIVE,11.0,19.95,17.6,19.95,subir_a_base,Huxley Hand Cream 30ml #Port Breath - Default Title
55028114391377,ACTIVE,11.0,19.95,17.6,19.95,subir_a_base,Huxley Hand Cream 30ml #Rose Picker - Default Title
55028114522449,ACTIVE,11.0,19.95,17.6,19.95,subir_a_base,Huxley Hand Cream 30ml #Sunset Fog - Default Title
55028114587985,ACTIVE,20.0,36.95,32.0,36.95,subir_a_base,Huxley Hand Cream 75ml #Berber Portrait - Default Title
55028114686289,ACTIVE,11.0,19.95,17.6,19.95,subir_a_base,Huxley Hand Refresher 55ml #Berber Portrait - Default Title
55028114817361,ACTIVE,14.0,25.95,22.4,25.95,subir_a_base,Huxley Hand Cream Mist 35ml #Sunset Fog - Default Title
55028114981201,ACTIVE,14.0,25.95,22.4,25.95,subir_a_base,Huxley Hand Cream Mist 35ml #Rose Picker - Default Title
55028115112273,ACTIVE,14.0,25.95,22.4,25.95,subir_a_base,Huxley Hand Cream Mist 35ml #Moroccan Gardener - Default Title
55028115243345,ACTIVE,11.0,19.95,17.6,19.95,subir_a_base,Huxley Hand Refresher 55ml #Blue Medina Tangerine - Default Title
55028115341649,ACTIVE,11.0,19.95,17.6,19.95,subir_a_base,Huxley Hand Refresher 55ml #Moroccan Gardener - Default Title
55028115439953,ACTIVE,11.0,19.95,17.6,19.95,subir_a_base,Huxley Hand Refresher 55ml #Rose Picker - Default Title
55028115636561,ACTIVE,11.0,19.95,17.6,19.95,subir_a_base,Huxley Hand Refresher 55ml #Port Breath - Default Title
55028115767633,ACTIVE,11.0,19.95,17.6,19.95,subir_a_base,Huxley Hand Refresher 55ml #Sunset Fog - Default Title
55028115865937,ACTIVE,8.0,14.95,12.8,14.95,subir_a_base,AROMATICA INSPIRIT HAND CREAM BASIL & BERGAMOT 30ml - Default Title
55028115997009,ACTIVE,8.0,14.95,12.8,14.95,subir_a_base,AROMATICA MELLOWNESS HAND CREAM MAGNOLIA & SANDALWOOD 30ml - Default Title
55028116193617,ACTIVE,8.0,14.95,12.8,14.95,subir_a_base,AROMATICA EMBRACE HAND CREAM NEROLI & PATCHOULI 30ml - Default Title
55028116422993,ACTIVE,14.0,25.95,22.4,25.95,subir_a_base,[DEAR DAHLIA] Skin Paradise Sheer Soft Hand Cream 50ml - Default Title
55028116652369,ACTIVE,8.0,14.95,12.8,14.95,subir_a_base,Shingmulnara Mild Antibacterial Foaming Hand Wash 280ml X 3ea (2type) - 01 Yuzu
55028116685137,ACTIVE,8.0,14.95,12.8,14.95,subir_a_base,Shingmulnara Mild Antibacterial Foaming Hand Wash 280ml X 3ea (2type) - 02 Fig
55028116848977,DRAFT,9.0,11.16,14.4,14.4,sin_cambio,PETITFEE Dry Essence Hand Pack 7g X 10pair (20ea) - Default Title
55028116980049,ACTIVE,11.0,19.95,17.6,19.95,subir_a_base,MEDIHEAL Derma Layer Hand Mask 14ml X 5ea - Default Title
55028117143889,ACTIVE,10.0,18.95,16.0,18.95,subir_a_base,GRAFEN Tattoo Perfume One Wood Hand Cream 50ml - Default Title
55028117471569,ACTIVE,5.0,9.95,8.0,9.95,subir_a_base,Manyo Factory What A Melon Lip Serum 10ml - Default Title
55028117766481,ACTIVE,14.0,25.95,22.4,25.95,subir_a_base,belif Moisturizing Lip Bomb 3g Coral - Default Title
55028118028625,ACTIVE,15.0,27.95,24.0,27.95,subir_a_base,belif Moisturizing Lip Bomb 3g Pink - Default Title
55028118159697,ACTIVE,11.0,19.95,17.6,19.95,subir_a_base,melixir Vegan Lip Butter 3.9g #02 Nude Crumble - Default Title
55028118290769,ACTIVE,10.0,18.95,16.0,18.95,subir_a_base,melixir Vegan Lip Butter 3.9g #01 Agave(Clear) - Default Title
55028118421841,ACTIVE,12.0,21.95,19.2,21.95,subir_a_base,isoi Bulgarian Rose Lip Treatment Balm 5g #Baby Pink - Default Title
55028119142737,ACTIVE,3.0,5.95,4.8,5.95,subir_a_base,Benton Honest Lip Balm 10ml - Default Title
55028119273809,ACTIVE,13.0,23.95,20.8,23.95,subir_a_base,isoi Sensitive Skin Moisture Lip Balm 5g - Default Title
55028119372113,ACTIVE,12.0,21.95,19.2,21.95,subir_a_base,isoi Bulgarian Rose Lip Treatment Balm 5g #Pure Red - Default Title
55028119503185,ACTIVE,11.0,19.95,17.6,19.95,subir_a_base,belif Manology 101 Moisturizing Lip Bomb 4g - Default Title
55028119634257,ACTIVE,20.0,36.95,32.0,36.95,subir_a_base,tooq Return To Bebe Lip Balm 8g - Default Title
55028120093009,ACTIVE,11.0,19.95,17.6,19.95,subir_a_base,Dr.Jart+ CERAMIDIN HYDRATING CERAMIDE LIP BALM 7ml - Default Title
55028120191313,ACTIVE,8.0,14.95,12.8,14.95,subir_a_base,papa recipe Blemish Lip Serum 3.5ml - Default Title
55028120355153,ACTIVE,19.0,34.95,30.4,34.95,subir_a_base,primera Retinol Volume Lip Serum 12g - rosy
55028120387921,ACTIVE,19.0,34.95,30.4,34.95,subir_a_base,primera Retinol Volume Lip Serum 12g - bare
55028120518993,ACTIVE,7.0,12.95,11.2,12.95,subir_a_base,One-day's you Cica:ming Lip Balm 10ml - Default Title
55028120617297,ACTIVE,6.0,10.95,9.6,10.95,subir_a_base,THE FACE SHOP Vitamin Sun Lip Balm SPF 22 PA+++ 3.9g - #01 Red
55028120650065,ACTIVE,6.0,10.95,9.6,10.95,subir_a_base,THE FACE SHOP Vitamin Sun Lip Balm SPF 22 PA+++ 3.9g - #02 Pink
55028120781137,ACTIVE,11.0,19.95,17.6,19.95,subir_a_base,TONYMOLY Get It Tint Glaze Balm - 01 Rosy Puree
55028120813905,ACTIVE,11.0,19.95,17.6,19.95,subir_a_base,TONYMOLY Get It Tint Glaze Balm - 02 Berry Plum
55028120846673,ACTIVE,11.0,19.95,17.6,19.95,subir_a_base,TONYMOLY Get It Tint Glaze Balm - 03 Pink Sugar
55028120879441,ACTIVE,11.0,19.95,17.6,19.95,subir_a_base,TONYMOLY Get It Tint Glaze Balm - 04 Toffee Apple
55028120912209,ACTIVE,11.0,19.95,17.6,19.95,subir_a_base,TONYMOLY Get It Tint Glaze Balm - 05 Coral Fizz
55028120944977,ACTIVE,11.0,19.95,17.6,19.95,subir_a_base,TONYMOLY Get It Tint Glaze Balm - 06 Sparkling Coral
55028120977745,ACTIVE,11.0,19.95,17.6,19.95,subir_a_base,TONYMOLY Get It Tint Glaze Balm - 07 Cotton Candy Pink
55028121010513,ACTIVE,11.0,19.95,17.6,19.95,subir_a_base,TONYMOLY Get It Tint Glaze Balm - 08 Lavender Blossom
55028121043281,ACTIVE,11.0,19.95,17.6,19.95,subir_a_base,TONYMOLY Get It Tint Glaze Balm - 09 Peppermint Candy
55028121076049,ACTIVE,11.0,19.95,17.6,19.95,subir_a_base,TONYMOLY Get It Tint Glaze Balm - 10 Ice Candy
55028121108817,ACTIVE,11.0,19.95,17.6,19.95,subir_a_base,TONYMOLY Get It Tint Glaze Balm - 11 Caramel Chocolate
55028121141585,ACTIVE,11.0,19.95,17.6,19.95,subir_a_base,TONYMOLY Get It Tint Glaze Balm - 12 Raspberry Chocolate
55028121174353,ACTIVE,11.0,19.95,17.6,19.95,subir_a_base,TONYMOLY Get It Tint Glaze Balm - 13 Dark Chocolate
55028121305425,ACTIVE,26.0,46.95,41.6,46.95,subir_a_base,Sulwhasoo Glowing Lip Balm 3g - NO 000 CLEAR
55028121338193,ACTIVE,26.0,46.95,41.6,46.95,subir_a_base,Sulwhasoo Glowing Lip Balm 3g - NO 030 PETAL
55028123402577,ACTIVE,7.0,12.95,11.2,12.95,subir_a_base,[MACQUEEN New York] Volume Fix Essential Lip Oil 3ml (1+1) - Default Title
55028124025169,ACTIVE,17.0,30.95,27.2,30.95,subir_a_base,AROMATICA Glow Vita Lip Volumizer Orange & Neroli 10g - Default Title
55028124320081,ACTIVE,6.0,10.95,9.6,10.95,subir_a_base,BBIA Lip Oil Balm 10g - Default Title
55028124451153,ACTIVE,12.0,21.95,19.2,21.95,subir_a_base,Dr.Ceuracle Vegan Kombucha Tea Lip Balm 3.7g - Default Title
55028124909905,ACTIVE,12.0,21.95,19.2,21.95,subir_a_base,Dinto [Marcus Aurelius] Repairing Lip Essence Mask 100 3g - Default Title
55028125925713,ACTIVE,6.0,10.95,9.6,10.95,subir_a_base,FORENCOS Night Care Lip Balm 10ml - Default Title
55028126024017,ACTIVE,17.0,30.95,27.2,30.95,subir_a_base,YUNJAC Hydrating & Soothing Lip Care Balm 12g - Default Title
55028126417233,ACTIVE,10.0,18.95,16.0,18.95,subir_a_base,REJURAN Calming Lip Balm 3.7g - Default Title
55028126646609,ACTIVE,10.0,18.95,16.0,18.95,subir_a_base,JUNGSAEMMOOL Lip Care Color Oil 10ml (3color) - Cherry More
55028126679377,ACTIVE,10.0,18.95,16.0,18.95,subir_a_base,JUNGSAEMMOOL Lip Care Color Oil 10ml (3color) - Pink Soda
55028126712145,ACTIVE,10.0,18.95,16.0,18.95,subir_a_base,JUNGSAEMMOOL Lip Care Color Oil 10ml (3color) - Pure Coral
55028127138129,ACTIVE,13.0,23.95,20.8,23.95,subir_a_base,[THE WHOO] Royal Essential Golden Lipcerin 15ml - Default Title
55028127367505,ACTIVE,5.0,9.95,8.0,9.95,subir_a_base,SKINFOOD Lemon Dill Butter Food Mask Lip Balm 21ml - Default Title
55028127596881,ACTIVE,3.0,5.95,4.8,5.95,subir_a_base,A'pieu Honey & Milk Lip Balm 3.3g - Default Title
55028127859025,ACTIVE,10.0,18.95,16.0,18.95,subir_a_base,O HUI Miracle Moisture Lipcerin 15ml - Default Title
55028128678225,ACTIVE,13.0,23.95,20.8,23.95,subir_a_base,FULLY GREEN TOMATO SMOOTIE LIP SCRUB 12g - Default Title
55028128940369,ACTIVE,5.0,9.95,8.0,9.95,subir_a_base,[NATURE REPUBLIC] Essential Lip Balm 4.2g (5colors) - PEPPERMINT
55028128973137,ACTIVE,5.0,9.95,8.0,9.95,subir_a_base,[NATURE REPUBLIC] Essential Lip Balm 4.2g (5colors) - HERB
55028129005905,ACTIVE,5.0,9.95,8.0,9.95,subir_a_base,[NATURE REPUBLIC] Essential Lip Balm 4.2g (5colors) - CAMELLIA
55028129038673,ACTIVE,5.0,9.95,8.0,9.95,subir_a_base,[NATURE REPUBLIC] Essential Lip Balm 4.2g (5colors) - GRAPEFRUIT
55028129071441,ACTIVE,5.0,9.95,8.0,9.95,subir_a_base,[NATURE REPUBLIC] Essential Lip Balm 4.2g (5colors) - ROSE
55028129628497,ACTIVE,8.0,14.95,12.8,14.95,subir_a_base,[NATURE REPUBLIC] Natural Made Lip Mask 12g (2types) - Night Lip Mask
55028129661265,ACTIVE,8.0,14.95,12.8,14.95,subir_a_base,[NATURE REPUBLIC] Natural Made Lip Mask 12g (2types) - Day Lip Mask
55028129956177,ACTIVE,13.0,23.95,20.8,23.95,subir_a_base,FULLY RED TOMATO JELLY LIP MASK 12g - Default Title
55028130152785,ACTIVE,4.0,7.95,6.4,7.95,subir_a_base,Shingmulnara Moisture Color Lip Balm 3.5g (2colors) - 01 Pink
55028130185553,ACTIVE,4.0,7.95,6.4,7.95,subir_a_base,Shingmulnara Moisture Color Lip Balm 3.5g (2colors) - 02 Coral
55028130480465,ACTIVE,7.0,12.95,11.2,12.95,subir_a_base,PETITFEE Aura Quartz Lip Mask 6.4g X 3ea - Default Title
55028130742609,ACTIVE,12.0,21.95,19.2,21.95,subir_a_base,HEVEBLUE Penta Berry Panthenol Repair Lip Treatment 12g (4colors) - 00 Clear
55028130775377,ACTIVE,12.0,21.95,19.2,21.95,subir_a_base,HEVEBLUE Penta Berry Panthenol Repair Lip Treatment 12g (4colors) - 01 Fig Berry
55028130808145,ACTIVE,12.0,21.95,19.2,21.95,subir_a_base,HEVEBLUE Penta Berry Panthenol Repair Lip Treatment 12g (4colors) - 02 Ballet Berry
55028130840913,ACTIVE,12.0,21.95,19.2,21.95,subir_a_base,HEVEBLUE Penta Berry Panthenol Repair Lip Treatment 12g (4colors) - 03 Plum Berry
55028130939217,ACTIVE,5.0,9.95,8.0,9.95,subir_a_base,Shingmulnara Moisuture Lip Mask 20g - Default Title
55028131234129,ACTIVE,13.0,23.95,20.8,23.95,subir_a_base,nutseline Super Nut Collagen Keyring Lip Balm 11ml - Default Title
55028131430737,ACTIVE,20.0,36.95,32.0,36.95,subir_a_base,Dr.G Royal Black Snail Eye Cream 30ml - Default Title
55028131594577,ACTIVE,21.0,37.95,33.6,37.95,subir_a_base,KLAIRS Fundamental Eye Awakening Gel 35ml - Default Title
55028131922257,ACTIVE,16.0,28.95,25.6,28.95,subir_a_base,KLAIRS Fundamental Nourishing Eye Butter 20g - Default Title
55028132282705,ACTIVE,15.0,27.95,24.0,27.95,subir_a_base,isoi Blemish Care Eye Concentrate 17ml - Default Title
55028132446545,ACTIVE,20.0,36.95,32.0,36.95,subir_a_base,Isfren Rx Magic Eye Solution Ex - ISFREN Dark Circle Eye Cream 20g - Default Title
55028132610385,ACTIVE,13.0,23.95,20.8,23.95,subir_a_base,goodal Green Tangerine Vita C Dark Circle Eye Cream 30ml - Default Title
55028132741457,ACTIVE,13.0,23.95,20.8,23.95,subir_a_base,goodal Green Tangerine Vita C Eye Gel Patch 60 Sheets (72g) - Default Title
55028134216017,ACTIVE,11.0,19.95,17.6,19.95,subir_a_base,THE FACE SHOP Pomegranate And Collagen Volume Lifting Eye Cream 50ml - Default Title
55028134281553,ACTIVE,28.0,50.95,44.8,50.95,subir_a_base,[THANK YOU FARMER] Miracle Age Repair Eye Cream 20g - Default Title
55028134445393,ACTIVE,30.0,54.95,48.0,54.95,subir_a_base,heimish Marine Care Eye Cream 30ml - Default Title
55028139884881,ACTIVE,17.0,30.95,27.2,30.95,subir_a_base,heimish Bulgarian Rose Water Hydrogel Eye Patch 60pcs - Default Title
55028140015953,ACTIVE,14.0,25.95,22.4,25.95,subir_a_base,Dr.Belmeur Advanced Cica Eye Cream 25ml - Default Title
55028141621585,ACTIVE,22.0,39.95,35.2,39.95,subir_a_base,Benton Snail Bee Ultimate Eye Cream 30g - Default Title
55028146274641,ACTIVE,17.0,30.95,27.2,30.95,subir_a_base,Benton Snail Bee Ultimate Hydro gel Eye Patch (60pcs) - Default Title
55028146372945,ACTIVE,10.0,18.95,16.0,18.95,subir_a_base,Isntree TW-Real Eye Cream 30ml - Default Title
55028146471249,ACTIVE,17.0,30.95,27.2,30.95,subir_a_base,iUNIK Propolis Vitamin Eye Cream For Eye&Face 30ml - Default Title
55028146536785,ACTIVE,8.0,14.95,12.8,14.95,subir_a_base,Re:NK RS Wrinkle Repair Eye Cream 30ml - Default Title
55028146667857,ACTIVE,22.0,39.95,35.2,39.95,subir_a_base,innisfree Perfect 9 Intensive Eye Cream 30ml - Default Title
55028146766161,ACTIVE,12.0,21.95,19.2,21.95,subir_a_base,innisfree Green Tea Hyaluronic Glow Eye & Face Ball 10ml - Default Title
55028146864465,ACTIVE,11.0,19.95,17.6,19.95,subir_a_base,Hanskin Collagen Peptide Eye Cream 80ml - Default Title
55028146962769,ACTIVE,8.0,14.95,12.8,14.95,subir_a_base,It'S SKIN Power 10 Formula LI Eye Cream 25ml - Default Title
55028147126609,ACTIVE,19.0,34.95,30.4,34.95,subir_a_base,Benton Fermentation Eye Cream 30g - Default Title
55028147224913,ACTIVE,13.0,23.95,20.8,23.95,subir_a_base,MIZON Phyto Plump Collagen Eye Gel Patch 84g - Default Title
55028147388753,ACTIVE,15.0,27.95,24.0,27.95,subir_a_base,AHC Pro Shot Hyaluro-Deep Volume 5 Capsule-Infused Eye Cream For Face 30ml - Default Title
55028147781969,ACTIVE,20.0,36.95,32.0,36.95,subir_a_base,AHC Pro Shot GlutA-ctivation Bright 3 Capsule-Infused Eye Cream For Face 30ml - Default Title
55028148076881,ACTIVE,20.0,36.95,32.0,36.95,subir_a_base,AHC Premier Ampoule In Eye Cream 35ml+35ml - Default Title
55028148306257,ACTIVE,17.0,30.95,27.2,30.95,subir_a_base,AHC Colla-Juvenation Lift 4 Capsule-Infused Eye Cream For Face 30ml - Default Title
55028148568401,ACTIVE,15.0,27.95,24.0,27.95,subir_a_base,AHC Ten Revolution Real Eye Cream For Face 35ml+35ml - Default Title
55028148863313,ACTIVE,17.0,30.95,27.2,30.95,subir_a_base,TONYMOLY INTENSE CARE Gold 24K Snail Eye Cream 30ml - Default Title
55028149551441,ACTIVE,13.0,23.95,20.8,23.95,subir_a_base,goodal Black Carrot Vita-A Retinol Eye Cream 30ml - Default Title
55028149813585,ACTIVE,13.0,23.95,20.8,23.95,subir_a_base,APLB GLUTATHIONE NIACINAMIDE EYE CREAM 20ml - Default Title
55028150108497,ACTIVE,19.0,34.95,30.4,34.95,subir_a_base,[THANK YOU FARMER] Bakuvita Intensive Eye Serum 30ml - Default Title
55028150501713,ACTIVE,6.0,10.95,9.6,10.95,subir_a_base,AMPLE:N Hyaluron Shot Eye Cream 25ml - Default Title
55028151058769,ACTIVE,12.0,21.95,19.2,21.95,subir_a_base,S.NATURE Aqua Soy Yogurt Eye Cream 25g - Default Title
55028151320913,ACTIVE,25.0,45.95,40.0,45.95,subir_a_base,REJURAN Healing Eye Gel 15ml - Default Title
55028151714129,ACTIVE,18.0,32.95,28.8,32.95,subir_a_base,The SAEM Urban Eco Golden Berry C Eye Cream 30ml - Default Title
55028152107345,ACTIVE,12.0,21.95,19.2,21.95,subir_a_base,One-day's you Collagen Hydrogel Eye Patch 87g(60ea) - Default Title
55028152467793,ACTIVE,10.0,18.95,16.0,18.95,subir_a_base,DEWYTREE Prime Gold Snail Eye Patch 90g(60ea) - Default Title
55028152861009,ACTIVE,14.0,25.95,22.4,25.95,subir_a_base,PETITFEE Aura Quartz Eye Mask 85g (60 Patches) - Default Title
55028153090385,ACTIVE,12.0,21.95,19.2,21.95,subir_a_base,PETITFEE Artichoke Soothing Hydrogel Eye Mask 80g (60 Patches) - Default Title
55028153483601,ACTIVE,12.0,21.95,19.2,21.95,subir_a_base,PETITFEE Agave Cooling Hydrogel Eye Mask 80g (60 Patches) - Default Title
55028153811281,ACTIVE,20.0,36.95,32.0,36.95,subir_a_base,PETITFEE Aura Quartz Eye Mask Pure Opal 80g (40 Patches) - Default Title
55028154138961,ACTIVE,17.0,30.95,27.2,30.95,subir_a_base,PETITFEE B-Glucan Deep Firming Eye Mask 70g (60 Patches) - Default Title
55028154663249,ACTIVE,8.0,14.95,12.8,14.95,subir_a_base,PETITFEE Black Pearl & Gold Hydrogel Eye Patch (1.4g X 60 Patches) - Default Title
55028154859857,ACTIVE,12.0,21.95,19.2,21.95,subir_a_base,PETITFEE Cacao Energizing Hydrogel Eye Mask 80g (60 Patches) - Default Title
55028155187537,ACTIVE,7.0,12.95,11.2,12.95,subir_a_base,PETITFEE Gold Hydrogel Eye Patch (1.4g X 60 Patches) - Default Title
55028155646289,ACTIVE,8.0,14.95,12.8,14.95,subir_a_base,PETITFEE GOLD EGF EYE & SPOT PATCH (EYE patch 1.1g X 60 Patches + SPOT patch 0.6g X 30 Patches) - Default Title
55028155908433,ACTIVE,12.0,21.95,19.2,21.95,subir_a_base,PETITFEE Chamomile Lightening Hydrogel Eye Mask 80g (60 Patches) - Default Title
55028156170577,ACTIVE,8.0,14.95,12.8,14.95,subir_a_base,PETITFEE Collagen & CoQ10 Hydrogel Eye Patch (1.4g X 60 Patches) - Default Title
55028156367185,DRAFT,9.0,11.16,14.4,14.4,sin_cambio,PETITFEE Gold Snail Hydrogel Eye Patch (1.4g X 60 Patches) - Default Title
55028156629329,ACTIVE,17.0,30.95,27.2,30.95,subir_a_base,PETITFEE Pink Vita Brightening Eye Mask 70g (60 Patches) - Default Title
55028156858705,ACTIVE,12.0,21.95,19.2,21.95,subir_a_base,TONYMOLY 2X Vitamin C Eye Gel Patch 84g (60ea) - Default Title
55028156957009,ACTIVE,13.0,23.95,20.8,23.95,subir_a_base,TONYMOLY Pure Dew Tea Tree & Yuja C Eye Cream 30ml - Default Title
55028157022545,ACTIVE,16.0,28.95,25.6,28.95,subir_a_base,TONYMOLY PREMIUM RX Swallow Nest Eye Cream 70ml - Default Title
55028157120849,ACTIVE,18.0,32.95,28.8,32.95,subir_a_base,TONYMOLY Intense Care Gold 24K Snail Eye Serum Ball 15ml - Default Title
55028157284689,ACTIVE,8.0,14.95,12.8,14.95,subir_a_base,TONYMOLY BIO EX Cell Peptide Eye Solution 30ml - Default Title
55028157382993,ACTIVE,8.0,14.95,12.8,14.95,subir_a_base,TONYMOLY Red Retinol Wrinkle Focus Eye Cream 30ml - Default Title
55028157481297,ACTIVE,15.0,27.95,24.0,27.95,subir_a_base,TONYMOLY Strong Eyelash Serum 5g - Default Title
55028157841745,ACTIVE,15.0,27.95,24.0,27.95,subir_a_base,innisfree Jeju Orchid Eye Cream 30ml - Default Title
55028157940049,DRAFT,9.0,11.16,14.4,14.4,sin_cambio,Elizavecca Gold CF-Nest White-Bomb Eye Cream 30ml - Default Title
55028158038353,ACTIVE,14.0,25.95,22.4,25.95,subir_a_base,Elizavecca Gold CF-Nest B-Jo Eye Want Cream 100ml - Default Title
55028158169425,ACTIVE,8.0,14.95,12.8,14.95,subir_a_base,[Pyunkang Yul] Concentrated Eye Cream 25ml - Default Title
55028158300497,ACTIVE,17.0,30.95,27.2,30.95,subir_a_base,Elizavecca Milky Piggy Hell-Pore Gold Hyaluronic acid eye patch 60ea/90g - Default Title
55028158562641,ACTIVE,22.0,39.95,35.2,39.95,subir_a_base,Elizavecca Milky Piggy Hydro-gel Bouncy Eye Patch 20pcs - Default Title
55028158726481,ACTIVE,17.0,30.95,27.2,30.95,subir_a_base,[Pyunkang Yul] Black Tea Time Reverse Eye Cream 25ml - Default Title
55028158923089,ACTIVE,10.0,18.95,16.0,18.95,subir_a_base,[Pyunkang Yul] Black Tea Time Reverse Eye Patch 60ea/84g - Default Title
55028159152465,ACTIVE,7.0,12.95,11.2,12.95,subir_a_base,EUNYUL Premium Eye Cream 40g - Default Title
55028159480145,ACTIVE,20.0,36.95,32.0,36.95,subir_a_base,[Pyunkang Yul] Eye Cream (1ml X 50ea) - Default Title
55028159676753,ACTIVE,24.0,43.95,38.4,43.95,subir_a_base,belif Aqua Bomb Eye Gel 15ml - Default Title
55028159873361,ACTIVE,12.0,21.95,19.2,21.95,subir_a_base,Dr.Ceuracle Hyal Reyouth Hydrogel Eye Mask 60ea/90g - Default Title
55028160201041,ACTIVE,12.0,21.95,19.2,21.95,subir_a_base,MEDIPEEL 24K Gold Snail Repair Eye Cream 40ml - Default Title
55028160364881,ACTIVE,17.0,30.95,27.2,30.95,subir_a_base,NEOGEN Dermalogy V.Biome Advanced Eye Cream 35ml - Default Title
55028160495953,ACTIVE,10.0,18.95,16.0,18.95,subir_a_base,NEOGEN SUR.MEDIC+ Perfection 100TM 24K Gold Eye Patch 75g/60ea - Default Title
55028160692561,ACTIVE,30.0,54.95,48.0,54.95,subir_a_base,NEOGEN SUR.MEDIC+ Perfection 100 All In One Facial Eye Cream 35ml - Default Title
55028160889169,ACTIVE,8.0,14.95,12.8,14.95,subir_a_base,NEOGEN RAAR Style Perfect Care Eyelash Ampoule 10g - Default Title
55028161053009,ACTIVE,16.0,28.95,25.6,28.95,subir_a_base,JUNGSAEMMOOL Artist Eyelash Serum 10g (2type) - AMPOULE SERUM
55028161085777,ACTIVE,16.0,28.95,25.6,28.95,subir_a_base,JUNGSAEMMOOL Artist Eyelash Serum 10g (2type) - BLACK SERUM
55028161478993,ACTIVE,18.0,32.95,28.8,32.95,subir_a_base,SKINFOOD Black Cherry Retinol 0.1 Eye Cream 30ml - Default Title
55028161708369,ACTIVE,7.0,12.95,11.2,12.95,subir_a_base,SKINFOOD Salmon PDRN Eyelash Serum 7.6g - Default Title
55028162036049,ACTIVE,13.0,23.95,20.8,23.95,subir_a_base,SKINFOOD Gold Caviar Collagen Plus Eye Patch 85g/60ea - Default Title
55028162232657,ACTIVE,27.0,48.95,43.2,48.95,subir_a_base,SKINFOOD Gold Caviar Collagen Plus Eye Cream 30g - Default Title
55028162330961,ACTIVE,15.0,27.95,24.0,27.95,subir_a_base,Dr.G Hydra Aqua Retinol Eye Cream 20ml - Default Title
55028162855249,ACTIVE,10.0,18.95,16.0,18.95,subir_a_base,SUNGBOON EDITOR Silk Peptide Intensive Lifting Eye Cream 30ml - Default Title
55028163084625,ACTIVE,21.0,37.95,33.6,37.95,subir_a_base,AESTURA REGEDERM 365 RETINOID EYE SERUM 15ml - Default Title
55028167311697,ACTIVE,25.0,45.95,40.0,45.95,subir_a_base,AESTURA REGEDERM 365 INTENSIVE LIFTING CAPSULE CREAM 50ml - Default Title
55028167934289,ACTIVE,6.0,10.95,9.6,10.95,subir_a_base,O HUI Age Recovery Collagen Wrinkle Patch 9ea - Default Title
55028168491345,ACTIVE,17.0,30.95,27.2,30.95,subir_a_base,[THANK YOU FARMER] Grape Aqua Hyaluron Biome Jelly Eye Patch 84g/60ea - Default Title
55028168851793,ACTIVE,14.0,25.95,22.4,25.95,subir_a_base,[THANK YOU FARMER] Rice Pure Jelly Eye Patch 84g/60ea - Default Title
55028169441617,ACTIVE,8.0,14.95,12.8,14.95,subir_a_base,[NATURE REPUBLIC] Real Squeeze Aloe Vera Eye Serum 15ml - Default Title
55028169834833,ACTIVE,18.0,32.95,28.8,32.95,subir_a_base,Genabelle Glutamin-C Luminous Eye Cream 10ml - Default Title
55028170555729,ACTIVE,21.0,37.95,33.6,37.95,subir_a_base,PURCELL Eye Mask Pack Set 3g X 6ea (2-type) - #Silver(PIXCELL BIOMTM MOISTURE BARRIER EYE MASK)
55028170588497,ACTIVE,21.0,37.95,33.6,37.95,subir_a_base,PURCELL Eye Mask Pack Set 3g X 6ea (2-type) - #Gold(L-GLUTATHIONE BRIGHTENING EYE MASK)
55028171080017,ACTIVE,20.0,36.95,32.0,36.95,subir_a_base,Parnell Bakuchiol Retinol Wild Yam Firming Eye Patch 72g/60ea - Default Title
55028171866449,ACTIVE,21.0,37.95,33.6,37.95,subir_a_base,HEVEBLUE Black Yuja Bean Lifting Auto Eye Cream 15ml - Default Title
55028172161361,ACTIVE,13.0,23.95,20.8,23.95,subir_a_base,SUNGBOON EDITOR Deep Collagen Melting Eye Patch (12 Patches) - Default Title
55028172423505,ACTIVE,14.0,25.95,22.4,25.95,subir_a_base,PETITFEE PEP-TIGHTENING Eye Cream 30g - Default Title
55028172620113,ACTIVE,10.0,18.95,16.0,18.95,subir_a_base,PETITFEE Aura Quartz Hydrogel Eye Zone Mask 9g X 5ea - Default Title
55028173013329,ACTIVE,10.0,18.95,16.0,18.95,subir_a_base,Hanskin Youth Bifida Expert Biome Eye Cream 15ml - Default Title
55028173209937,ACTIVE,13.0,23.95,20.8,23.95,subir_a_base,innisfree Green Tea PDRN Bounce Booster Eye & Lip Serum 15ml - Default Title
55028173504849,ACTIVE,16.0,28.95,25.6,28.95,subir_a_base,Dr.Melaxin Cemenrete Calcium Dark Spot Eye Cream 15g - Default Title
55028174160209,ACTIVE,15.0,27.95,24.0,27.95,subir_a_base,Dr.Melaxin Cemenrete Calcium Volume Eye Patch 72g/60ea - Default Title
55028174225745,ACTIVE,19.0,34.95,30.4,34.95,subir_a_base,Dr.Melaxin Eyephalt Eyebag Cream Plus 10ml - Default Title
55028174324049,ACTIVE,21.0,37.95,33.6,37.95,subir_a_base,Dr.Melaxin Retinol Eyebag Cream 10ml - Default Title
55028174422353,ACTIVE,31.0,55.95,49.6,55.95,subir_a_base,TONYMOLY Snail PDRN Recovery Eye Cream 30ml - Default Title
55028174553425,ACTIVE,11.0,19.95,17.6,19.95,subir_a_base,TIAM Vita A Bakuchiol Firming Eye Cream 30ml - Default Title
55028175044945,ACTIVE,26.0,46.95,41.6,46.95,subir_a_base,Elizavecca Hwa Yu Hong Flower Essence Lotion 200ml - Default Title
55028175143249,ACTIVE,26.0,46.95,41.6,46.95,subir_a_base,Elizavecca Hyaluronic Acid Pure 100 200ml - Default Title
55028175241553,ACTIVE,26.0,46.95,41.6,46.95,subir_a_base,Dr.G R.E.D BLEMISH Repair Soothing Cream 50ml - Default Title
55028175339857,ACTIVE,26.0,46.95,41.6,46.95,subir_a_base,papa recipe Mild Derma Ectoin 1% Cream 150ml - Default Title
55028175503697,ACTIVE,26.0,46.95,41.6,46.95,subir_a_base,FATION Nosca9 Trouble Toning Repair Cream 70ml - Default Title
55028175667537,ACTIVE,26.0,46.95,41.6,46.95,subir_a_base,MIGUHARA Hyalucollagen Moisture Toner Origin 120ml - Default Title
55028176453969,ACTIVE,26.0,46.95,41.6,46.95,subir_a_base,[THANK YOU FARMER] Bakuvita Revitalizing Ampoule 50ml - Default Title
55028176650577,ACTIVE,26.0,46.95,41.6,46.95,subir_a_base,isoi Blemish Care Up Cream 55ml - Default Title
55028177011025,ACTIVE,26.0,46.95,41.6,46.95,subir_a_base,IOPE PDRN Caffeine Shot Ampoule 30ml - Default Title
55028177469777,ACTIVE,26.0,46.95,41.6,46.95,subir_a_base,JUNGSAEMMOOL Essential Mool Cream Light 50ml - Default Title
55028177797457,ACTIVE,26.0,46.95,41.6,46.95,subir_a_base,innisfree Perfect 9 Intensive Cream 60ml - Default Title
55028177961297,ACTIVE,26.0,46.95,41.6,46.95,subir_a_base,d’Alba White Truffle Purifying Calming Serum 150ml - Default Title
55028178092369,ACTIVE,26.0,46.95,41.6,46.95,subir_a_base,AHC Colla-Juvenation Lift 4 Treatment Essence 130ml - Default Title
55028178256209,ACTIVE,26.0,46.95,41.6,46.95,subir_a_base,isoi Bulgarian Rose MoisturiZIP 45ml - Default Title
55028178452817,ACTIVE,26.0,46.95,41.6,46.95,subir_a_base,belif Hungarian Water Essence - Moisture Binder 75ml - Default Title
55028178551121,ACTIVE,27.0,48.95,43.2,48.95,subir_a_base,nutseline Super Nut Cream Ampoule 150ml - Default Title
55028178714961,ACTIVE,27.0,48.95,43.2,48.95,subir_a_base,d'Alba White Truffle Refresh Aqua Serum (Moisturizing & Cooling) 100ml - Default Title
55028178878801,ACTIVE,27.0,48.95,43.2,48.95,subir_a_base,PURCELL Pixcell Biom After Rebooting Cream 50ml - Default Title
55028178977105,ACTIVE,27.0,48.95,43.2,48.95,subir_a_base,NEOGEN Agecure One Minute Wrinkle Lift Cream 3ml X 4ea - Default Title
55028179108177,ACTIVE,27.0,48.95,43.2,48.95,subir_a_base,[DEAR DAHLIA] Endless Skin Cream Mist 100ml - Default Title
55028179239249,ACTIVE,27.0,48.95,43.2,48.95,subir_a_base,Dr.G Revital Enhancer EGF Ageless Cream 50ml - Default Title
55028179435857,ACTIVE,27.0,48.95,43.2,48.95,subir_a_base,[Pyunkang Yul] Balancing Gel 100ml - Default Title
55028181270865,ACTIVE,27.0,48.95,43.2,48.95,subir_a_base,innisfree Green Tea Seed Hyaluronic Serum 130ml - Default Title
55028181467473,ACTIVE,27.0,48.95,43.2,48.95,subir_a_base,Easydew Barrier Repair Cream 105ml - Default Title
55028181598545,ACTIVE,27.0,48.95,43.2,48.95,subir_a_base,su:m37 Fermentalift Moisturizing Emulsion 130ml - Default Title
55028181762385,ACTIVE,27.0,48.95,43.2,48.95,subir_a_base,primera Organience Barrier Repair Seed Peptide Reserve Serum 30ml - Default Title
55028181893457,ACTIVE,27.0,48.95,43.2,48.95,subir_a_base,ODELOI Carnosine Lifting Serum Luftig 50ml - Default Title
55028181991761,ACTIVE,27.0,48.95,43.2,48.95,subir_a_base,MISSHA CHOGONGJIN SULBON JIN DARK SPOT CORRECTING CREAM 60ml - Default Title
55028182122833,ACTIVE,27.0,48.95,43.2,48.95,subir_a_base,MISSHA CHOGONGJIN GEUMSUL JIN BOOSTING ESSENCE 90ml - Default Title
55028182286673,ACTIVE,27.0,48.95,43.2,48.95,subir_a_base,isoi Bulgarian Rose Pore Tightening Fresh Gel Cream 50ml - Default Title
55028182450513,ACTIVE,27.0,48.95,43.2,48.95,subir_a_base,isoi Bulgarian Rose Whitening Laser Spot 20ml - Default Title
55028182647121,ACTIVE,27.0,48.95,43.2,48.95,subir_a_base,O HUI PRIME ADVANCER skin softener 150ml - Default Title
55028182843729,ACTIVE,27.0,48.95,43.2,48.95,subir_a_base,[THANK YOU FARMER] Miracle Age Repair Cream 50ml - Default Title
55028183007569,ACTIVE,27.0,48.95,43.2,48.95,subir_a_base,isoi Bulgarian Rose Pore Tightening Control Serum 50ml - Default Title
55028183171409,ACTIVE,27.0,48.95,43.2,48.95,subir_a_base,isoi Bulgarian Rose Intensive Lifting Serum 35ml - Default Title
55028183269713,ACTIVE,27.0,48.95,43.2,48.95,subir_a_base,"Huxley Oil Essence ; Essence-like, Oil-like 30ml - Default Title"
55028183400785,ACTIVE,28.0,50.95,44.8,50.95,subir_a_base,d'Alba Vita Toning Capsule Cream 55g - Default Title
55028183531857,ACTIVE,28.0,50.95,44.8,50.95,subir_a_base,[MANYO FACTORY] Galactomy Melacore Essence 50ml - Default Title
55028183695697,ACTIVE,28.0,50.95,44.8,50.95,subir_a_base,d'Alba White Truffle Moisturizing Cream 50g - Default Title
55028184023377,ACTIVE,28.0,50.95,44.8,50.95,subir_a_base,Huxley BioSIS 360 Ampoule 30ml - Default Title
55028184219985,ACTIVE,28.0,50.95,44.8,50.95,subir_a_base,YUNJAC Skin Perfecting Protective Base Prep 40ml - Default Title
55028184416593,ACTIVE,28.0,50.95,44.8,50.95,subir_a_base,innisfree Green Tea Enzyme Vitamin C Brightening Serum 50ml - Default Title
55028184613201,ACTIVE,28.0,50.95,44.8,50.95,subir_a_base,Dr.Jart+ Cicapair Intensive Soothing Repair Milky Lotion 100ml - Default Title
55028184777041,ACTIVE,28.0,50.95,44.8,50.95,subir_a_base,isoi Blemish Care Sleeping Pack 50ml - Default Title
55028185006417,ACTIVE,28.0,50.95,44.8,50.95,subir_a_base,IOPE Bio Conditioning Essence 168ml - Default Title
55028185137489,ACTIVE,28.0,50.95,44.8,50.95,subir_a_base,HERA HYDRO REFLECTING TONER 170ml - Default Title
55028185334097,ACTIVE,28.0,50.95,44.8,50.95,subir_a_base,O HUI MIRACLE TONING glow serum 50ml - Default Title
55028185432401,ACTIVE,28.0,50.95,44.8,50.95,subir_a_base,O HUI Miracle Aqua Essence 45ml - Default Title
55028185629009,ACTIVE,28.0,50.95,44.8,50.95,subir_a_base,Dr.Jart+ CICAPAIR MILKY LOTION MOISTURIZER 100ml - Default Title
55028185727313,ACTIVE,28.0,50.95,44.8,50.95,subir_a_base,HERA HYDRO REFLECTING FLUID 140ml - Default Title
55028185891153,ACTIVE,28.0,50.95,44.8,50.95,subir_a_base,Huxley Oil ; Light and More 30ml - Default Title
55028185956689,ACTIVE,28.0,50.95,44.8,50.95,subir_a_base,belif Numero 10 Essence 125ml - Default Title
55028186087761,ACTIVE,28.0,50.95,44.8,50.95,subir_a_base,belif THE TRUE CREAM AQUA BOMB 50ml - Default Title
55028186153297,ACTIVE,29.0,52.95,46.4,52.95,subir_a_base,IOPE XMD STEM III Clinical Recovery Softener 130ml - Default Title
55028186251601,ACTIVE,29.0,52.95,46.4,52.95,subir_a_base,IOPE XMD STEM III Clinical Recovery Emulsion 130ml - Default Title
55028186480977,ACTIVE,29.0,52.95,46.4,52.95,subir_a_base,Huxley BioSIS 360 Cream 30ml - Default Title
55028186546513,ACTIVE,29.0,52.95,46.4,52.95,subir_a_base,YUNJAC Calming And Comforting Ampoule 40ml - Default Title
55028186644817,ACTIVE,29.0,52.95,46.4,52.95,subir_a_base,heimish Marine Care Deep Moisture Nourishing Melting Cream 55ml - Default Title
55028186743121,ACTIVE,29.0,52.95,46.4,52.95,subir_a_base,heimish Marine Care Retinol For Face Serum 50ml - Default Title
55028188315985,ACTIVE,29.0,52.95,46.4,52.95,subir_a_base,Elizavecca Silky Creamy Donkey Steam Moisture Milky Cream 100g - Default Title
55028188414289,ACTIVE,29.0,52.95,46.4,52.95,subir_a_base,belif Youth Creator Age Knockdown Barrier Toner 120ml - Default Title
55028188512593,ACTIVE,29.0,52.95,46.4,52.95,subir_a_base,d'Alba White Truffle Double Serum & Cream 70g - Default Title
55028188741969,ACTIVE,29.0,52.95,46.4,52.95,subir_a_base,Easydew DW-EGF CLEAR ZINC SOS SPOT 15ml - Default Title
55028188807505,ACTIVE,29.0,52.95,46.4,52.95,subir_a_base,REJURAN Biome Healer Youth Formula Cream 50ml - Default Title
55028188873041,ACTIVE,29.0,52.95,46.4,52.95,subir_a_base,MIGUHARA Hyalucollagen Moisturizer Origin 50ml - Default Title
55028188971345,ACTIVE,29.0,52.95,46.4,52.95,subir_a_base,primera Organience Barrier Repair Seed Peptide Reserve Cream 50ml - Default Title
55028189069649,ACTIVE,29.0,52.95,46.4,52.95,subir_a_base,innisfree Perfect 9 Intensive Serum 50ml - Default Title
55028189299025,ACTIVE,29.0,52.95,46.4,52.95,subir_a_base,ODELOI Retinol Paeonia Skin Redness Relief Ampoule Fyldig 50ml - Default Title
55028189725009,ACTIVE,29.0,52.95,46.4,52.95,subir_a_base,innisfree Black Tea Youth Enhancing Ampoule 50ml (Black Tea + Adenosine) - Default Title
55028189856081,ACTIVE,29.0,52.95,46.4,52.95,subir_a_base,[The History of Whoo] GONGJINHYANG Essential Moisturizing Balancer 150ml - Default Title
55028189987153,ACTIVE,29.0,52.95,46.4,52.95,subir_a_base,isoi Bulgarian Rose Waterfull Cream 50ml - Default Title
55028190150993,ACTIVE,30.0,54.95,48.0,54.95,subir_a_base,REJURAN Healer Triple Radiance Cream 50ml - Default Title
55028190282065,ACTIVE,30.0,54.95,48.0,54.95,subir_a_base,O HUI Extreme White MelaToning Dark Spot Ampoule Essence 30 ml - Default Title
55028190806353,ACTIVE,30.0,54.95,48.0,54.95,subir_a_base,O HUI 3 Hour Blurring Sun Powder SPF30 PA++ 20g (2colors) - #01 Clear
55028190839121,ACTIVE,30.0,54.95,48.0,54.95,subir_a_base,O HUI 3 Hour Blurring Sun Powder SPF30 PA++ 20g (2colors) - #02 Peach Beige
55028191166801,ACTIVE,30.0,54.95,48.0,54.95,subir_a_base,REJURAN Derma Healer Pore Tightening Ampoule 30ml - Default Title
55028191658321,ACTIVE,30.0,54.95,48.0,54.95,subir_a_base,YUNJAC Calming & Comforting Toner 150ml - Default Title
55028191920465,ACTIVE,30.0,54.95,48.0,54.95,subir_a_base,[Pyunkang Yul] Black Tea Deep Infusion Toner 130ml - Default Title
55028192018769,ACTIVE,30.0,54.95,48.0,54.95,subir_a_base,coxir Intensive EGF Peptide Serum 50ml - Default Title
55028192215377,ACTIVE,30.0,54.95,48.0,54.95,subir_a_base,heimish Bulgarian Rose Satin Cream 50ml - Default Title
55028192477521,ACTIVE,30.0,54.95,48.0,54.95,subir_a_base,REJURAN Healer Nutritive Cream 50ml - Default Title
55028199719249,ACTIVE,30.0,54.95,48.0,54.95,subir_a_base,Easydew DW-EGF Peptide Clear Sun Patch 4 Packs - Default Title
55028204896593,ACTIVE,30.0,54.95,48.0,54.95,subir_a_base,AMPLE:N 24K Gold Shot Ampoule 100ml - Default Title
55028205125969,ACTIVE,30.0,54.95,48.0,54.95,subir_a_base,MIGUHARA Hyalucollagen Essence Origin 50ml - Default Title
55028205388113,ACTIVE,30.0,54.95,48.0,54.95,subir_a_base,MIGUHARA Hyalucollagen Moisturizing Cream 50ml - Default Title
55028205584721,ACTIVE,30.0,54.95,48.0,54.95,subir_a_base,d'Alba White Truffle Double Layer Revitalizing Serum 30ml - Default Title
55028206076241,ACTIVE,30.0,54.95,48.0,54.95,subir_a_base,KAHI Wrinkle Bounce Skin Fit Blending Essence 30ml - Default Title
55028206305617,ACTIVE,30.0,54.95,48.0,54.95,subir_a_base,Dr.Jart+ Ceramidin Skin Barrier Moisturizing Milky Lotion 50ml - Default Title
55028206567761,ACTIVE,30.0,54.95,48.0,54.95,subir_a_base,isoi Bulgarian Rose Intensive Energizing Cream EX 60ml - Default Title
55028207485265,ACTIVE,31.0,55.95,49.6,55.95,subir_a_base,bravity Derma Green 5 Calming Elixir 40ml - Default Title
55028207616337,ACTIVE,31.0,55.95,49.6,55.95,subir_a_base,belif Youth Creator Age Knockdown Barrier Emulsion 100ml - Default Title
55028207944017,ACTIVE,31.0,55.95,49.6,55.95,subir_a_base,[THANK YOU FARMER] Miracle Age Repair Serum 60ml - Default Title
55028208795985,ACTIVE,32.0,57.95,51.2,57.95,subir_a_base,bravity Skin Reboot Spicule Serum 30ml - Default Title
55028208959825,ACTIVE,31.0,55.95,49.6,55.95,subir_a_base,belif The True Cream Moisturizing Bomb 75ml - Default Title
55028209254737,ACTIVE,32.0,57.95,51.2,57.95,subir_a_base,PURCELL 88B/ml L-Glutathione Flexible Liposome 30ml - Default Title
55028209385809,ACTIVE,32.0,57.95,51.2,57.95,subir_a_base,Elizavecca Witch Piggy Hell-Pore Marine Collagen Ampoule 50ml - Default Title
55028209582417,ACTIVE,32.0,57.95,51.2,57.95,subir_a_base,YUNJAC Calming & Comforting Emulsion 125ml - Default Title
55028209779025,ACTIVE,32.0,57.95,51.2,57.95,subir_a_base,YUNJAC Calming & Comforting Toner Pad 50pads/150ml - Default Title
55028209975633,ACTIVE,32.0,57.95,51.2,57.95,subir_a_base,YUNJAC Hydrating & Soothing Mist 100ml - Default Title
55028210073937,ACTIVE,32.0,57.95,51.2,57.95,subir_a_base,Elizavecca Milky Piggy Real White Time Milk Cream 100ml - Default Title
55028210172241,ACTIVE,32.0,57.95,51.2,57.95,subir_a_base,Elizavecca Aqua Water Snail Mucin Cream 50ml - Default Title
55028210270545,ACTIVE,32.0,57.95,51.2,57.95,subir_a_base,Easydew Barrier Repair Toner 200ml - Default Title
55028210434385,ACTIVE,32.0,57.95,51.2,57.95,subir_a_base,d'Alba White Truffle First Oil Capsule Serum 100ml - Default Title
55028210565457,ACTIVE,32.0,57.95,51.2,57.95,subir_a_base,NATURE REPUBLIC Snail Solution Skin Booster 130ml - Default Title
55028210696529,ACTIVE,32.0,57.95,51.2,57.95,subir_a_base,[The History of Whoo] GONGJINHYANG INYANG Essential Nourishing Emulsion 110ml - Default Title
55028210794833,ACTIVE,32.0,57.95,51.2,57.95,subir_a_base,NATURE REPUBLIC Ginseng Royal Silk Essence 40ml - Default Title
55028210893137,ACTIVE,32.0,57.95,51.2,57.95,subir_a_base,isoi Bulgarian Rose Intensive Energizing Oil 15ml - Default Title
55028211024209,ACTIVE,32.0,57.95,51.2,57.95,subir_a_base,belif MILKY MOISTURIZER HYDRA BALANCING 125mL - Default Title
55028211482961,ACTIVE,33.0,59.95,52.8,59.95,subir_a_base,bravity Daily STEMCELL Ampoule Lotion 100g - Default Title
55028212007249,ACTIVE,33.0,59.95,52.8,59.95,subir_a_base,PURCELL Pixcell Biom Booster Shot Powder 0.2g X 10ea - Default Title
55028212072785,ACTIVE,33.0,59.95,52.8,59.95,subir_a_base,Dr.G Revital Enhancer EGF Ampoule Program 10ml X 4ea - Default Title
55028212203857,ACTIVE,33.0,59.95,52.8,59.95,subir_a_base,Re:NK Cell to Cell Skin Softener 150ml - Default Title
55028212433233,ACTIVE,33.0,59.95,52.8,59.95,subir_a_base,belif Herb Bouquet Concentrate 50ml - Default Title
55028212597073,ACTIVE,33.0,59.95,52.8,59.95,subir_a_base,IOPE SUPER VITAL SOFTENER 150ml - Default Title
55028212662609,ACTIVE,33.0,59.95,52.8,59.95,subir_a_base,[The History of Whoo] GONGJINHYANG SEOL Radiant White Emulsion 110ml - Default Title
55028212826449,ACTIVE,33.0,59.95,52.8,59.95,subir_a_base,belif The White Decoction – Ultimate Brightening Cream 50ml - Default Title
55028213285201,ACTIVE,33.0,59.95,52.8,59.95,subir_a_base,belif CREAMY MOISTURIZER DEEP MOIST 125mL - Default Title
55028213449041,ACTIVE,33.0,59.95,52.8,59.95,subir_a_base,belif The True Cream Aqua Bomb tube 75ml - Default Title
55028214169937,ACTIVE,34.0,61.95,54.4,61.95,subir_a_base,bravity Daily STEMCELL Ampoule Skin 120ml - Default Title
55028214301009,ACTIVE,34.0,61.95,54.4,61.95,subir_a_base,belif Classic Collagen Firming Cream 50ml - Default Title
55028214563153,ACTIVE,220.0,396.95,352.0,396.95,subir_a_base,Sulwhasoo The Ultimate S cream (REFILL) 30ml - Default Title
55028214661457,ACTIVE,10.0,18.95,16.0,18.95,subir_a_base,make p:rem Inteca Soothing Pad 180ml(70 pads) - Default Title
55028214792529,ACTIVE,10.0,18.95,16.0,18.95,subir_a_base,DEWYTREE Miracle Hyaluron Serum 40ml - Default Title
55028214890833,ACTIVE,10.0,18.95,16.0,18.95,subir_a_base,DEWYTREE Moisture Charging Collagen Emulsion 150ml - Default Title
55028215218513,ACTIVE,10.0,18.95,16.0,18.95,subir_a_base,DEWYTREE Miracle Vitamin C Serum 40ml - Default Title
55028215513425,ACTIVE,10.0,18.95,16.0,18.95,subir_a_base,One-day's you No More Blackhead Pore Gel Cream 25ml - Default Title
55028216955217,ACTIVE,10.0,18.95,16.0,18.95,subir_a_base,The SAEM Derma Plan Zero Soothing Gel 200ml - Default Title
55028217086289,ACTIVE,10.0,18.95,16.0,18.95,subir_a_base,The SAEM Derma Plan Soothing Toner 155ml - Default Title
55028217282897,ACTIVE,10.0,18.95,16.0,18.95,subir_a_base,papa recipe Madecare Oint 33g - Default Title
55028217839953,ACTIVE,10.0,18.95,16.0,18.95,subir_a_base,The SAEM Derma Plan Balancing Moisturizer 130ml - Default Title
55028217938257,ACTIVE,10.0,18.95,16.0,18.95,subir_a_base,papa recipe Eggplant Clearing Skin 200ml - Default Title
55028219969873,ACTIVE,10.0,18.95,16.0,18.95,subir_a_base,papa recipe Eggplant Clearing Emulsion 150ml - Default Title
55028220756305,ACTIVE,10.0,18.95,16.0,18.95,subir_a_base,Shingmulnara Yuchae Flower Honey Watery Multi Oil 30ml - Default Title
55028222591313,ACTIVE,10.0,18.95,16.0,18.95,subir_a_base,AMPLE:N Peptide Shot Ampoule 30ml - Default Title
55028225179985,ACTIVE,10.0,18.95,16.0,18.95,subir_a_base,AMPLE:N Hyaluron Shot Light Ampoule 30ml - Default Title
55028229898577,ACTIVE,10.0,18.95,16.0,18.95,subir_a_base,AMPLE:N Hyaluron Shot Toner 220ml - Default Title
55028230652241,ACTIVE,10.0,18.95,16.0,18.95,subir_a_base,AMPLE:N Peeling Shot Ampoule 30ml - Default Title
55028230783313,ACTIVE,10.0,18.95,16.0,18.95,subir_a_base,AMPLE:N Hyaluron Shot Ampoule 30ml - Default Title
55028232880465,ACTIVE,10.0,18.95,16.0,18.95,subir_a_base,AMPLE:N Ceramide Shot Cream 50ml - Default Title
55028235010385,ACTIVE,10.0,18.95,16.0,18.95,subir_a_base,AMPLE:N Centel Calming Shot Ampoule 30ml - Default Title
55028235174225,ACTIVE,10.0,18.95,16.0,18.95,subir_a_base,WELLAGE Real Hyaluronic 100 Cream 50ml - Default Title
55028235403601,ACTIVE,10.0,18.95,16.0,18.95,subir_a_base,S.NATURE Aqua Oasis Toner 300ml - Default Title
55028235567441,ACTIVE,10.0,18.95,16.0,18.95,subir_a_base,MIGUHARA Hyalucollagen Essence Mist Origin 80ml - Default Title
55028235665745,ACTIVE,10.0,18.95,16.0,18.95,subir_a_base,isoi Blemish Care Pad 25ea(50g) - Default Title
55028237074769,ACTIVE,10.0,18.95,16.0,18.95,subir_a_base,MIGUHARA Aloe Soothing Gel Origin 200ml - Default Title
55028238057809,ACTIVE,10.0,18.95,16.0,18.95,subir_a_base,APLB Glutathione Niacinamide Ampoule Serum 40ml - Default Title
55028238156113,ACTIVE,10.0,18.95,16.0,18.95,subir_a_base,APLB Glutathione Niacinamide Facial Toner 160ml - Default Title
55028238319953,ACTIVE,10.0,18.95,16.0,18.95,subir_a_base,Huxley Essential Mist ; Sense Of Balance 35ml - Default Title
55028242153809,ACTIVE,10.0,18.95,16.0,18.95,subir_a_base,goodal Vegan Rice Milk Moisturizing Toner 250ml - Default Title
55028242252113,ACTIVE,10.0,18.95,16.0,18.95,subir_a_base,TONYMOLY Houttuynia Cordata Cica Quick Calming Pad 70g - Default Title
55028246970705,ACTIVE,10.0,18.95,16.0,18.95,subir_a_base,MIZON Phyto Plump Collagen Toner 150ml - Default Title
55028247101777,ACTIVE,10.0,18.95,16.0,18.95,subir_a_base,innisfree Volcanic Pha Pore Refining Toner 170ml - Default Title
55028247265617,ACTIVE,10.0,18.95,16.0,18.95,subir_a_base,SKINFOOD Carrot Carotene Soothing Toner 300ml - Default Title
55028249755985,ACTIVE,10.0,18.95,16.0,18.95,subir_a_base,Isntree Ultra-Low Molecular Hyaluronic Acid Serum 50ml - Default Title
55028258144593,ACTIVE,10.0,18.95,16.0,18.95,subir_a_base,innisfree Bija Trouble Toner 170ml - Default Title
55028258242897,ACTIVE,10.0,18.95,16.0,18.95,subir_a_base,Hanskin Real Complexion Hyaluron Skin Essence 300ml - Default Title
55028258406737,ACTIVE,10.0,18.95,16.0,18.95,subir_a_base,innisfree Green Tea Hyaluronic Lotion 170ml - Default Title
55028258636113,ACTIVE,10.0,18.95,16.0,18.95,subir_a_base,Isntree Onion Newpair Clear Pad 60EA 250ml - Default Title
55028258701649,ACTIVE,10.0,18.95,16.0,18.95,subir_a_base,It'S SKIN Peptide Collagen Serum 40ml - Default Title
55028258865489,ACTIVE,10.0,18.95,16.0,18.95,subir_a_base,Isntree Chestnut BHA 0.9% Clear Toner 200ml - Default Title
55028259193169,ACTIVE,10.0,18.95,16.0,18.95,subir_a_base,Isntree Hyper Retinol EX1.0 Serum 20ml - Default Title
55028259324241,ACTIVE,10.0,18.95,16.0,18.95,subir_a_base,MISSHA Super Aqua Ultra Hyalron Skin Essence 10X 200ml - Default Title
55028259651921,ACTIVE,10.0,18.95,16.0,18.95,subir_a_base,MIZON Water Volume EX Cream 100ml - Default Title
55028259782993,ACTIVE,10.0,18.95,16.0,18.95,subir_a_base,Isntree Hyaluronic Acid Toner 400ml - Default Title
55028259914065,ACTIVE,10.0,18.95,16.0,18.95,subir_a_base,A'pieu Mulberry Blemish Clearing Cream 50ml - Default Title
55028260012369,ACTIVE,10.0,18.95,16.0,18.95,subir_a_base,Isntree Green Tea Fresh Emulsion 120ml - Default Title
55028260077905,ACTIVE,10.0,18.95,16.0,18.95,subir_a_base,Isntree Green Tea Fresh Toner 200ml - Default Title
55028260176209,ACTIVE,10.0,18.95,16.0,18.95,subir_a_base,MISSHA Glow Skin Balm 50ml - Default Title
55028260340049,ACTIVE,10.0,18.95,16.0,18.95,subir_a_base,[ONE THING] 1% OLIGO HYALURONIC ACID 150ml - Default Title
55028260438353,ACTIVE,10.0,18.95,16.0,18.95,subir_a_base,[ONE THING] Centella Soothing Cream 100ml - Default Title
55028260503889,ACTIVE,10.0,18.95,16.0,18.95,subir_a_base,MISSHA Super Aqua Ultra Hyalron Emulsion 130ml - Default Title
55028260634961,ACTIVE,10.0,18.95,16.0,18.95,subir_a_base,[ONE THING] Hyaluronic Acid Complex 150ml - Default Title
55028261192017,ACTIVE,10.0,18.95,16.0,18.95,subir_a_base,ETUDE HOUSE SoonJung 10 Free Moist Emulsion 130ml - Default Title
55028261323089,ACTIVE,10.0,18.95,16.0,18.95,subir_a_base,[ONE THING] Centella Asiatica Extract Toner 300ml - Default Title
55028262109521,ACTIVE,10.0,18.95,16.0,18.95,subir_a_base,"TONYMOLY Wonder Ceramide Mocchi Toner, 17 oz(500ml) - Default Title"
55028262404433,ACTIVE,10.0,18.95,16.0,18.95,subir_a_base,Rokkiss Calendula Emulsion 150ml - Default Title
55028262601041,DRAFT,9.0,11.16,14.4,14.4,sin_cambio,ongredients AC Balancing PDRN Shot Patch 9 Patches (17mm) - Default Title
55028263027025,DRAFT,9.0,11.16,14.4,14.4,sin_cambio,Parnell Cicamanu Clear Patch [MULTI] 68ea - Default Title
55028263190865,DRAFT,9.0,11.16,14.4,14.4,sin_cambio,AHC Masters Pro Patch 2 Step SPF50+ PA++++ 4ea - Default Title
55028263485777,DRAFT,9.0,11.16,14.4,14.4,sin_cambio,Dr.Belmeur Daily Repair Facial Moisturizer 120ml - Default Title
55028263649617,DRAFT,9.0,11.16,14.4,14.4,sin_cambio,Dr.Belmeur Clarifying Moisturizer 120ml - Default Title
55028276035921,DRAFT,9.0,11.16,14.4,14.4,sin_cambio,A'pieu Aqua Nature Rose Dew Drop Brightening Toner 500ml - Default Title
55028276166993,DRAFT,9.0,11.16,14.4,14.4,sin_cambio,Dr.G Bakuchiol Pore-Jet Micro 800 Shot Patch 4P - Default Title
55028276363601,DRAFT,9.0,11.16,14.4,14.4,sin_cambio,SKINFOOD Royal Honey Propolis Enrich Cream Mist 120ml - Default Title
55028276560209,DRAFT,9.0,11.16,14.4,14.4,sin_cambio,EUNYUL Snail Ampoule 30ml - Default Title
55028276658513,DRAFT,9.0,11.16,14.4,14.4,sin_cambio,PAUL MEDISON BLACK TRUFFLE BALANCING ESSENCE 155ml - Default Title
55028276756817,DRAFT,9.0,11.16,14.4,14.4,sin_cambio,DEWYTREE Miracle Brightening Serum 30ml - Default Title
55028277281105,DRAFT,9.0,11.16,14.4,14.4,sin_cambio,DEWYTREE Miracle Firming Serum 30ml - Default Title
55028277346641,DRAFT,9.0,11.16,14.4,14.4,sin_cambio,DEWYTREE Miracle Pore Minimizing Serum 30ml - Default Title
55028277412177,DRAFT,9.0,11.16,14.4,14.4,sin_cambio,ilso Natural MILD Clear Nose Patch 5P - Default Title
55028277608785,DRAFT,9.0,11.16,14.4,14.4,sin_cambio,A'pieu Mulberry Blemish Clearing Ampoule 30ml - Default Title
55028277674321,DRAFT,9.0,11.16,14.4,14.4,sin_cambio,daymellow Aquaron Watery Cream 300g - Default Title
55028277805393,DRAFT,9.0,11.16,14.4,14.4,sin_cambio,daymellow Amazon Belief Balancing Toning Pad 175ml - Default Title
55028277870929,DRAFT,9.0,11.16,14.4,14.4,sin_cambio,NEOGEN A-CLEAR AID SOOTHING PINK ERASER 15ml - Default Title
55028277969233,DRAFT,9.0,11.16,14.4,14.4,sin_cambio,MISSHA Cicadin Hydro Patch Cream 70ml - Default Title
55028278067537,DRAFT,9.0,11.16,14.4,14.4,sin_cambio,"AHC Herb Solution Toner, Aloe Vera 500ml - Default Title"
55028278133073,ACTIVE,8.0,14.95,12.8,14.95,subir_a_base,TONYMOLY Green Tea Moisturizing Mist 100ml - Default Title
55028278231377,ACTIVE,8.0,14.95,12.8,14.95,subir_a_base,Hanskin Soonhan Houttuynia Claming Toner Pad 160ml/70ea [Refill] - Default Title
55028279050577,ACTIVE,8.0,14.95,12.8,14.95,subir_a_base,SUNGBOON EDITOR Green Tomato Pore Lifting Ampoule+ 30ml - Default Title
55028279116113,ACTIVE,8.0,14.95,12.8,14.95,subir_a_base,Shingmulnara Calendula Calming Toner 500ml - Default Title
55028279181649,ACTIVE,8.0,14.95,12.8,14.95,subir_a_base,AHC Black Caviar Lotion 140ml - Default Title
55028279378257,ACTIVE,8.0,14.95,12.8,14.95,subir_a_base,AHC Black Caviar Toner 140ml - Default Title
55028279640401,ACTIVE,8.0,14.95,12.8,14.95,subir_a_base,AHC Black Caviar Cream 50g - Default Title
55028280262993,ACTIVE,8.0,14.95,12.8,14.95,subir_a_base,AHC Vital Golden Collagen Lotion 140ml - Default Title
55028280361297,ACTIVE,8.0,14.95,12.8,14.95,subir_a_base,[NATURE REPUBLIC] Ultra Hydrate Olive Emulsion 180ml - Default Title
55028280492369,ACTIVE,8.0,14.95,12.8,14.95,subir_a_base,[NATURE REPUBLIC] Skincaring Peeling Pad 150g/50ea - Default Title
55028280590673,ACTIVE,8.0,14.95,12.8,14.95,subir_a_base,[NATURE REPUBLIC] MAN IN BLUE TONER 150ml - Default Title
55028280688977,ACTIVE,8.0,14.95,12.8,14.95,subir_a_base,[NATURE REPUBLIC] Skincaring Whitening Pad 150g/50ea - Default Title
55028280852817,ACTIVE,8.0,14.95,12.8,14.95,subir_a_base,[NATURE REPUBLIC] Skincaring Elastic Pad 150g/50ea - Default Title
55028280918353,ACTIVE,8.0,14.95,12.8,14.95,subir_a_base,[NATURE REPUBLIC] Skincaring Cooling Pad 150g/50ea - Default Title
55028281344337,ACTIVE,8.0,14.95,12.8,14.95,subir_a_base,[NATURE REPUBLIC] MAN IN BLUE EMULSION 130ml - Default Title
55028281835857,ACTIVE,8.0,14.95,12.8,14.95,subir_a_base,A'pieu Madecassoside Tetrasome CICA Toner 300ml - Default Title
55028282032465,ACTIVE,8.0,14.95,12.8,14.95,subir_a_base,A'pieu Aqua Nature Bamboo Dew Drop Tightening Freshner 500ml - Default Title
55028282196305,ACTIVE,8.0,14.95,12.8,14.95,subir_a_base,A'pieu Aqua Nature Deep-sea Dew Drop Clearing Softner 500ml - Default Title
55028282261841,ACTIVE,8.0,14.95,12.8,14.95,subir_a_base,A'pieu Madecassoside Tetrasome CICA Ampoule 30ml - Default Title
55028282523985,ACTIVE,8.0,14.95,12.8,14.95,subir_a_base,A'pieu Daily Sheet Mask 350ml/30ea #Black Tea - Default Title
55028282655057,ACTIVE,8.0,14.95,12.8,14.95,subir_a_base,A'pieu Hamamelis Toner 200ml - Default Title
55028282818897,ACTIVE,8.0,14.95,12.8,14.95,subir_a_base,It'S SKIN Dr.Savers Hyaluronic Hydro Serum 30ml - Default Title
55028283081041,ACTIVE,8.0,14.95,12.8,14.95,subir_a_base,It'S SKIN Dr.Savers Cica Comfort Serum 30ml - Default Title
55028283179345,ACTIVE,8.0,14.95,12.8,14.95,subir_a_base,It'S SKIN Dr.Savers Vita Glow Serum 30ml - Default Title
55028283244881,ACTIVE,8.0,14.95,12.8,14.95,subir_a_base,TONYMOLY Houttuynia Cordata Cica Quick Calming Emulsion 200ml - Default Title
55028283539793,ACTIVE,8.0,14.95,12.8,14.95,subir_a_base,SUNGBOON EDITOR Cocklebur Namomi Repair Ampoule 30ml - Default Title
55028283638097,ACTIVE,8.0,14.95,12.8,14.95,subir_a_base,SUNGBOON EDITOR Saeng Cica Barrier Intense Cream 30ml - Default Title
55028283965777,ACTIVE,8.0,14.95,12.8,14.95,subir_a_base,It'S SKIN Dr.Savers Bifida Silky Serum 30ml - Default Title
55028284064081,ACTIVE,8.0,14.95,12.8,14.95,subir_a_base,SKINFOOD Argan Oil Repair Plus Heat Serum in Oil 110ml - Default Title
55028284195153,ACTIVE,8.0,14.95,12.8,14.95,subir_a_base,Dr.G Dermoisture Barrier.D Intensive Cream 100ml - Default Title
55028284326225,ACTIVE,8.0,14.95,12.8,14.95,subir_a_base,Dr.G Black Snail Cream 50ml - Default Title
55028284424529,ACTIVE,8.0,14.95,12.8,14.95,subir_a_base,MISSHA Super Aqua Ultra Hyalron Toner Pad 180g/90pads (Refill) - Default Title
55028284588369,ACTIVE,8.0,14.95,12.8,14.95,subir_a_base,Isntree Aloe Soothing Gel Fresh Type 300ml - Default Title
55028284653905,ACTIVE,8.0,14.95,12.8,14.95,subir_a_base,[TOO COOL FOR SCHOOL] Egg Vita Peeling Gel 100g - Default Title
55028284719441,ACTIVE,8.0,14.95,12.8,14.95,subir_a_base,[MACQUEEN New York] Yuja Vita C Clear Toner Pad 100ea/240ml - Default Title
55028285178193,ACTIVE,8.0,14.95,12.8,14.95,subir_a_base,[MACQUEEN New York] Collagen Vita Whitening Multi Balm 11g - Default Title
55028285276497,ACTIVE,8.0,14.95,12.8,14.95,subir_a_base,EUNYUL YELLOW SEED THERAPY Vital Cleansing Water 500ml - Default Title
55028285538641,ACTIVE,8.0,14.95,12.8,14.95,subir_a_base,EUNYUL GREEN SEED THERAPY Calming Cleansing Water 500ml - Default Title
55028285604177,ACTIVE,8.0,14.95,12.8,14.95,subir_a_base,EUNYUL Power Gold Ampoule 50ml - Default Title
55028285669713,ACTIVE,8.0,14.95,12.8,14.95,subir_a_base,EUNYUL Premium Cream 60g - Default Title
55028286161233,ACTIVE,8.0,14.95,12.8,14.95,subir_a_base,EUNYUL Super Snail Cream 70g - Default Title
55028288291153,ACTIVE,8.0,14.95,12.8,14.95,subir_a_base,EUNYUL Clean & Fresh Nose Pack (3 Steps) 7ea - Default Title
55028288586065,ACTIVE,8.0,14.95,12.8,14.95,subir_a_base,EUNYUL BLACK SEED THERAPY Moisturizing Toner 500ml - Default Title
55028288684369,ACTIVE,8.0,14.95,12.8,14.95,subir_a_base,EUNYUL BLACK SEED THERAPY Moisturizing Cleansing Water 500ml - Default Title
55028288749905,ACTIVE,8.0,14.95,12.8,14.95,subir_a_base,EUNYUL Vita Balance Own Sole Shine Toner Pad 2 Pads*10ea - Default Title
55028288848209,ACTIVE,8.0,14.95,12.8,14.95,subir_a_base,EUNYUL Collagen Special Program Lotion 200ml - Default Title
55028289012049,ACTIVE,8.0,14.95,12.8,14.95,subir_a_base,EUNYUL Collagen Special Program Skin 200ml - Default Title
55028289077585,ACTIVE,8.0,14.95,12.8,14.95,subir_a_base,EUNYUL Horse Oil Cream 70g - Default Title
55028289175889,ACTIVE,8.0,14.95,12.8,14.95,subir_a_base,EUNYUL VITA BALANCE OWN SOLE SHINE Serum 50ml - Default Title
55028289274193,ACTIVE,8.0,14.95,12.8,14.95,subir_a_base,EUNYUL Collagen Special Program Cream 50ml - Default Title
55028289339729,ACTIVE,8.0,14.95,12.8,14.95,subir_a_base,EUNYUL Aqua Seed Therapy Hydrating Ampoule 50ml - Default Title
55028289405265,ACTIVE,8.0,14.95,12.8,14.95,subir_a_base,EUNYUL Aloe Vera Gel 95% 300ml (Pump) - Default Title
55028289470801,ACTIVE,8.0,14.95,12.8,14.95,subir_a_base,EUNYUL AHA/BHA Clean Exfoliating Serum 50ml - Default Title
55028289962321,ACTIVE,8.0,14.95,12.8,14.95,subir_a_base,[Pyunkang Yul] Calming Clear Spot Patch (Slim Care) 145ea - Default Title
55028290093393,ACTIVE,8.0,14.95,12.8,14.95,subir_a_base,[Pyunkang Yul] Calming Clear Spot Patch Intensive Care + Slim Care 124ea - Default Title
55028290158929,ACTIVE,8.0,14.95,12.8,14.95,subir_a_base,[Pyunkang Yul] Mist Toner 100ml - Default Title
55028290355537,ACTIVE,8.0,14.95,12.8,14.95,subir_a_base,[Pyunkang Yul] Clear Spot Patch (18ea X 4ea) - Default Title
55028290421073,ACTIVE,8.0,14.95,12.8,14.95,subir_a_base,[Pyunkang Yul] Calming Clear Spot Patch (Intensive Care) 165ea - Default Title
55028290486609,ACTIVE,8.0,14.95,12.8,14.95,subir_a_base,[MARY & MAY] Centella Asiatica Serum 30ml - Default Title
55028290617681,ACTIVE,8.0,14.95,12.8,14.95,subir_a_base,TONYMOLY Wonder Hyaluronic Acid Ampoule 100ml - Default Title
55028290683217,ACTIVE,8.0,14.95,12.8,14.95,subir_a_base,TONYMOLY Houttuynia Cordata Cica Quick Calming Pad (Refill Pack) 150ml (50ea) - Default Title
55028290912593,ACTIVE,8.0,14.95,12.8,14.95,subir_a_base,TONYMOLY Spicule Ampoule 30ml (2 Types) - Peptide
55028290945361,ACTIVE,8.0,14.95,12.8,14.95,subir_a_base,TONYMOLY Spicule Ampoule 30ml (2 Types) - E.G.F
55028291436881,ACTIVE,8.0,14.95,12.8,14.95,subir_a_base,TONYMOLY Wonder Ceramide Mocchi Water Cream 300ml - Default Title
55028292157777,ACTIVE,8.0,14.95,12.8,14.95,subir_a_base,TONYMOLY Wonder Ceramide Mochi Emulsion 300ml - Default Title
55028292223313,ACTIVE,8.0,14.95,12.8,14.95,subir_a_base,TONYMOLY Houttuynia Cordata Cica Quick Calming Mist Serum 110ml - Default Title
55028292321617,ACTIVE,8.0,14.95,12.8,14.95,subir_a_base,TONYMOLY Houttuynia Cordata Cica Cream Mist 110ml - Default Title
55028295008593,ACTIVE,8.0,14.95,12.8,14.95,subir_a_base,KUNDAL Mugwort Soothing Energy Serum 30ml - Default Title
55028295336273,ACTIVE,8.0,14.95,12.8,14.95,subir_a_base,PAUL MEDISON Deep Red Moisture Cream 211ml - Default Title
55028295401809,ACTIVE,8.0,14.95,12.8,14.95,subir_a_base,make p:rem Comfort Me. Panthenol Moisture Essence 80ml - Default Title
55028295565649,ACTIVE,8.0,14.95,12.8,14.95,subir_a_base,THE FACE SHOP The Therapy Vegan Blending Mist 100ml - Default Title
55028296221009,ACTIVE,8.0,14.95,12.8,14.95,subir_a_base,THE FACE SHOP The Therapy Vegan Multi Balm 14g - Default Title
55028296417617,ACTIVE,8.0,14.95,12.8,14.95,subir_a_base,PAUL MEDISON Deep Red King Peeling Pad 170ml (70ea) - Default Title
55028296548689,ACTIVE,8.0,14.95,12.8,14.95,subir_a_base,[ONE THING] Centella Asiatica Serum 30ml - Default Title
55028296646993,ACTIVE,8.0,14.95,12.8,14.95,subir_a_base,One-day's you SOS Spot Clearing Cream 25ml - Default Title
55028296712529,ACTIVE,8.0,14.95,12.8,14.95,subir_a_base,One-day's you Help Me Honey-C Pad REFILL PACK (60pads) 125ml - Default Title
55028296843601,ACTIVE,8.0,14.95,12.8,14.95,subir_a_base,papa recipe Eggplant Clearing Peeling Pad Toner Refill Only 35 pads(115ml) - Default Title
55028297269585,ACTIVE,8.0,14.95,12.8,14.95,subir_a_base,AMPLE:N VC Shot Ampoule 30ml - Default Title
55028297367889,ACTIVE,8.0,14.95,12.8,14.95,subir_a_base,FATION Aqua Biome Toner Pad 170ml (80 pads) - Default Title
55028298187089,ACTIVE,8.0,14.95,12.8,14.95,subir_a_base,FATION Nosca9 Spot Patch 102 patches - Default Title
55028298285393,ACTIVE,8.0,14.95,12.8,14.95,subir_a_base,FATION Nosca9 Trouble Clear Toner 100ml - Default Title
55028298383697,ACTIVE,8.0,14.95,12.8,14.95,subir_a_base,AMPLE:N Ceramide Shot Ampoule 30ml - Default Title
55028298547537,ACTIVE,8.0,14.95,12.8,14.95,subir_a_base,AHC Herb Solution Rose Toner 500ml - Default Title
55028299006289,ACTIVE,8.0,14.95,12.8,14.95,subir_a_base,TONYMOLY Houttuynia Cordata Cica Quick Calming Soothing Gel 300ml - Default Title
55028299202897,ACTIVE,8.0,14.95,12.8,14.95,subir_a_base,innisfree Bija Trouble Lotion 100ml - Default Title
55028299301201,ACTIVE,8.0,14.95,12.8,14.95,subir_a_base,Isntree Onion Newpair B5 Ampoule 50ml - Default Title
55028977762641,ACTIVE,8.0,14.95,12.8,14.95,subir_a_base,It'S SKIN V7 Hyaluronic Toner 150ml - Default Title
55028982382929,ACTIVE,8.0,14.95,12.8,14.95,subir_a_base,Isntree Hyper Niacinamide 20 Serum 20ml - Default Title
55028985397585,ACTIVE,8.0,14.95,12.8,14.95,subir_a_base,It'S SKIN Peptide Collagen Toner 150ml - Default Title
55028988641617,ACTIVE,8.0,14.95,12.8,14.95,subir_a_base,Dr.G A'Clear Spotcure Patch (10mm 24pc / 12mm 15pc) - Default Title
55028991197521,ACTIVE,8.0,14.95,12.8,14.95,subir_a_base,Isntree Onion Newpair Essence Toner 200ml - Default Title
55028992409937,ACTIVE,8.0,14.95,12.8,14.95,subir_a_base,[HOLIKA HOLIKA] Less On Skin Essence Pad 120ea(220ml) - Default Title
55028993687889,ACTIVE,8.0,14.95,12.8,14.95,subir_a_base,daymellow Aquaron Watery Emulsion 300ml - Default Title
55028994474321,ACTIVE,8.0,14.95,12.8,14.95,subir_a_base,[ONE THING] Citrus Unshiu Fruit Extract 150ml - Default Title
55028994998609,ACTIVE,8.0,14.95,12.8,14.95,subir_a_base,TONYMOLY Wonder Rice Smoothing Toner 500ml - Default Title
55028995653969,ACTIVE,8.0,14.95,12.8,14.95,subir_a_base,[ONE THING] Houttuynia Cordata Extract Toner 150ml - Default Title
55028995981649,ACTIVE,8.0,14.95,12.8,14.95,subir_a_base,Dr.Jart+ Ctrl-A Teatreement Toner 120ml - Default Title
55028996309329,ACTIVE,7.0,12.95,11.2,12.95,subir_a_base,Hanskin 7 Layer Ceramide Cream Toner 500ml - Default Title
55028996538705,ACTIVE,7.0,12.95,11.2,12.95,subir_a_base,AHC Vital Golden Collagen Toner 140ml - Default Title
55028996735313,ACTIVE,7.0,12.95,11.2,12.95,subir_a_base,AHC Vital Golden Collagen Cream 50g - Default Title
55028996964689,ACTIVE,7.0,12.95,11.2,12.95,subir_a_base,MEDIPEEL Bio Intense Glutathione White Emulsion 30ml - Default Title
55028997226833,ACTIVE,7.0,12.95,11.2,12.95,subir_a_base,MEDIPEEL Peptide Tox Bor Toner 30ml - Default Title
55028997521745,ACTIVE,7.0,12.95,11.2,12.95,subir_a_base,A'pieu Hamamelis Cream 50ml - Default Title
55028998439249,ACTIVE,7.0,12.95,11.2,12.95,subir_a_base,A'pieu Madecassoside Tetrasome CICA Cream 50ml - Default Title
55028998635857,ACTIVE,7.0,12.95,11.2,12.95,subir_a_base,SUNGBOON EDITOR Youngran White Mushroom Collagen Lifting Facegloss 30ml - Default Title
55028999356753,ACTIVE,7.0,12.95,11.2,12.95,subir_a_base,SKINFOOD Royal Honey Moisture Cream 100ml - Default Title
55028999422289,ACTIVE,7.0,12.95,11.2,12.95,subir_a_base,SKINFOOD Shine Muscat Cica BHA Toner Pad 125g/40ea (Refill) - Default Title
55029000110417,ACTIVE,7.0,12.95,11.2,12.95,subir_a_base,SKINFOOD Rice Brightening Pad 135g/30Pads [Refill] - Default Title
55029000667473,ACTIVE,7.0,12.95,11.2,12.95,subir_a_base,PAUL MEDISON STEM CELL ALL IN ONE INTENSIVE ELASTICITY CREAM 100ml - Default Title
55029001257297,ACTIVE,7.0,12.95,11.2,12.95,subir_a_base,EUNYUL Aloe Vera Soothing Gel 95% 300ml - Default Title
55029007647057,ACTIVE,7.0,12.95,11.2,12.95,subir_a_base,EUNYUL Premium Lotion 200ml - Default Title
55029018624337,ACTIVE,7.0,12.95,11.2,12.95,subir_a_base,PAUL MEDISON STEM CELL ALL IN ONE HIGH MOISTURIZING CREAM 100ml - Default Title
55029020262737,ACTIVE,7.0,12.95,11.2,12.95,subir_a_base,PAUL MEDISON STEM CELL ALL IN ONE CICA CALMING CREAM 100ml - Default Title
55029021802833,ACTIVE,7.0,12.95,11.2,12.95,subir_a_base,AHC Herb Solution Lemon Toner 500ml - Default Title
55029024293201,ACTIVE,7.0,12.95,11.2,12.95,subir_a_base,[ONE THING] Carrot Root Extract 150ml - Default Title
55029027242321,ACTIVE,7.0,12.95,11.2,12.95,subir_a_base,It'S SKIN Power 10 Formula PO Toner PORE MASTER 200ml - Default Title
55029028454737,ACTIVE,7.0,12.95,11.2,12.95,subir_a_base,It'S SKIN [NEW] Power 10 Formula YE Effector 30ml - Default Title
55029029175633,ACTIVE,7.0,12.95,11.2,12.95,subir_a_base,It'S SKIN [NEW] Power 10 Formula VE Effector 30ml - Default Title
55029030125905,ACTIVE,7.0,12.95,11.2,12.95,subir_a_base,It'S SKIN [NEW] Power 10 Formula VC Effector 30ml - Default Title
55029033664849,ACTIVE,7.0,12.95,11.2,12.95,subir_a_base,It'S SKIN [NEW] Power 10 Formula PO Effector 30ml - Default Title
55029039366481,ACTIVE,7.0,12.95,11.2,12.95,subir_a_base,daymellow Gold Aloe Soothing Gel 300g - Default Title
55029040546129,ACTIVE,7.0,12.95,11.2,12.95,subir_a_base,THE FACE SHOP Calendula Essential Moisture Cream 50ml - Default Title
55029042184529,ACTIVE,7.0,12.95,11.2,12.95,subir_a_base,Dr.Belmeur Clean Face Mild Lotion 145ml - Default Title
55029044478289,ACTIVE,7.0,12.95,11.2,12.95,subir_a_base,Isntree C-Niacin Toning Ampoule 50ml - Default Title
55029048541521,ACTIVE,7.0,12.95,11.2,12.95,subir_a_base,Isntree Hyaluronic Acid Aqua Gel Cream 100ml - Default Title
55029051228497,ACTIVE,7.0,12.95,11.2,12.95,subir_a_base,CNP Anti-Blemish Spot Patch 12Patch x 5ea - Default Title
55029052801361,ACTIVE,7.0,12.95,11.2,12.95,subir_a_base,[ONE THING] Centella Asiatica Extract Toner 150ml - Default Title
55029054439761,ACTIVE,6.0,10.95,9.6,10.95,subir_a_base,[NATURE REPUBLIC] Mild Green Tea Emulsion 155ml - Default Title
55029057093969,ACTIVE,6.0,10.95,9.6,10.95,subir_a_base,[NATURE REPUBLIC] Ultra Hydrate Olive Toner 180ml - Default Title
55029058797905,ACTIVE,6.0,10.95,9.6,10.95,subir_a_base,PETITFEE Calming Spot Treatment 20g - Default Title
55029060141393,ACTIVE,6.0,10.95,9.6,10.95,subir_a_base,Hanskin Cleansing Blackhead Clear Patch 15ml X 7ea - Default Title
55029061681489,ACTIVE,6.0,10.95,9.6,10.95,subir_a_base,[NATURE REPUBLIC] Mild Green Tea Toner 155ml - Default Title
55029063123281,ACTIVE,6.0,10.95,9.6,10.95,subir_a_base,[NATURE REPUBLIC] Mild Green Tea Cream 55ml - Default Title
55029066465617,ACTIVE,6.0,10.95,9.6,10.95,subir_a_base,[NATURE REPUBLIC] Black Charcoal Pore Toner Pad 100g/50ea - Default Title
55029067219281,ACTIVE,6.0,10.95,9.6,10.95,subir_a_base,Dr.Belmeur Clarifying Soothing Mist 100ml - Default Title
55029070430545,ACTIVE,6.0,10.95,9.6,10.95,subir_a_base,MEDIPEEL Bio Intense Glutathione White Toner 30ml - Default Title
55029072494929,ACTIVE,6.0,10.95,9.6,10.95,subir_a_base,SKINFOOD Pineapple Peeling Gel 100ml - Default Title
55029073805649,ACTIVE,6.0,10.95,9.6,10.95,subir_a_base,SKINFOOD Cica Clear Spot Patch 100pcs - Default Title
55029077115217,ACTIVE,6.0,10.95,9.6,10.95,subir_a_base,SKINFOOD Shine Muscat BHA Toner 200ml - Default Title
55029078458705,ACTIVE,6.0,10.95,9.6,10.95,subir_a_base,innisfree Aloe Revitalizing Soothing Gel 300ml - Default Title
55029083504977,ACTIVE,6.0,10.95,9.6,10.95,subir_a_base,d'Alba Daily Mild Cica Calming Pad 165ml (50ea) - Default Title
55029084455249,ACTIVE,6.0,10.95,9.6,10.95,subir_a_base,SKINFOOD Pink Grapefruit AHA Toner 200ml - Default Title
55029086126417,ACTIVE,6.0,10.95,9.6,10.95,subir_a_base,Isntree Onion Newpair Clear Pad (REFILL) 80ml (20ea) - Default Title
55029088026961,ACTIVE,6.0,10.95,9.6,10.95,subir_a_base,Isntree Hyper Acid 4 (AHA BHA PHA LAH) 30 Serum 20ml - Default Title
55029090713937,ACTIVE,6.0,10.95,9.6,10.95,subir_a_base,PAUL MEDISONAI AI ELASTICITY CREAM 100ml - Default Title
55029091795281,ACTIVE,6.0,10.95,9.6,10.95,subir_a_base,PAUL MEDISONAI AI CICA SOOTHING CREAM 100ml - Default Title
55029093073233,ACTIVE,6.0,10.95,9.6,10.95,subir_a_base,PAUL MEDISON VITA A RETINOL CREAM 155ml - Default Title
55029094678865,ACTIVE,6.0,10.95,9.6,10.95,subir_a_base,PAUL MEDISON VITA B CALMING CREAM 155ml - Default Title
55029096087889,ACTIVE,6.0,10.95,9.6,10.95,subir_a_base,PAUL MEDISON VITA C TONING CREAM 155ml - Default Title
55029097300305,ACTIVE,6.0,10.95,9.6,10.95,subir_a_base,PAUL MEDISON VITA E INTENSIVE CREAM 155ml - Default Title
55029098316113,ACTIVE,6.0,10.95,9.6,10.95,subir_a_base,PAUL MEDISON STEM CELL ALL IN ONE SKIN DETOX CREAM 100ml - Default Title
55029098807633,ACTIVE,6.0,10.95,9.6,10.95,subir_a_base,PAUL MEDISON All-in-One Elasticity Snail Cream 100ml - Default Title
55029099856209,ACTIVE,6.0,10.95,9.6,10.95,subir_a_base,PAUL MEDISON All-in-One Nutritional Snail Cream 100ml - Default Title
55029102018897,ACTIVE,6.0,10.95,9.6,10.95,subir_a_base,PAUL MEDISON All-in-One Wrinkle Improvement Snail Cream 100ml - Default Title
55029103427921,ACTIVE,6.0,10.95,9.6,10.95,subir_a_base,PAUL MEDISON Deep Red Spot Remover 25g - Default Title
55029103853905,ACTIVE,6.0,10.95,9.6,10.95,subir_a_base,PAUL MEDISON All-in-One Cica Snail Cream 100ml - Default Title
55029104607569,ACTIVE,6.0,10.95,9.6,10.95,subir_a_base,DEWYTREE Aqua Collagen Peptide EX Multi Cream 80ml - Default Title
55029105197393,ACTIVE,6.0,10.95,9.6,10.95,subir_a_base,DEWYTREE Aqua Deep Boosting Toner 150ml - Default Title
55029106213201,ACTIVE,6.0,10.95,9.6,10.95,subir_a_base,innisfree Retinol Cica Ampoule Focusing Patch 1ea/9 patches - Default Title
55029106409809,ACTIVE,6.0,10.95,9.6,10.95,subir_a_base,Isntree Aloe Soothing Toner 200ml - Default Title
55029106508113,ACTIVE,6.0,10.95,9.6,10.95,subir_a_base,It'S SKIN [NEW] Power 10 Formula VB Effector 30ml - Default Title
55029106606417,ACTIVE,6.0,10.95,9.6,10.95,subir_a_base,It'S SKIN [NEW] Power 10 Formula LI Effector 30ml - Default Title
55029106704721,ACTIVE,6.0,10.95,9.6,10.95,subir_a_base,daymellow Snow Mushroom Real Soothing Gel 300g - Default Title
55029107294545,ACTIVE,6.0,10.95,9.6,10.95,subir_a_base,A'pieu Madecassoside Moisture Gel Cream 50ml - Default Title
55029108408657,ACTIVE,6.0,10.95,9.6,10.95,subir_a_base,It'S SKIN [NEW] Power 10 Formula CO Effector 30ml - Default Title
55029111783761,ACTIVE,6.0,10.95,9.6,10.95,subir_a_base,It'S SKIN [NEW] Power 10 Formula GF Effector 30ml - Default Title
55029114765649,ACTIVE,6.0,10.95,9.6,10.95,subir_a_base,daymellow Houttuynia Cordata Real Soothing Gel 300g - Default Title
55029117485393,ACTIVE,6.0,10.95,9.6,10.95,subir_a_base,Isntree Hyaluronic Acid Toner 200ml - Default Title
55029118435665,ACTIVE,6.0,10.95,9.6,10.95,subir_a_base,THE FACE SHOP Rice Water Bright Facial Massage Cream 200ml - Default Title
55029119549777,ACTIVE,5.0,9.95,8.0,9.95,subir_a_base,Dr.Belmeur Vita C Clean Toning Ampoule 10ml - Default Title
55029121417553,ACTIVE,5.0,9.95,8.0,9.95,subir_a_base,Dr.Belmeur Clean Face Mild Toner 145ml - Default Title
55029122203985,ACTIVE,5.0,9.95,8.0,9.95,subir_a_base,A'pieu Nonco Tea Tree Emulsion 210ml - Default Title
55029122728273,ACTIVE,5.0,9.95,8.0,9.95,subir_a_base,BRINGGREEN Tea Tree Cica SOS Spot Patch 100pcs(75+25) - Default Title
55029124628817,ACTIVE,5.0,9.95,8.0,9.95,subir_a_base,EUNYUL GREEN SEED THERAPY Calming Toner 500ml - Default Title
55029125710161,ACTIVE,5.0,9.95,8.0,9.95,subir_a_base,CURESYS Trouble Clear Patch (9pcs) - Default Title
55029127709009,ACTIVE,5.0,9.95,8.0,9.95,subir_a_base,Elizavecca Witch Piggy Hell-Pore Blemish Spot Patch 44ea - Default Title
55029129347409,ACTIVE,5.0,9.95,8.0,9.95,subir_a_base,Elizavecca Witch Piggy Hell-Pore AC-guard Spot Patch (12mm X 36ea) - Default Title
55029132722513,ACTIVE,5.0,9.95,8.0,9.95,subir_a_base,TONYMOLY Aloe 93% Chok Chok Soothing Gel Mist 150ml - Default Title
55029133672785,ACTIVE,5.0,9.95,8.0,9.95,subir_a_base,TONYMOLY ALOE 93% Chok Chok Soothing Gel 250ml - Default Title
55029133771089,ACTIVE,5.0,9.95,8.0,9.95,subir_a_base,PAUL MEDISON Deep Red Hyaluronic Acid Cleansing Water 510ml - Default Title
55029134098769,ACTIVE,5.0,9.95,8.0,9.95,subir_a_base,PAUL MEDISON Caredermthin Spotpatch Cover HONEY 68ea - Default Title
55029134262609,ACTIVE,5.0,9.95,8.0,9.95,subir_a_base,PAUL MEDISON Deep-red Hyaluronic Acid Toner 510ml - Default Title
55029134623057,ACTIVE,5.0,9.95,8.0,9.95,subir_a_base,PAUL MEDISON Supervital Neck Cream 30ml - Default Title
55029135769937,ACTIVE,5.0,9.95,8.0,9.95,subir_a_base,One-day's you P.Z. Ssoc Ssoc No More Blackhead Nose Pack 2g x 5ea - Default Title
55029136752977,ACTIVE,5.0,9.95,8.0,9.95,subir_a_base,Shingmulnara Jeju Aloe Moisture Soothing Gel 200ml - Default Title
55029138424145,ACTIVE,5.0,9.95,8.0,9.95,subir_a_base,It'S SKIN [NEW] POWER 10 Formula Propolis Effector 30ml - Default Title
55029188493649,ACTIVE,5.0,9.95,8.0,9.95,subir_a_base,Isntree Aloe Soothing Emulsion 120ml - Default Title
55029188723025,ACTIVE,5.0,9.95,8.0,9.95,subir_a_base,THE FACE SHOP Rice & Ceramide Moisturizing Emulsion 150ml - Default Title
55029189280081,ACTIVE,5.0,9.95,8.0,9.95,subir_a_base,"NEOGEN A-Clear AID Soothing Spot Patch, 24 COUNT (1 PACK) - Default Title"
55029189476689,ACTIVE,5.0,9.95,8.0,9.95,subir_a_base,[NATURE REPUBLIC] Soothing & Moisture Aloe Vera 92% Soothing Gel 300ml - Default Title
55029189837137,ACTIVE,5.0,9.95,8.0,9.95,subir_a_base,[HOLIKA HOLIKA] Aloe 99% Soothing Gel 250ml - Default Title
55029190164817,ACTIVE,4.0,7.95,6.4,7.95,subir_a_base,[NATURE REPUBLIC] SOOTHING & MOISTURE ALOE VERA SOOTHING GEL 250ML - Default Title
55029190656337,ACTIVE,4.0,7.95,6.4,7.95,subir_a_base,PAUL MEDISON BIOME SPOT AMPOULE 30ml (4-TYPE) - BIOME TEA TREE SPOT AMPOULE
55029190689105,ACTIVE,4.0,7.95,6.4,7.95,subir_a_base,PAUL MEDISON BIOME SPOT AMPOULE 30ml (4-TYPE) - BIOME SPOT CLEAR AMPOULE
55029190721873,ACTIVE,4.0,7.95,6.4,7.95,subir_a_base,PAUL MEDISON BIOME SPOT AMPOULE 30ml (4-TYPE) - BIOME VITAMIN SPOT AMPOULE
55029190754641,ACTIVE,4.0,7.95,6.4,7.95,subir_a_base,PAUL MEDISON BIOME SPOT AMPOULE 30ml (4-TYPE) - BIOME HEARTLEAF SPOT AMPOULE
55029191180625,ACTIVE,4.0,7.95,6.4,7.95,subir_a_base,EUNYUL Soothing Moisture Aloe Vera Mist 150 ml - Default Title
55029191410001,ACTIVE,3.0,5.95,4.8,5.95,subir_a_base,THE FACE SHOP Jeju Aloe Fresh Soothing Gel 300ml - Default Title
55029191835985,ACTIVE,3.0,5.95,4.8,5.95,subir_a_base,A'pieu Goblin Blackhead 3-Step Nose Pack 3 SET(9pcs) - Default Title
55029191999825,ACTIVE,2.0,3.95,3.2,3.95,subir_a_base,[THE FACE SHOP] Jeju Aloe Fresh Soothing Gel 300ml - Default Title
55029192294737,ACTIVE,2.0,3.95,3.2,3.95,subir_a_base,[THE FACE SHOP] Jeju Aloe Fresh Soothing Gel 300ml (Tube) - Default Title
55029192458577,ACTIVE,7.0,12.95,11.2,12.95,subir_a_base,belif Super Drops Multi-7 Hyaluronic Frozen Serum 3ml X 6ea - Default Title
55029192753489,ACTIVE,33.0,59.95,52.8,59.95,subir_a_base,d'Alba Vita Toning Capsule Serum 100ml - Default Title
55029192917329,ACTIVE,17.0,30.95,27.2,30.95,subir_a_base,Dr.Melaxin Peel Shot Exfoliating Black Rice Ampoule 80ml - Default Title
55029193146705,ACTIVE,14.0,25.95,22.4,25.95,subir_a_base,innisfree Green Tea Ceramide Milk Barrier Essence 160ml - Default Title
55029193376081,ACTIVE,10.0,18.95,16.0,18.95,subir_a_base,innisfree Green Tea Ceramide Milk Barrier Essence 90ml - Default Title
55029193605457,ACTIVE,12.0,21.95,19.2,21.95,subir_a_base,innisfree Retinol Green Tea PDRN Skin Booster Toner 170ml - Default Title
55029194096977,ACTIVE,16.0,28.95,25.6,28.95,subir_a_base,innisfree Green Tea Ceramide Cream 50ml - Default Title
55029194916177,ACTIVE,22.0,39.95,35.2,39.95,subir_a_base,innisfree Vitamin C Green Tea Enzyme Brightening Cream 80ml - Default Title
55029195211089,ACTIVE,8.0,14.95,12.8,14.95,subir_a_base,Cos De BAHA CH Centella Hyaluronic Acid Serum 30ml - Default Title
55029195342161,ACTIVE,8.0,14.95,12.8,14.95,subir_a_base,Cos De BAHA CG Centella Gel Cream 45ml - Default Title
55029195506001,ACTIVE,8.0,14.95,12.8,14.95,subir_a_base,Cos De BAHA LH Low Molecular Hyaluronic Acid Serum 30ml - Default Title
55029195669841,ACTIVE,22.0,39.95,35.2,39.95,subir_a_base,AIDA Glutathione Brightnening Ampoule Mist 60ml - Default Title
55029196095825,DRAFT,9.0,11.16,14.4,14.4,sin_cambio,Cos De BAHA HP Vitamin B5 4% + Niacinamide 2% Serum 30ml - Default Title
55029196456273,DRAFT,9.0,11.16,14.4,14.4,sin_cambio,Cos De BAHA LS Lactic Acid 12.5% Face Peel Serum with HA 30ml - Default Title
55029196718417,DRAFT,9.0,11.16,14.4,14.4,sin_cambio,Cos De BAHA N Niacinamide 10% + Zinc 1% Serum 30ml - Default Title
55029197013329,DRAFT,9.0,11.16,14.4,14.4,sin_cambio,Cos De BAHA CN High Potency 10% Caffeine & 10% Niacinamide Serum 30ml - Default Title
55029197144401,DRAFT,9.0,11.16,14.4,14.4,sin_cambio,Cos De BAHA G Glycolic Acid 10% AHA Serum 30ml - Default Title
55029197341009,DRAFT,9.0,11.16,14.4,14.4,sin_cambio,Cos De BAHA AN Arbutin 5% Serum with Niacinamide 5% 30ml - Default Title
55029197504849,ACTIVE,10.0,18.95,16.0,18.95,subir_a_base,Cos De BAHA LH Low Molecular Hyaluronic Acid Serum 60ml - Default Title
55029198192977,DRAFT,9.0,11.16,14.4,14.4,sin_cambio,Cos De BAHA CT Centella Asiatica Recovery Toner 200ml - Default Title
55029198389585,DRAFT,9.0,11.16,14.4,14.4,sin_cambio,Cos De BAHA DC Drying Cream 45ml - Default Title
55029199110481,ACTIVE,11.0,19.95,17.6,19.95,subir_a_base,Cos De BAHA CG Centella Asiatica Soothing Calming Cream 120ml - Default Title
55029199307089,DRAFT,9.0,11.16,14.4,14.4,sin_cambio,Cos De BAHA P M.A Peptide Serum 30ml - Default Title
55029199896913,ACTIVE,10.0,18.95,16.0,18.95,subir_a_base,Cos De BAHA PC M.A Peptide Cream 60ml - Default Title
55029200027985,ACTIVE,10.0,18.95,16.0,18.95,subir_a_base,Cos De BAHA VA Vitamin C 15% Serum 30ml - Default Title
55029200650577,ACTIVE,10.0,18.95,16.0,18.95,subir_a_base,Cos De BAHA NZ Niacinamide 20% + Zinc 4% Serum 30ml - Default Title
55029200912721,ACTIVE,10.0,18.95,16.0,18.95,subir_a_base,Cos De BAHA SH 83% Snail Repair Intensive Facial Serum 120ml - Default Title
55029201338705,ACTIVE,10.0,18.95,16.0,18.95,subir_a_base,Cos De BAHA HG Hyaluronic Acid Gel Cream 120ml - Default Title
55029201568081,ACTIVE,10.0,18.95,16.0,18.95,subir_a_base,Cos De BAHA AL Alpha Arbutin 5% Licorice Serum 30ml - Default Title
55029201895761,ACTIVE,10.0,18.95,16.0,18.95,subir_a_base,Cos De BAHA AH Aloe Leaf Ext Hyaluronic Acid Serum 120ml - Default Title
55029202157905,ACTIVE,10.0,18.95,16.0,18.95,subir_a_base,Cos De BAHA VM Vitamin C Facial Serum with MSM 30ml - Default Title
55029202583889,ACTIVE,12.0,21.95,19.2,21.95,subir_a_base,Cos De BAHA NT Niacinamide 5% Facial Toner 200ml - Default Title
55029203009873,ACTIVE,10.0,18.95,16.0,18.95,subir_a_base,Cos De BAHA TN Tranexamic Acid 5% Serum with Niacinamide 5% 30ml - Default Title
55029203173713,ACTIVE,10.0,18.95,16.0,18.95,subir_a_base,Cos De BAHA GS Clarifying Facial Toner with Glycolic Acid 7% AHA + Salicylic Acid 0.5% BHA 200ml - Default Title
55029203599697,ACTIVE,10.0,18.95,16.0,18.95,subir_a_base,Cos De BAHA LT Low Molecular Hyaluronic Acid Toner 500ml - Default Title
55029203894609,ACTIVE,10.0,18.95,16.0,18.95,subir_a_base,Cos De BAHA GN Galactomyces 94% Skin Repair Serum with Niacinamide 2% 30ml - Default Title
55029204844881,ACTIVE,10.0,18.95,16.0,18.95,subir_a_base,Cos De BAHA T3 Advanced 3% Tranexamic Acid Facial Toner 200ml - Default Title
55029205205329,ACTIVE,10.0,18.95,16.0,18.95,subir_a_base,Cos De BAHA C1 Ceramide 1% Cream 45ml - Default Title
55029205401937,ACTIVE,11.0,19.95,17.6,19.95,subir_a_base,Cos De BAHA TT Tranexamic Acid 10% Serum 30ml - Default Title
55029205729617,ACTIVE,12.0,21.95,19.2,21.95,subir_a_base,Cos De BAHA PT M.A Peptide Facial Toner (Peptide Complex Facial Toner with Matrixyl 3000 & Argireline) 200ml - Default Title
55029205893457,ACTIVE,12.0,21.95,19.2,21.95,subir_a_base,Cos De BAHA L1 Bakuchiol 2% + Retinol 0.15% Serum 30ml - Default Title
55029206384977,ACTIVE,12.0,21.95,19.2,21.95,subir_a_base,Cos De BAHA RT Retinol 0.02% + Tranexamic Acid & Bakuchiol 2% Serum 30ml - Default Title
55029206745425,ACTIVE,11.0,19.95,17.6,19.95,subir_a_base,Cos De BAHA EC Tocopheryl acetate (Vitamin E) 5% with Niacinamide Facial Cream 120ml - Default Title
55029207105873,ACTIVE,12.0,21.95,19.2,21.95,subir_a_base,Cos De BAHA T15 Tranexamic Acid 15% Serum 30ml - Default Title
55029207597393,ACTIVE,17.0,30.95,27.2,30.95,subir_a_base,Cos De BAHA Nicotinamide Mononucleotide NMN 10% NN Serum 30ml - Default Title
55029207826769,ACTIVE,14.0,25.95,22.4,25.95,subir_a_base,Cos De BAHA EGF Peptide 5ppm Cica Serum 30ml - Default Title
55029208383825,ACTIVE,13.0,23.95,20.8,23.95,subir_a_base,Cos De BAHA L2 Bakuchiol 2% + Retinol 0.5% Serum 30ml - Default Title
55029208580433,ACTIVE,13.0,23.95,20.8,23.95,subir_a_base,Cos De BAHA TN Tranexamic Acid 5% Serum with Niacinamide 5% 60ml - Default Title
55029208777041,ACTIVE,15.0,27.95,24.0,27.95,subir_a_base,Cos De BAHA L3 Bakuchiol 2% + Retinol 1% Serum 30ml - Default Title
55029209268561,ACTIVE,17.0,30.95,27.2,30.95,subir_a_base,ODELOI Pore Tightening Cica 83.7 Collagen Mist Ampoule Luftig 100ml - Default Title
55029209694545,ACTIVE,4.0,7.95,6.4,7.95,subir_a_base,DERMA FACTORY Niacinamide 20% Serum 30ml - Default Title
55029210743121,ACTIVE,19.0,34.95,30.4,34.95,subir_a_base,The Harnay Cicaide Cream 100ml - Default Title
55029211332945,ACTIVE,15.0,27.95,24.0,27.95,subir_a_base,CKD Retino Collagen Small Molecule 300 Guasha Neck Cream 50ml - Default Title
55029214544209,ACTIVE,15.0,27.95,24.0,27.95,subir_a_base,Green Finger FoRest Phyton Hydra Cica Serum 50ml - Default Title
55029217821009,ACTIVE,13.0,23.95,20.8,23.95,subir_a_base,DEWYTREE Pick And Quick Vitamin Glow Double Pad 380g/100ea - Default Title
55029219000657,ACTIVE,13.0,23.95,20.8,23.95,subir_a_base,DEWYTREE Pick And Quick Collagen Pore Lifting Double Pad 380g/100ea - Default Title
55029221785937,ACTIVE,25.0,45.95,40.0,45.95,subir_a_base,primera VITA TINOL SERUM 30g - Default Title
55029224374609,ACTIVE,24.0,43.95,38.4,43.95,subir_a_base,heimish RX Multi Vitamin Glow Serum 35ml - Default Title
55029226013009,ACTIVE,24.0,43.95,38.4,43.95,subir_a_base,heimish RX Retinol Bakuchiol Booster Oil 35ml - Default Title
55029228142929,ACTIVE,24.0,43.95,38.4,43.95,subir_a_base,heimish RX AHA BHA Peeling Serum 35ml - Default Title
55029228929361,ACTIVE,24.0,43.95,38.4,43.95,subir_a_base,heimish RX Hyaluronic Acid 2% Hydrating Serum 35ml - Default Title
55029230666065,ACTIVE,5.0,9.95,8.0,9.95,subir_a_base,[HOLIKA HOLIKA] Aloe Hydro Formula 96% Soothing Gel 250ml - Default Title
55029232075089,ACTIVE,16.0,28.95,25.6,28.95,subir_a_base,Dr.Melaxin Exosome Repair Peeling Serum 50ml - Default Title
55029232664913,ACTIVE,16.0,28.95,25.6,28.95,subir_a_base,Dr.Melaxin TX Kojic Acid Turmeric Toner Pads 190ml/70ea - Default Title
55029232927057,ACTIVE,19.0,34.95,30.4,34.95,subir_a_base,Dr.Melaxin Exosome Repair Cream 50ml - Default Title
55029233189201,ACTIVE,18.0,32.95,28.8,32.95,subir_a_base,Dr.Melaxin Cemenrete Calcium Intense Cream 50ml - Default Title
55029233385809,ACTIVE,20.0,36.95,32.0,36.95,subir_a_base,Dr.Melaxin Peel Shot Glow White Rice Ampoule 80ml - Default Title
55029233516881,ACTIVE,18.0,32.95,28.8,32.95,subir_a_base,Dr.Melaxin Peel Shot Glow Rice Toner 200ml - Default Title
55029233910097,ACTIVE,17.0,30.95,27.2,30.95,subir_a_base,Dr.Melaxin Peel Shot Exfoliating TX Serum 80ml - Default Title
55029234106705,ACTIVE,17.0,30.95,27.2,30.95,subir_a_base,Dr.Melaxin TX Tranexamic Acid Cream 50ml - Default Title
55029234434385,ACTIVE,13.0,23.95,20.8,23.95,subir_a_base,Dr.Melaxin Exosome Repair Ampoule Plus 40ml - Default Title
55029235220817,ACTIVE,23.0,41.95,36.8,41.95,subir_a_base,Dr.Melaxin Cemenrete Cyano Pink Spicule Cream 50ml - Default Title
55029235417425,ACTIVE,19.0,34.95,30.4,34.95,subir_a_base,Dr.Melaxin Picotonic Shot Pigmentation Cream 25g - Default Title
55029235810641,ACTIVE,20.0,36.95,32.0,36.95,subir_a_base,Dr.Melaxin Picotonic Shot Pigmentation Ampoule 30ml - Default Title
55029236203857,ACTIVE,24.0,43.95,38.4,43.95,subir_a_base,Dr.Melaxin Cemenrete Cyano Pink Spicule Serum 30ml - Default Title
55029236367697,ACTIVE,25.0,45.95,40.0,45.95,subir_a_base,Dr.Melaxin Peel Shot Glow White Rice Serum 30ml - Default Title
55029236564305,ACTIVE,15.0,27.95,24.0,27.95,subir_a_base,Dr.Melaxin Cemenrete Calcium Intense Ampoule Plus 30ml - Default Title
55029236793681,ACTIVE,25.0,45.95,40.0,45.95,subir_a_base,Dr.Melaxin Necklinephalt Neck Cream 20ml - Default Title
55029237023057,ACTIVE,13.0,23.95,20.8,23.95,subir_a_base,Dr.Melaxin Cactox 3-Step Nose Pore Pack 3P - Default Title
55029237219665,ACTIVE,19.0,34.95,30.4,34.95,subir_a_base,Dr.Melaxin Cactox Pore Relief Jelly Toner Pad 170ml/60ea - Default Title
55029237383505,ACTIVE,28.0,50.95,44.8,50.95,subir_a_base,Dr.Melaxin TX Astaxanthin Triple Jelly Serum 30ml - Default Title
55029237514577,ACTIVE,23.0,41.95,36.8,41.95,subir_a_base,primera Vita-tinol Intense Bouncy Lifty Mask-Cream 30ml - Default Title
55029237809489,ACTIVE,33.0,59.95,52.8,59.95,subir_a_base,MIZON Black Snail All In One Cream 75ml - Default Title
55029238006097,ACTIVE,18.0,32.95,28.8,32.95,subir_a_base,CNP Derma+ Answer Active Boost Ampoule 30ml - Default Title
55029238202705,ACTIVE,8.0,14.95,12.8,14.95,subir_a_base,DERMALINE Normalizing Relief Gel 60ml - Default Title
55029238563153,ACTIVE,13.0,23.95,20.8,23.95,subir_a_base,DERMALINE Hycare PDRN Solution Toner 200ml - Default Title
55029239218513,ACTIVE,13.0,23.95,20.8,23.95,subir_a_base,DERMALINE Hycare PDRN Solution Emulsion 200ml - Default Title
55029239873873,ACTIVE,15.0,27.95,24.0,27.95,subir_a_base,DERMALINE PDX Cica EXO After Care Cream 40g - Default Title
55029250031953,ACTIVE,27.0,48.95,43.2,48.95,subir_a_base,DERMALINE Hydro Refresh Toner 200ml - Default Title
55029250425169,ACTIVE,11.0,19.95,17.6,19.95,subir_a_base,DERMALINE Normalizing Relief Lotion 60ml - Default Title
55029250621777,ACTIVE,19.0,34.95,30.4,34.95,subir_a_base,DERMALINE Always Bright Whitening Cream 50g - Default Title
55029252063569,ACTIVE,29.0,52.95,46.4,52.95,subir_a_base,DERMALINE Hydrating Moisture Dew 150ml - Default Title
55029252260177,ACTIVE,31.0,55.95,49.6,55.95,subir_a_base,DERMALINE Hydro Refresh Emulsion 200ml - Default Title
55029252489553,ACTIVE,34.0,61.95,54.4,61.95,subir_a_base,DERMALINE Bio Hydro Refresh Ampoule 75ml - Default Title
55029252620625,ACTIVE,32.0,57.95,51.2,57.95,subir_a_base,DERMALINE Dr.TJ Anti-Aging & Brightening Clear Ampoule 30ml - Default Title
55029254095185,ACTIVE,33.0,59.95,52.8,59.95,subir_a_base,DERMALINE Bio Cell Boosting Ampoule 75ml - Default Title
55029254291793,ACTIVE,27.0,48.95,43.2,48.95,subir_a_base,DERMALINE PDRN Solution Activing Toner 200ml - Default Title
55029254553937,ACTIVE,27.0,48.95,43.2,48.95,subir_a_base,DERMALINE PDRN Solution Activating Emulsion 200ml - Default Title
55029255045457,ACTIVE,34.0,61.95,54.4,61.95,subir_a_base,DERMALINE Bio Activing PDRN Ampoule 75ml - Default Title
55029255733585,ACTIVE,30.0,54.95,48.0,54.95,subir_a_base,DERMALINE D'LEXO Collagen Gel Cream 100g - Default Title
55029255930193,ACTIVE,15.0,27.95,24.0,27.95,subir_a_base,GRAFEN Calming Green Serum 50ml - Default Title
55029256061265,ACTIVE,15.0,27.95,24.0,27.95,subir_a_base,[MANYO FACTORY] Glutathione 7 Dark Spot Serum Patch 72g/30ea - Default Title
55029256192337,ACTIVE,12.0,21.95,19.2,21.95,subir_a_base,TIAM Vita B3 Mist Toner 200ml - Default Title
55029256323409,ACTIVE,11.0,19.95,17.6,19.95,subir_a_base,TIAM AC Fighting AHA BHA PHA Toner 180ml - Default Title
55029256454481,ACTIVE,7.0,12.95,11.2,12.95,subir_a_base,TIAM Centella Blending Powder 10g - Default Title
55029256814929,ACTIVE,6.0,10.95,9.6,10.95,subir_a_base,"TIAM Surprise B Patch (96ea, Pack of 4) - Default Title"
55029257666897,ACTIVE,7.0,12.95,11.2,12.95,subir_a_base,TIAM Vitamin Blending Powder 10g - Default Title
55029259436369,ACTIVE,11.0,19.95,17.6,19.95,subir_a_base,TIAM Vita B3 Source 40ml - Default Title
55029259632977,ACTIVE,12.0,21.95,19.2,21.95,subir_a_base,TIAM Hyaluronic Glow Revive Serum 40ml - Default Title
55029259895121,ACTIVE,13.0,23.95,20.8,23.95,subir_a_base,TIAM Hyaluronic Water Plumping Serum 40ml - Default Title
55029260419409,ACTIVE,13.0,23.95,20.8,23.95,subir_a_base,TIAM Snail & Azulene Calmfort Cream 100ml - Default Title
55029260583249,ACTIVE,13.0,23.95,20.8,23.95,subir_a_base,TIAM Vita A Bakuchiol Youth Serum 40ml - Default Title
55029261566289,ACTIVE,13.0,23.95,20.8,23.95,subir_a_base,TIAM Vitamin C 24 Surprise Serum 30ml - Default Title
55029261762897,ACTIVE,13.0,23.95,20.8,23.95,subir_a_base,TIAM Pore Minimizing 21 Cream 60ml - Default Title
55029262451025,ACTIVE,15.0,27.95,24.0,27.95,subir_a_base,Isntree Onion Newpair Gel Cream Plus 50ml - Default Title
55029262582097,ACTIVE,10.0,18.95,16.0,18.95,subir_a_base,PRETTYSKIN 30 Days All-in-One Vitamin Cream 100ml - Default Title
55029262942545,ACTIVE,10.0,18.95,16.0,18.95,subir_a_base,PRETTYSKIN 30 Days All-in-One Snail Cream 100ml - Default Title
55029263270225,ACTIVE,10.0,18.95,16.0,18.95,subir_a_base,PRETTYSKIN 30 Days All-in-One B5 Brightening Cream 100ml - Default Title
55029263597905,ACTIVE,10.0,18.95,16.0,18.95,subir_a_base,PRETTYSKIN 30 Days All-in-One Hyaluronic Cream 100ml - Default Title
55029263794513,ACTIVE,10.0,18.95,16.0,18.95,subir_a_base,PRETTYSKIN 30 Days All-in-One Collagen Cream 100ml - Default Title
55029264154961,ACTIVE,10.0,18.95,16.0,18.95,subir_a_base,PRETTYSKIN 30 Days All-in-One Cica Cream 100ml - Default Title
55029264449873,ACTIVE,34.0,61.95,54.4,61.95,subir_a_base,REJUDERMA EX Repairing Cream 20g - Default Title
55029264777553,ACTIVE,25.0,45.95,40.0,45.95,subir_a_base,CNP Mugener Phyto Soothing Ampule 35ml+35ml - Default Title
55029264974161,ACTIVE,12.0,21.95,19.2,21.95,subir_a_base,DEWYTREE AC Deep Blemish Calming Mask Sheet 27gX10ea - Default Title
55029266547025,ACTIVE,12.0,21.95,19.2,21.95,subir_a_base,Torriden Cellmazing Vita C Brightening Mask Sheet 26ml X 10ea - Default Title
55029266809169,ACTIVE,12.0,21.95,19.2,21.95,subir_a_base,FATION Real Fit Rice Bran Brightening Mask Sheet 23mX10ea - Default Title
55029267071313,ACTIVE,12.0,21.95,19.2,21.95,subir_a_base,MEDIHEAL Derma 365 Teetree Mask (30 Masks) - Default Title
55029267300689,ACTIVE,12.0,21.95,19.2,21.95,subir_a_base,Round Lab Pine Calming Cica Sheet Mask 10pcs - Default Title
55029267628369,ACTIVE,12.0,21.95,19.2,21.95,subir_a_base,MEDIHEAL Derma 365 Madecassoside Mask (30 Masks) - Default Title
55029268250961,ACTIVE,12.0,21.95,19.2,21.95,subir_a_base,MEDIHEAL Derma 365 Collagen Mask (30 Masks) - Default Title
55029268513105,ACTIVE,12.0,21.95,19.2,21.95,subir_a_base,MEDIHEAL The I.P.I Ampoule Mask Sheet 10P - Default Title
55029268775249,ACTIVE,12.0,21.95,19.2,21.95,subir_a_base,MEDIHEAL The H.P.A Ampoule Mask Sheet 10P - Default Title
55029269070161,ACTIVE,12.0,21.95,19.2,21.95,subir_a_base,MEDIHEAL The E.G.T Ampoule Mask Sheet 10P - Default Title
55029269332305,ACTIVE,12.0,21.95,19.2,21.95,subir_a_base,[THANK YOU FARMER] Miracle Age Repair Cotton Mask 25ml X 5ea - Default Title
55029269496145,ACTIVE,12.0,21.95,19.2,21.95,subir_a_base,NEOGEN Probiotics Relief Mask 25g X 5ea - Default Title
55029269692753,ACTIVE,12.0,21.95,19.2,21.95,subir_a_base,daymellow Pure Water Energy Bird's Nest Mask 27ml X 10ea - Default Title
55029270053201,ACTIVE,12.0,21.95,19.2,21.95,subir_a_base,EUNYUL Multi-complex Horse Oil Sheet Mask 30ml x 30ea - Default Title
55029270380881,ACTIVE,12.0,21.95,19.2,21.95,subir_a_base,Mediheal Double Calming Water Mask 20ml X 15pcs - Default Title
55029270610257,ACTIVE,12.0,21.95,19.2,21.95,subir_a_base,MEDIHEAL HYALU MOIST ESSENCE MASK SHEET 20ml X 15pcs - Default Title
55029270872401,ACTIVE,11.0,19.95,17.6,19.95,subir_a_base,DERMATORY Retinal Derm Band Mask 28g X 6ea - Default Title
55029271200081,ACTIVE,11.0,19.95,17.6,19.95,subir_a_base,APLB Glutathioine Niacinamide Sheet Mask 25ml 10ea - Default Title
55029272248657,ACTIVE,11.0,19.95,17.6,19.95,subir_a_base,Isntree Mugwort Calming Gauze Mask 23g X 10ea - Default Title
55029274771793,ACTIVE,11.0,19.95,17.6,19.95,subir_a_base,daymellow Pure Water Energy Seasalt Mask 27ml X 10ea - Default Title
55029277851985,ACTIVE,11.0,19.95,17.6,19.95,subir_a_base,AHC Micro Pure Water Non-Slip Mask Sheet SET 33ml X 10ea - Default Title
55029282865489,ACTIVE,11.0,19.95,17.6,19.95,subir_a_base,NEOGEN Canadian Clay Pore Stick 28g - Default Title
55029284438353,ACTIVE,11.0,19.95,17.6,19.95,subir_a_base,Mediflower Special Treatment Enerzing Skin Sheet Mask Multi Vitamin 23ml x 30ea - Default Title
55029284798801,ACTIVE,11.0,19.95,17.6,19.95,subir_a_base,Mediflower Special Treatment Control Skin Sheet Mask Centella 23ml x 30ea - Default Title
55029285323089,ACTIVE,10.0,18.95,16.0,18.95,subir_a_base,One-day's you Oh! So Cool Calming Mask 25ml x 5ea - Default Title
55029285585233,ACTIVE,10.0,18.95,16.0,18.95,subir_a_base,DEWYTREE DAYDERMA Brightening Ampoule In Mask 23gX10EA - Default Title
55029285814609,ACTIVE,10.0,18.95,16.0,18.95,subir_a_base,DEWYTREE PICK & QUICK Moisture Full Mask 30ea - Default Title
55029286207825,ACTIVE,10.0,18.95,16.0,18.95,subir_a_base,TONYMOLY Master Lab Sheet Mask 19g X 10ea - Hyaluronic acid
55029286240593,ACTIVE,10.0,18.95,16.0,18.95,subir_a_base,TONYMOLY Master Lab Sheet Mask 19g X 10ea - Snail mucin
55029286273361,ACTIVE,10.0,18.95,16.0,18.95,subir_a_base,TONYMOLY Master Lab Sheet Mask 19g X 10ea - Ceramide
55029286306129,ACTIVE,10.0,18.95,16.0,18.95,subir_a_base,TONYMOLY Master Lab Sheet Mask 19g X 10ea - Vitamin C
55029286338897,ACTIVE,10.0,18.95,16.0,18.95,subir_a_base,TONYMOLY Master Lab Sheet Mask 19g X 10ea - Collagen
55029286371665,ACTIVE,10.0,18.95,16.0,18.95,subir_a_base,TONYMOLY Master Lab Sheet Mask 19g X 10ea - EGF
55029286404433,ACTIVE,10.0,18.95,16.0,18.95,subir_a_base,TONYMOLY Master Lab Sheet Mask 19g X 10ea - Propolis
55029286437201,ACTIVE,10.0,18.95,16.0,18.95,subir_a_base,TONYMOLY Master Lab Sheet Mask 19g X 10ea - Aqua Jet
55029286469969,ACTIVE,10.0,18.95,16.0,18.95,subir_a_base,TONYMOLY Master Lab Sheet Mask 19g X 10ea - Mineral
55029286502737,ACTIVE,10.0,18.95,16.0,18.95,subir_a_base,TONYMOLY Master Lab Sheet Mask 19g X 10ea - Charcoal
55029286535505,ACTIVE,10.0,18.95,16.0,18.95,subir_a_base,TONYMOLY Master Lab Sheet Mask 19g X 10ea - Glutathion
55029286568273,ACTIVE,10.0,18.95,16.0,18.95,subir_a_base,TONYMOLY Master Lab Sheet Mask 19g X 10ea - cica
55029286863185,ACTIVE,10.0,18.95,16.0,18.95,subir_a_base,DEWYTREE PICK & QUICK Calming Full Mask 30ea - Default Title
55029287027025,ACTIVE,10.0,18.95,16.0,18.95,subir_a_base,DEWYTREE PICK & QUICK De-Puff Morning Mask 30ea - Default Title
55029287223633,ACTIVE,10.0,18.95,16.0,18.95,subir_a_base,One-day's you Magic Moon Light Peeling Cleansing Mask 20g x 5ea - Default Title
55029287420241,ACTIVE,10.0,18.95,16.0,18.95,subir_a_base,FATION Real Fit HeartLeaf Calming Mask Sheet 23mlX10ea - Default Title
55029287682385,ACTIVE,10.0,18.95,16.0,18.95,subir_a_base,SKINFOOD Royal Honey Propolis Mask 30ml X 10ea - Default Title
55029287846225,ACTIVE,10.0,18.95,16.0,18.95,subir_a_base,ROVECTIN DR. MASK AQUA 25ml X 5ea - Default Title
55029289714001,ACTIVE,10.0,18.95,16.0,18.95,subir_a_base,MEDIHEAL Tea Tree Essential Mask Sheet 10P - Default Title
55029289845073,ACTIVE,10.0,18.95,16.0,18.95,subir_a_base,SKINFOOD Carrot Carotene Mask 27ml X 10ea - Default Title
55029290008913,ACTIVE,10.0,18.95,16.0,18.95,subir_a_base,THE FACE SHOP REAL NATURE Face Mask #Rice (20g X 10ea) - Default Title
55029290500433,ACTIVE,10.0,18.95,16.0,18.95,subir_a_base,THE FACE SHOP REAL NATURE Face Mask #Red Ginseng (20g X 10ea) - Default Title
55029290697041,ACTIVE,10.0,18.95,16.0,18.95,subir_a_base,THE FACE SHOP REAL NATURE Face Mask #Pomegranate (20g X 10ea) - Default Title
55029290926417,ACTIVE,10.0,18.95,16.0,18.95,subir_a_base,THE FACE SHOP REAL NATURE Face Mask #Olive (20g X 10ea) - Default Title
55029291254097,ACTIVE,10.0,18.95,16.0,18.95,subir_a_base,THE FACE SHOP REAL NATURE Face Mask #Honey (20g X 10ea) - Default Title
55029291745617,ACTIVE,10.0,18.95,16.0,18.95,subir_a_base,THE FACE SHOP REAL NATURE Face Mask #Lemon (20g X 10ea) - Default Title
55029291974993,ACTIVE,10.0,18.95,16.0,18.95,subir_a_base,THE FACE SHOP Real Nature Face Mask #Lotus (20g X 10ea) - Default Title
55029292138833,ACTIVE,10.0,18.95,16.0,18.95,subir_a_base,THE FACE SHOP REAL NATURE Face Mask #Mung Bean (20g X 10ea) - Default Title
55029292302673,ACTIVE,10.0,18.95,16.0,18.95,subir_a_base,THE FACE SHOP REAL NATURE Face Mask #Blueberry (20g X 10ea) - Default Title
55029292532049,ACTIVE,10.0,18.95,16.0,18.95,subir_a_base,THE FACE SHOP REAL NATURE Face Mask #Aloe (20g X 10ea) - Default Title
55029292794193,ACTIVE,10.0,18.95,16.0,18.95,subir_a_base,Dr.Jart+ Dermask Vital Hydra Solution Value Pack 25g X 5ea - Default Title
55029293023569,ACTIVE,10.0,18.95,16.0,18.95,subir_a_base,CNP 2-Step Quick Soothing S.O.S Mask 5 Sheets - Default Title
55029293285713,ACTIVE,10.0,18.95,16.0,18.95,subir_a_base,MEDIHEAL Tea Tree Care Solution Essential Mask 24ml X 10p - Default Title
55029293482321,ACTIVE,10.0,18.95,16.0,18.95,subir_a_base,MEDIHEAL W.H.P White Hydrating Black Mask EX 25ml x 10ea - Default Title
55029293711697,ACTIVE,10.0,18.95,16.0,18.95,subir_a_base,AHC Premium Hydra Soother Cellulose MASK Sheet 27ml x 5ea - Default Title
55029294203217,ACTIVE,10.0,18.95,16.0,18.95,subir_a_base,AHC Premium Phyto Complex Cellulose MASK Sheet 27ml x 5ea - Default Title
55029295743313,ACTIVE,10.0,18.95,16.0,18.95,subir_a_base,MEDIHEAL Pepta Lifting Ampoule MASK SHEET 20ml X 15pcs - Default Title
55029295939921,ACTIVE,10.0,18.95,16.0,18.95,subir_a_base,BANILA CO Miss Flower & Mr. Honey Propolis Rejuvenating 2 Step Mask 25ml+2mlX5ea - Default Title
55029296300369,DRAFT,9.0,11.16,14.4,14.4,sin_cambio,isoi CICAGO Cica SOS Dressing Mask 25ml x 5ea - Default Title
55029296496977,DRAFT,9.0,11.16,14.4,14.4,sin_cambio,MEDIHEAL Placenta Essential Mask Sheet 10P - Default Title
55029296660817,DRAFT,9.0,11.16,14.4,14.4,sin_cambio,MEDIHEAL Vita Essential Mask Sheet 10P - Default Title
55029296890193,DRAFT,9.0,11.16,14.4,14.4,sin_cambio,SKINFOOD Lavender Food Mask 120g - Default Title
55029297250641,DRAFT,9.0,11.16,14.4,14.4,sin_cambio,MEDIHEAL Madecassoside Essential Mask Sheet 10P - Default Title
55029298495825,ACTIVE,8.0,14.95,12.8,14.95,subir_a_base,Elizavecca Milky Piggy Hell-Pore Clean Up Mask 100ml - Default Title
55029298921809,ACTIVE,8.0,14.95,12.8,14.95,subir_a_base,Elizavecca Green Piggy Collagen Jella Pack 100g - Default Title
55029299609937,ACTIVE,8.0,14.95,12.8,14.95,subir_a_base,[MARY & MAY] Vegan Rose Hyaluronic Hydra Wash off Pack 30g - Default Title
55029299937617,ACTIVE,8.0,14.95,12.8,14.95,subir_a_base,[MARY & MAY] Vegan CICA TeaTree Soothing Wash off Pack 30g - Default Title
55029300625745,ACTIVE,8.0,14.95,12.8,14.95,subir_a_base,TONYMOLY Wonder Aloe Chok Chok Mask Sheet 22g X 10ea - Default Title
55029300822353,ACTIVE,8.0,14.95,12.8,14.95,subir_a_base,DERMATORY Pro Ampoule Shot Mask 34g X 10ea (4-type) - Moisture(Hyal Shot)
55029300855121,ACTIVE,8.0,14.95,12.8,14.95,subir_a_base,DERMATORY Pro Ampoule Shot Mask 34g X 10ea (4-type) - Brightening(Niacin Shot)
55029300887889,ACTIVE,8.0,14.95,12.8,14.95,subir_a_base,DERMATORY Pro Ampoule Shot Mask 34g X 10ea (4-type) - Firming(Collagen Shot)
55029300920657,ACTIVE,8.0,14.95,12.8,14.95,subir_a_base,DERMATORY Pro Ampoule Shot Mask 34g X 10ea (4-type) - Calming(Cica Shot)
55029319500113,ACTIVE,8.0,14.95,12.8,14.95,subir_a_base,[MARY & MAY] Vegan Blackberry Complex Glow Wash off Pack 30g - Default Title
55029319860561,ACTIVE,8.0,14.95,12.8,14.95,subir_a_base,[MARY & MAY] Vegan Calendula Peptide Ageless Sleeping Mask 30g - Default Title
55029320221009,ACTIVE,8.0,14.95,12.8,14.95,subir_a_base,TONYMOLY The Chok Chok Green Tea Watery Mask Sheet 20g X 10ea - Default Title
55029320515921,ACTIVE,8.0,14.95,12.8,14.95,subir_a_base,DERMATORY Retinal Collagen Lifting Gel Mask 22g X 3ea - Default Title
55029320941905,ACTIVE,8.0,14.95,12.8,14.95,subir_a_base,papa recipe Eggplant Clearing Mud Cream Mask 100ml - Default Title
55029325037905,ACTIVE,8.0,14.95,12.8,14.95,subir_a_base,HANYUL Yuja Brightening Wrapping Mask Sheet 5P - Default Title
55029328281937,ACTIVE,8.0,14.95,12.8,14.95,subir_a_base,IOPE Bio Essence Facial Mask 23ml*5ea - Default Title
55029331067217,ACTIVE,8.0,14.95,12.8,14.95,subir_a_base,goodal Heartleaf Hyaluron Soothing Jelly Mask Sheet 5ea - Default Title
55029333655889,ACTIVE,8.0,14.95,12.8,14.95,subir_a_base,REJURAN Healer Skin Protection Mask 27ml X 5ea - Default Title
55029338702161,ACTIVE,8.0,14.95,12.8,14.95,subir_a_base,HANYUL Red Rice Moisture Firming Wrapping Mask Sheet 5P - Default Title
55029342732625,ACTIVE,8.0,14.95,12.8,14.95,subir_a_base,[ONE THING] Cica Soothing Facial Sheet Mask 5P - Default Title
55029346500945,ACTIVE,8.0,14.95,12.8,14.95,subir_a_base,SKINFOOD Strawberry Sugar Food Mask 120g - Default Title
55029348237649,ACTIVE,8.0,14.95,12.8,14.95,subir_a_base,SKINFOOD Egg White Pore Mask 120g - Default Title
55029350302033,ACTIVE,8.0,14.95,12.8,14.95,subir_a_base,daymellow Diamond Toning TTM Mask 27ml X 10ea - Default Title
55029351121233,ACTIVE,8.0,14.95,12.8,14.95,subir_a_base,ROVECTIN DR. MASK CICA 25ml X 5ea - Default Title
55029352726865,ACTIVE,8.0,14.95,12.8,14.95,subir_a_base,[HOLIKA HOLIKA] Pure Essence Mask Sheet - Shea Butter 23ml x 10ea - Default Title
55029353709905,ACTIVE,8.0,14.95,12.8,14.95,subir_a_base,SKINFOOD Apricot Food Mask 120g - Default Title
55029357412689,ACTIVE,8.0,14.95,12.8,14.95,subir_a_base,primera Seed and Sprout Energy Mask Lotus 20ml X 5ea - Default Title
55029358428497,ACTIVE,8.0,14.95,12.8,14.95,subir_a_base,d'Alba White Truffle Nourishing Treatment Mask 25ml x 5ea - Default Title
55029360099665,ACTIVE,7.0,12.95,11.2,12.95,subir_a_base,PAUL MEDISON Deep-red Sleeping Pack 211ml - Default Title
55029361836369,ACTIVE,7.0,12.95,11.2,12.95,subir_a_base,DEWYTREE PICK & QUICK Hydrating Mask 30ea - Default Title
55029362590033,ACTIVE,7.0,12.95,11.2,12.95,subir_a_base,PAUL MEDISON Deep Red Pore Peel Off Pack 155ml - Default Title
55029363638609,ACTIVE,7.0,12.95,11.2,12.95,subir_a_base,goodal Black Carrot Vita-A Retinol Lifting Gel Sheet Mask 4P - Default Title
55029364785489,ACTIVE,7.0,12.95,11.2,12.95,subir_a_base,SKINFOOD Pear Mint Food Mask 120g - Default Title
55029366227281,ACTIVE,7.0,12.95,11.2,12.95,subir_a_base,daymellow Jade Aqua TTM Mask 27ml X 10ea - Default Title
55029366587729,ACTIVE,7.0,12.95,11.2,12.95,subir_a_base,daymellow Gold Recovery TTM Mask 27ml X 10ea - Default Title
55029368160593,ACTIVE,7.0,12.95,11.2,12.95,subir_a_base,LEADERS MEDIU AMINO MOISTURE MASK Sheet 25ml x 10ea - Default Title
55029369831761,ACTIVE,7.0,12.95,11.2,12.95,subir_a_base,goodal Green Tangerine Vita C Dark Spot Serum Sheet Mask (5EA) - Default Title
55029373632849,ACTIVE,7.0,12.95,11.2,12.95,subir_a_base,Isntree MUGWORT CALMING CLAY MASK 100ml - Default Title
55029374583121,ACTIVE,7.0,12.95,11.2,12.95,subir_a_base,Isntree Real Rose Calming Mask 100ml - Default Title
55029376287057,ACTIVE,7.0,12.95,11.2,12.95,subir_a_base,[all NATURAL] Organic Mask Sheet Houttuynia Cordata 25ml x 5ea - Default Title
55029376713041,ACTIVE,7.0,12.95,11.2,12.95,subir_a_base,Dr.Jart+ DERMASK WATER JET SOOTHING HYDRA SOLUTION 25g x 5ea - Default Title
55029379498321,ACTIVE,6.0,10.95,9.6,10.95,subir_a_base,goodal Mild Sheet Mask 20g X 10ea (3-type) - Tea Tree
55029379531089,ACTIVE,6.0,10.95,9.6,10.95,subir_a_base,goodal Mild Sheet Mask 20g X 10ea (3-type) - Green Tea
55029379563857,ACTIVE,6.0,10.95,9.6,10.95,subir_a_base,goodal Mild Sheet Mask 20g X 10ea (3-type) - Yuja
55029379694929,ACTIVE,6.0,10.95,9.6,10.95,subir_a_base,It'S SKIN Power 10 Formula LI Jelly Mask Sheet 23g x 5 sheets - Default Title
55029379793233,ACTIVE,5.0,9.95,8.0,9.95,subir_a_base,MIGUHARA 2 Step Whitening Mask Pack Origin 1.7ml + 25ml - Default Title
55029379891537,ACTIVE,5.0,9.95,8.0,9.95,subir_a_base,[THANK YOU FARMER] Miracle Age Repair Cotton Mask 25ml X 1ea - Default Title
55029380022609,ACTIVE,5.0,9.95,8.0,9.95,subir_a_base,[By Wishtrend] Natural Vitamin 21.5 Enhancing Sheet Mask 23ml - Default Title
55029380153681,ACTIVE,13.0,23.95,20.8,23.95,subir_a_base,[MARY & MAY] Niacinamide Vitamin C Brightening Mask 400g (30ea) - Default Title
55029380383057,ACTIVE,13.0,23.95,20.8,23.95,subir_a_base,[MARY & MAY] Hyaluronic Panthenol Hydra Mask 400g (30ea) - Default Title
55029380710737,ACTIVE,13.0,23.95,20.8,23.95,subir_a_base,make p:rem Comfort Me. Mask Pack 30ml x 10ea (3 Type) - Comfort me Birch Aqua Mask
55029380743505,ACTIVE,13.0,23.95,20.8,23.95,subir_a_base,make p:rem Comfort Me. Mask Pack 30ml x 10ea (3 Type) - Comfort me Oat Moist Mask Pack
55029380776273,ACTIVE,13.0,23.95,20.8,23.95,subir_a_base,make p:rem Comfort Me. Mask Pack 30ml x 10ea (3 Type) - Comfort me Moss Calming Mask Pack
55029380874577,ACTIVE,13.0,23.95,20.8,23.95,subir_a_base,TONYMOLY Houttuynia Cordata Cica Quick Calming Mask 20ml X 10ea - Default Title
55029380940113,ACTIVE,13.0,23.95,20.8,23.95,subir_a_base,innisfree Black Tea Youth Enhancing Ampoule Mask 28ml X 6ea - Default Title
55029381136721,ACTIVE,13.0,23.95,20.8,23.95,subir_a_base,One-day's you Shikarming 30 Days Mask 310g(30 Pieces) - Default Title
55029381333329,ACTIVE,13.0,23.95,20.8,23.95,subir_a_base,HANYUL Yuja Brightening Wrapping Mask Sheet 10P - Default Title
55029389361489,ACTIVE,13.0,23.95,20.8,23.95,subir_a_base,HANYUL Red Rice Moisture Firming Wrapping Mask Sheet 10P - Default Title
55029389590865,ACTIVE,13.0,23.95,20.8,23.95,subir_a_base,HANYUL Pure Aretemisia Watwery Calming Wrapping Mask Sheet 10P - Default Title
55029389787473,ACTIVE,13.0,23.95,20.8,23.95,subir_a_base,AHC Micro Rosemary Non-Slip Mask Sheet SET 33ml X 10ea - Default Title
55029390147921,ACTIVE,13.0,23.95,20.8,23.95,subir_a_base,daymellow Houttuynia Cordata Real Ampoule Mask 27ml X 10ea - Default Title
55029391130961,ACTIVE,13.0,23.95,20.8,23.95,subir_a_base,ETUDE HOUSE SoonJung Panthensoside Sheet Mask Sheet 25ml x 10pcs - Default Title
55029391294801,ACTIVE,13.0,23.95,20.8,23.95,subir_a_base,SKINFOOD Pantothenic Water Parsley Mask 24ml X 10ea - Default Title
55029391655249,ACTIVE,13.0,23.95,20.8,23.95,subir_a_base,AHC Micro Red Collagen Non-Slip Mask Sheet SET 33ml X 10ea - Default Title
55029391819089,ACTIVE,13.0,23.95,20.8,23.95,subir_a_base,Benton Aloe Soothing Sheet Mask 23g X 10ea - Default Title
55029392605521,ACTIVE,13.0,23.95,20.8,23.95,subir_a_base,AHC Micro Vitamin Non-Slip Mask Sheet 33ml x 10ea - Default Title
55029393097041,ACTIVE,13.0,23.95,20.8,23.95,subir_a_base,Dr.G R.E.D Blemish Cool Soothing Mask 10ea 30g - Default Title
55029393359185,ACTIVE,14.0,25.95,22.4,25.95,subir_a_base,[MARY & MAY] Vegan Wash Off Mask Mini Gift Set (30g x 5) - Default Title
55029393654097,ACTIVE,14.0,25.95,22.4,25.95,subir_a_base,[MARY & MAY] Vegan Calendula Peptide Ageless Sleeping Mask 110g - Default Title
55029394899281,ACTIVE,14.0,25.95,22.4,25.95,subir_a_base,papa recipe Carrot Solution Mud Cream Mask 100ml - Default Title
55029395161425,ACTIVE,14.0,25.95,22.4,25.95,subir_a_base,[ONE THING] Modeling Pack 20gX7ea #Hyaluronic Acid - Default Title
55029396406609,ACTIVE,14.0,25.95,22.4,25.95,subir_a_base,[ONE THING] Modeling Pack 20gX7ea #Collagen - Default Title
55029397094737,ACTIVE,14.0,25.95,22.4,25.95,subir_a_base,[ONE THING] Modeling Pack 20gX7ea #Houttuynia Cordata - Default Title
55029397258577,ACTIVE,14.0,25.95,22.4,25.95,subir_a_base,papa recipe Bombee Pore Ampoule Honey Mask Pack Set 25g x 10 pcs - Default Title
55029397586257,ACTIVE,14.0,25.95,22.4,25.95,subir_a_base,papa recipe Bombee Black Honey Mask Pack Set 25g x 10 pcs - Default Title
55029398241617,ACTIVE,14.0,25.95,22.4,25.95,subir_a_base,FATION Nosca9 Trouble Serum Mask Sheet 25mlX10ea - Default Title
55029399421265,ACTIVE,14.0,25.95,22.4,25.95,subir_a_base,REJURAN Derma Healer Moisture Treatment Mask 23ml X 5ea - Default Title
55029400043857,ACTIVE,14.0,25.95,22.4,25.95,subir_a_base,MEDIHEAL The N.M.F Ampoule Mask Sheet 10P - Default Title
55029401157969,ACTIVE,14.0,25.95,22.4,25.95,subir_a_base,Dr.Jart+ DERMASK BRIGHTENING SOLUTION FACE MASK (5 Sheets) - Default Title
55029402173777,ACTIVE,14.0,25.95,22.4,25.95,subir_a_base,Dr.Jart+ Dermask Porecting Solution Facial Mask (5 Sheets) - Default Title
55029402763601,ACTIVE,14.0,25.95,22.4,25.95,subir_a_base,iUNIK Propolis Vitamin Sleeping Mask 60ml - Default Title
55029403320657,ACTIVE,14.0,25.95,22.4,25.95,subir_a_base,daymellow Pure Water Energy Seaweed Mask 27ml X 10ea - Default Title
55029403550033,ACTIVE,15.0,27.95,24.0,27.95,subir_a_base,Elizavecca Milky Piggy Water Coating Aqua Brightening Mask 100ml - Default Title
55029403943249,ACTIVE,15.0,27.95,24.0,27.95,subir_a_base,heimish Matcha Biomet Low Ph Hydrating Mask Sheet 30ml X 5ea - Default Title
55029404074321,ACTIVE,15.0,27.95,24.0,27.95,subir_a_base,WELLAGE Real Hyaluronic Blue Ampoule Mask Sheet 27ml X 10P - Default Title
55029404172625,ACTIVE,15.0,27.95,24.0,27.95,subir_a_base,REJURAN Turnover Mask (Prev. Healing Mask) 40ml X 5ea - Default Title
55029404270929,ACTIVE,15.0,27.95,24.0,27.95,subir_a_base,Isntree Ultra-Low Molecular Hyaluronic Acid Mask 25g X 10ea - Default Title
55029404402001,ACTIVE,15.0,27.95,24.0,27.95,subir_a_base,Dr.Jart+ Pore·remedy Purifying Mud Face Mask 13g X 5ea - Default Title
55029404467537,ACTIVE,15.0,27.95,24.0,27.95,subir_a_base,Dr.Jart+ Ceramidin Skin Barrier Moisturizing Mask 22g X 5ea - Default Title
55029404631377,ACTIVE,15.0,27.95,24.0,27.95,subir_a_base,[MARY & MAY] Niacinanide Vitamin C Brightening Sheets 30 Sheets - Default Title
55029404795217,ACTIVE,15.0,27.95,24.0,27.95,subir_a_base,[MARY & MAY] Hyaluronic Panthenol Hydra Mask Sheets 30 Sheets - Default Title
55029404893521,ACTIVE,15.0,27.95,24.0,27.95,subir_a_base,[MARY & MAY] Collagen Peptide Vital Mask Sheets 30 Sheets - Default Title
55029405155665,ACTIVE,15.0,27.95,24.0,27.95,subir_a_base,[MARY & MAY] CICA Houttuynia Tea Tree Calming Mask Sheets 30 Sheets - Default Title
55029405974865,ACTIVE,15.0,27.95,24.0,27.95,subir_a_base,[Real Barrier] Aqua Soothing Cream Mask Sheet 30ml X 10ea - Default Title
55029406105937,ACTIVE,15.0,27.95,24.0,27.95,subir_a_base,[I'm Sorry For My Skin] Jelly Mask Revitalizing 33ml X 10ea - Default Title
55029406335313,ACTIVE,15.0,27.95,24.0,27.95,subir_a_base,[I'm Sorry For My Skin] pH 5.5 Soothing Jelly Mask Sheet 33ml X 10ea - Default Title
55029407252817,ACTIVE,15.0,27.95,24.0,27.95,subir_a_base,Dr.Jart+ PORE REMEDY PURIFYING MUD MASK 13g X 5ea - Default Title
55029407383889,ACTIVE,15.0,27.95,24.0,27.95,subir_a_base,[Real Barrier] Aqua Soothing Ampoule Mask Sheet 28ml X 10ea - Default Title
55029407514961,ACTIVE,15.0,27.95,24.0,27.95,subir_a_base,VITAHALO Whitening & Hydrating Black Mask 25ml × 20ea - Default Title
55029407646033,ACTIVE,15.0,27.95,24.0,27.95,subir_a_base,"Vitahalo 50p Skin fit mask sheet Collagen, Aloe vera essential - Default Title"
55029407744337,ACTIVE,16.0,28.95,25.6,28.95,subir_a_base,DERMATORY Retinal Derm Band Mask 28g X 10ea - Default Title
55029408661841,ACTIVE,16.0,28.95,25.6,28.95,subir_a_base,ROUND LAB Vita Niacinamide Dark Spot Serum Mask 10ea - Default Title
55029408956753,ACTIVE,16.0,28.95,25.6,28.95,subir_a_base,MEDIHEAL N.M.F Nude Gel Mask Sheet 10p - Default Title
55029409055057,ACTIVE,16.0,28.95,25.6,28.95,subir_a_base,EUNYUL Collagen Natural Moisture Mask Pack 22ml x 50ea - Default Title
55029409218897,ACTIVE,16.0,28.95,25.6,28.95,subir_a_base,daymellow Snow Mushroom Real Ampoule Mask 27ml X 10ea - Default Title
55029409317201,ACTIVE,16.0,28.95,25.6,28.95,subir_a_base,AXIS-Y 61% Mugwort Green Vital Energy Complex Sheet Mask 27ml x 5pcs - Default Title
55029410070865,ACTIVE,16.0,28.95,25.6,28.95,subir_a_base,EUNYUL Aloe Natural Moisture Mask Pack 22ml x 50ea - Default Title
55029410201937,ACTIVE,16.0,28.95,25.6,28.95,subir_a_base,EUNYUL Natural Sheet Mask Pack Set 50 Sheets (Aloe 10p + Collagen 10p + Pearl 10p + Hyaluron 10p + Avocado 10p) - Default Title
55029410365777,ACTIVE,16.0,28.95,25.6,28.95,subir_a_base,Abib Mild Acidic pH Sheet Mask Heartleaf Fit 30ml X 10pcs - Default Title
55029410824529,ACTIVE,17.0,30.95,27.2,30.95,subir_a_base,d'Alba Waterfull Vegan Sleeping Pack (Spout Type) 60ml - Default Title
55029410988369,ACTIVE,17.0,30.95,27.2,30.95,subir_a_base,[ONE THING] Modeling Pack 1kg #Houttuynia Cordata - Default Title
55029411086673,ACTIVE,17.0,30.95,27.2,30.95,subir_a_base,[ONE THING] Modeling Pack 1kg #Hyaluronic Acid - Default Title
55029411184977,ACTIVE,17.0,30.95,27.2,30.95,subir_a_base,make p:rem Safe Me. Relief Moisture Mask 15 25ml x 10ea - Default Title
55029447917905,ACTIVE,17.0,30.95,27.2,30.95,subir_a_base,[ONE THING] Modeling Pack 1kg #Collagen - Default Title
55029448016209,ACTIVE,17.0,30.95,27.2,30.95,subir_a_base,papa recipe Bombee Honey Mask Set 25g x 10 pcs - Default Title
55029448212817,ACTIVE,17.0,30.95,27.2,30.95,subir_a_base,Easydew Barrier Repair Mask 25g X 4ea - Default Title
55029448311121,ACTIVE,17.0,30.95,27.2,30.95,subir_a_base,MEDIHEAL Derma Synergy Wrapping Mask Sheet 10P #Tea tree X Cica - Default Title
55029448409425,ACTIVE,17.0,30.95,27.2,30.95,subir_a_base,MEDIHEAL Derma Synergy Wrapping Mask Sheet 10P #Retinol X LHA - Default Title
55029448540497,ACTIVE,17.0,30.95,27.2,30.95,subir_a_base,Huxley Conditioning Mask : One Moment 5P - Default Title
55029448638801,ACTIVE,17.0,30.95,27.2,30.95,subir_a_base,Huxley Balance Mask; Hold Tight 18ml 10P - Default Title
55029448737105,ACTIVE,17.0,30.95,27.2,30.95,subir_a_base,MEDIHEAL Tea Tree Nude Gel Mask Sheet 10p - Default Title
55029448933713,ACTIVE,17.0,30.95,27.2,30.95,subir_a_base,Dr.Jart+ Ceramidin Cream-Infused Mask 18g X 5ea - Default Title
55029449032017,ACTIVE,17.0,30.95,27.2,30.95,subir_a_base,CQMONG Diamond Ampoule Sheet Mask 30ml X 10ea - Default Title
55029450178897,ACTIVE,17.0,30.95,27.2,30.95,subir_a_base,Rokkiss Real Twinkle Mask Pack 20ea - Default Title
55029450309969,ACTIVE,18.0,32.95,28.8,32.95,subir_a_base,Elizavecca Hell-Pore Bubble Black Boom Pore Pack 150ml - Default Title
55029450408273,ACTIVE,18.0,32.95,28.8,32.95,subir_a_base,Dr.Jart+ Dermask Soothing Hydra Solution Pro (5 Sheets) - Default Title
55029450572113,ACTIVE,18.0,32.95,28.8,32.95,subir_a_base,heimish Black Tea Wash-Off Mask 110ml - Default Title
55029450735953,ACTIVE,18.0,32.95,28.8,32.95,subir_a_base,MIZON Cicaluronic Water Fit Mask 24g X 10ea - Default Title
55029450834257,ACTIVE,18.0,32.95,28.8,32.95,subir_a_base,Benton Fermentation Mask Pack 20g x 10ea - Default Title
55029452341585,ACTIVE,18.0,32.95,28.8,32.95,subir_a_base,[THANK YOU FARMER] Centella Balancing Star Mask 30ml X 10ea - Default Title
55029452833105,ACTIVE,18.0,32.95,28.8,32.95,subir_a_base,MGDD Adsorbable Mask Sheet 28ml x 10ea - Default Title
55029452964177,ACTIVE,19.0,34.95,30.4,34.95,subir_a_base,V&A BEAUTY Antioxidant Ampoule Mask Sheet 25ml x 5EA - Default Title
55029453062481,ACTIVE,19.0,34.95,30.4,34.95,subir_a_base,belif Super Knights Purifying Clay Mask 75ml - Default Title
55029453783377,ACTIVE,19.0,34.95,30.4,34.95,subir_a_base,Dr.G Royal Black Snail Cream Mask 10ea 16g - Default Title
55029454438737,ACTIVE,20.0,36.95,32.0,36.95,subir_a_base,[ONE THING] CICA B5 MASK 310ml (30 sheets) - Default Title
55029454504273,ACTIVE,20.0,36.95,32.0,36.95,subir_a_base,One-day's you Collagen 30 Days Mask 310g (30pcs) - Default Title
55029454831953,ACTIVE,20.0,36.95,32.0,36.95,subir_a_base,JHP 139 TONE-UP MOISTURE MASK 30 Sheets - Default Title
55029455159633,ACTIVE,20.0,36.95,32.0,36.95,subir_a_base,[JEJU INDI] Vitamin C Daily Morning Care Mask 380g - Default Title
55029456142673,ACTIVE,20.0,36.95,32.0,36.95,subir_a_base,Dr.Jart+ CICAPAIR™ SENSITIVE SKIN SERUM FACE MASK FOR REDNESS (5 Sheets) - Default Title
55029456929105,ACTIVE,20.0,36.95,32.0,36.95,subir_a_base,Dr.Jart+ Dermask Vital Hydra Solution Pro (5 Sheets) - Default Title
55029457092945,ACTIVE,20.0,36.95,32.0,36.95,subir_a_base,belif Super Knights Regenerating Night Mask 75ml - Default Title
55029457289553,ACTIVE,21.0,37.95,33.6,37.95,subir_a_base,belif Super Knights Multi Vitamin Mask 75ml - Default Title
55029457420625,ACTIVE,21.0,37.95,33.6,37.95,subir_a_base,Huxley Sleep Mask Good Night 150g - Default Title
55029457551697,ACTIVE,21.0,37.95,33.6,37.95,subir_a_base,belif Super Knights Clear Soothing Mask 75ml - Default Title
55029457617233,ACTIVE,21.0,37.95,33.6,37.95,subir_a_base,Benton Snail Bee High Content Sheet Mask 20g X 10ea - Default Title
55029457715537,ACTIVE,22.0,39.95,35.2,39.95,subir_a_base,natureby Essence Mask Pack B Type 23g x 100ea - Default Title
55029457813841,ACTIVE,23.0,41.95,36.8,41.95,subir_a_base,Elizavecca Milky Piggy Herb Soul Hydro Aqua Jella Pack 250ml - Default Title
55029458108753,ACTIVE,24.0,43.95,38.4,43.95,subir_a_base,isoi Bulgarian Rose Blemish Care Mask 20ml x 10ea - Default Title
55029458207057,ACTIVE,25.0,45.95,40.0,45.95,subir_a_base,JHP 139 DERMA REPAIR MASK 30 Sheets - Default Title
55029458305361,ACTIVE,25.0,45.95,40.0,45.95,subir_a_base,JHP 139 HYALURONIC ACID MASK 30 Sheets - Default Title
55029458469201,ACTIVE,25.0,45.95,40.0,45.95,subir_a_base,JHP 139 TEA-TREE CARE SOLUTION MASK 30 Sheets - Default Title
55029459157329,ACTIVE,25.0,45.95,40.0,45.95,subir_a_base,IOPE Skin Booster Ampoule Peel Pad 3.5ml 8ea - Default Title
55029459288401,ACTIVE,25.0,45.95,40.0,45.95,subir_a_base,JHP 139 COLLAGEN IMPACT MASK 30 Sheets - Default Title
55029459681617,ACTIVE,25.0,45.95,40.0,45.95,subir_a_base,DEWYCEL Private Care Mask 10set - Default Title
55029459779921,ACTIVE,26.0,46.95,41.6,46.95,subir_a_base,isoi Bulgarian Rose Refresh Mask 80g - Default Title
55029459845457,ACTIVE,26.0,46.95,41.6,46.95,subir_a_base,REJURAN Healer Perfect Healing V Tighter 20g X 4ea - Default Title
55029459976529,ACTIVE,26.0,46.95,41.6,46.95,subir_a_base,Huxley Mask ; Glow and Brightness 25ml 5P - Default Title
55029460107601,ACTIVE,26.0,46.95,41.6,46.95,subir_a_base,isoi Bulgarian Rose Pore Tightening Clay Pack 100ml - Default Title
55029460304209,ACTIVE,27.0,48.95,43.2,48.95,subir_a_base,primera Vitatinol Serum Mega-Shot Gel Mask Sheet 34g X 5ea - Default Title
55029460402513,ACTIVE,27.0,48.95,43.2,48.95,subir_a_base,isoi Bulgarian Rose Intensive Lifting Mask Pack 50ml - Default Title
55029460500817,ACTIVE,27.0,48.95,43.2,48.95,subir_a_base,[One-day's you] Oh! So Cool Calming Mask 25ml x 10ea - Default Title
55029460566353,ACTIVE,28.0,50.95,44.8,50.95,subir_a_base,Elizavecca Hell-Pore Longolongo Gronique Diamond Mask Pack 100ml - Default Title
55029460697425,ACTIVE,29.0,52.95,46.4,52.95,subir_a_base,O HUI Extreme White Sleeping Mask 100ml - Default Title
55029460762961,ACTIVE,29.0,52.95,46.4,52.95,subir_a_base,d'Alba White Truffle Nourishing Treatment Mask 25ml X 20ea - Default Title
55029460926801,ACTIVE,28.0,50.95,44.8,50.95,subir_a_base,Sulwhasoo Clarifying Mask 120ml - Default Title
55029461582161,ACTIVE,30.0,54.95,48.0,54.95,subir_a_base,Dr.Jart+ CICAPAIR SLEEPAIR INTENSIVE REPAIR NIGHT MASK 75ml - Default Title
55029461713233,ACTIVE,30.0,54.95,48.0,54.95,subir_a_base,JHP 139 GOLD COLLAGEN MASK 30 Sheets - Default Title
55029461975377,ACTIVE,31.0,55.95,49.6,55.95,subir_a_base,isoi Acni Dr. 1st Speedy Mask 20ml x 10ea - Default Title
55029462729041,ACTIVE,30.0,54.95,48.0,54.95,subir_a_base,Sulwhasoo Overnight Vitalizing Mask 120ml - Default Title
55029462991185,ACTIVE,32.0,57.95,51.2,57.95,subir_a_base,d'Alba Waterfull Vegan Sleeping Pack 4ml X 24ea - Default Title
55029463286097,ACTIVE,32.0,57.95,51.2,57.95,subir_a_base,IWLT PURIFYING CENTELLA SOOTHING MASK 25ml x 6ea - Default Title
55029463548241,ACTIVE,52.0,93.95,83.2,93.95,subir_a_base,d'Alba White Truffle Double Mask Pack [Nutritive/Hydrating] 32.5g X 20ea - Default Title
55029463843153,ACTIVE,11.0,19.95,17.6,19.95,subir_a_base,O HUI Age Recovery Soft Amino Foam 180ml - Default Title
55029464170833,ACTIVE,23.0,41.95,36.8,41.95,subir_a_base,Elizavecca Witch Piggy Hell Black Solution Bubble Serum Mask Pack 28g*5pcs - Default Title
55029464400209,ACTIVE,17.0,30.95,27.2,30.95,subir_a_base,[Pyunkang Yul] Brightening Maskpack for Porcelain Skin 25ml*10ea - Default Title
55029464826193,ACTIVE,13.0,23.95,20.8,23.95,subir_a_base,[Pyunkang Yul] Black Tea Revitalizing Mask Pack 25ml*10 Sheets - Default Title
55029465252177,ACTIVE,7.0,12.95,11.2,12.95,subir_a_base,SKINFOOD Rice Mask Wash Off 120g - Default Title
55029465514321,ACTIVE,12.0,21.95,19.2,21.95,subir_a_base,[Pyunkang Yul] Calming Mask Pack 25ml*10 Sheets - Default Title
55029465776465,ACTIVE,25.0,45.95,40.0,45.95,subir_a_base,[Pyunkang Yul] Calming Mask Pack 25ml*30 Sheets - Default Title
55029466038609,ACTIVE,13.0,23.95,20.8,23.95,subir_a_base,[Pyunkang Yul] Calming Pore Clear Wash Off Pack 100g - Default Title
55029466366289,ACTIVE,13.0,23.95,20.8,23.95,subir_a_base,[Pyunkang Yul] Calming Relief Gel Wash Off Pack 100g - Default Title
55029466923345,ACTIVE,19.0,34.95,30.4,34.95,subir_a_base,EUNYUL Clean & Fresh Sheet Mask 22ml*30ea (10-type) - Tighten/Revive
55029466956113,ACTIVE,19.0,34.95,30.4,34.95,subir_a_base,EUNYUL Clean & Fresh Sheet Mask 22ml*30ea (10-type) - Refresh/Moisturize
55029466988881,ACTIVE,19.0,34.95,30.4,34.95,subir_a_base,EUNYUL Clean & Fresh Sheet Mask 22ml*30ea (10-type) - Firm/Nourish
55029467021649,ACTIVE,19.0,34.95,30.4,34.95,subir_a_base,EUNYUL Clean & Fresh Sheet Mask 22ml*30ea (10-type) - Exfoliate/Soothe
55029467054417,ACTIVE,19.0,34.95,30.4,34.95,subir_a_base,EUNYUL Clean & Fresh Sheet Mask 22ml*30ea (10-type) - Nourish/Shine
55029467087185,ACTIVE,19.0,34.95,30.4,34.95,subir_a_base,EUNYUL Clean & Fresh Sheet Mask 22ml*30ea (10-type) - Brighten/Lighten
55029467119953,ACTIVE,19.0,34.95,30.4,34.95,subir_a_base,EUNYUL Clean & Fresh Sheet Mask 22ml*30ea (10-type) - Purify/Hydrate
55029467152721,ACTIVE,19.0,34.95,30.4,34.95,subir_a_base,EUNYUL Clean & Fresh Sheet Mask 22ml*30ea (10-type) - Revitalize/Strengthen
55029467185489,ACTIVE,19.0,34.95,30.4,34.95,subir_a_base,EUNYUL Clean & Fresh Sheet Mask 22ml*30ea (10-type) - Cool/Soothe
55029467218257,ACTIVE,19.0,34.95,30.4,34.95,subir_a_base,EUNYUL Clean & Fresh Sheet Mask 22ml*30ea (10-type) - Refine/Clarify
55029467677009,DRAFT,9.0,11.16,14.4,14.4,sin_cambio,EUNYUL Cloud Sheet Mask 22ml*30ea - Default Title
55029467939153,ACTIVE,15.0,27.95,24.0,27.95,subir_a_base,[I'm Sorry For My Skin] Black Mud Mask 18g*10ea #Tightening - Default Title
55029468332369,ACTIVE,7.0,12.95,11.2,12.95,subir_a_base,EUNYUL Purity Facial Sheet Mask Pack Set 22ml*10ea (8-types) - ALOE
55029468365137,ACTIVE,7.0,12.95,11.2,12.95,subir_a_base,EUNYUL Purity Facial Sheet Mask Pack Set 22ml*10ea (8-types) - COLLAGEN
55029468397905,ACTIVE,7.0,12.95,11.2,12.95,subir_a_base,EUNYUL Purity Facial Sheet Mask Pack Set 22ml*10ea (8-types) - AQUA
55029468430673,ACTIVE,7.0,12.95,11.2,12.95,subir_a_base,EUNYUL Purity Facial Sheet Mask Pack Set 22ml*10ea (8-types) - PEARL
55029468463441,ACTIVE,7.0,12.95,11.2,12.95,subir_a_base,EUNYUL Purity Facial Sheet Mask Pack Set 22ml*10ea (8-types) - BLUEBERRY
55029468496209,ACTIVE,7.0,12.95,11.2,12.95,subir_a_base,EUNYUL Purity Facial Sheet Mask Pack Set 22ml*10ea (8-types) - LEMON
55029468528977,ACTIVE,7.0,12.95,11.2,12.95,subir_a_base,EUNYUL Purity Facial Sheet Mask Pack Set 22ml*10ea (8-types) - POMEGRANATE
55029468561745,ACTIVE,7.0,12.95,11.2,12.95,subir_a_base,EUNYUL Purity Facial Sheet Mask Pack Set 22ml*10ea (8-types) - CHARCOAL
55029469053265,ACTIVE,6.0,10.95,9.6,10.95,subir_a_base,EUNYUL Natural Sheet Mask Pack 22ml*10ea (14-types) - BLUEBERRY
55029469086033,ACTIVE,6.0,10.95,9.6,10.95,subir_a_base,EUNYUL Natural Sheet Mask Pack 22ml*10ea (14-types) - ALOE
55029469118801,ACTIVE,6.0,10.95,9.6,10.95,subir_a_base,EUNYUL Natural Sheet Mask Pack 22ml*10ea (14-types) - CUCUMBER
55029469151569,ACTIVE,6.0,10.95,9.6,10.95,subir_a_base,EUNYUL Natural Sheet Mask Pack 22ml*10ea (14-types) - HYALURON
55029469184337,ACTIVE,6.0,10.95,9.6,10.95,subir_a_base,EUNYUL Natural Sheet Mask Pack 22ml*10ea (14-types) - AVOCADO
55029469217105,ACTIVE,6.0,10.95,9.6,10.95,subir_a_base,EUNYUL Natural Sheet Mask Pack 22ml*10ea (14-types) - COLLAGEN
55029469249873,ACTIVE,6.0,10.95,9.6,10.95,subir_a_base,EUNYUL Natural Sheet Mask Pack 22ml*10ea (14-types) - HONEY
55029469282641,ACTIVE,6.0,10.95,9.6,10.95,subir_a_base,EUNYUL Natural Sheet Mask Pack 22ml*10ea (14-types) - COENZYME Q10
55029469315409,ACTIVE,6.0,10.95,9.6,10.95,subir_a_base,EUNYUL Natural Sheet Mask Pack 22ml*10ea (14-types) - VITAMIN
55029469348177,ACTIVE,6.0,10.95,9.6,10.95,subir_a_base,EUNYUL Natural Sheet Mask Pack 22ml*10ea (14-types) - POMEGRANATE
55029469380945,ACTIVE,6.0,10.95,9.6,10.95,subir_a_base,EUNYUL Natural Sheet Mask Pack 22ml*10ea (14-types) - GREEN TEA
55029469413713,ACTIVE,6.0,10.95,9.6,10.95,subir_a_base,EUNYUL Natural Sheet Mask Pack 22ml*10ea (14-types) - HORSE OIL
55029469446481,ACTIVE,6.0,10.95,9.6,10.95,subir_a_base,EUNYUL Natural Sheet Mask Pack 22ml*10ea (14-types) - SNAIL
55029469479249,ACTIVE,6.0,10.95,9.6,10.95,subir_a_base,EUNYUL Natural Sheet Mask Pack 22ml*10ea (14-types) - PEARL
55029469970769,ACTIVE,6.0,10.95,9.6,10.95,subir_a_base,EUNYUL Daily Care Facial Sheet Mask 22ml*10ea (12-type) - Shea Butter
55029470003537,ACTIVE,6.0,10.95,9.6,10.95,subir_a_base,EUNYUL Daily Care Facial Sheet Mask 22ml*10ea (12-type) - Cucumber
55029470036305,ACTIVE,6.0,10.95,9.6,10.95,subir_a_base,EUNYUL Daily Care Facial Sheet Mask 22ml*10ea (12-type) - Honey
55029470069073,ACTIVE,6.0,10.95,9.6,10.95,subir_a_base,EUNYUL Daily Care Facial Sheet Mask 22ml*10ea (12-type) - Tea Tree
55029470101841,ACTIVE,6.0,10.95,9.6,10.95,subir_a_base,EUNYUL Daily Care Facial Sheet Mask 22ml*10ea (12-type) - Aloe
55029470134609,ACTIVE,6.0,10.95,9.6,10.95,subir_a_base,EUNYUL Daily Care Facial Sheet Mask 22ml*10ea (12-type) - Blueberry
55029470167377,ACTIVE,6.0,10.95,9.6,10.95,subir_a_base,EUNYUL Daily Care Facial Sheet Mask 22ml*10ea (12-type) - Apple
55029470200145,ACTIVE,6.0,10.95,9.6,10.95,subir_a_base,EUNYUL Daily Care Facial Sheet Mask 22ml*10ea (12-type) - Broccoli
55029470232913,ACTIVE,6.0,10.95,9.6,10.95,subir_a_base,EUNYUL Daily Care Facial Sheet Mask 22ml*10ea (12-type) - Vitamin
55029470265681,ACTIVE,6.0,10.95,9.6,10.95,subir_a_base,EUNYUL Daily Care Facial Sheet Mask 22ml*10ea (12-type) - Rice
55029470298449,ACTIVE,6.0,10.95,9.6,10.95,subir_a_base,EUNYUL Daily Care Facial Sheet Mask 22ml*10ea (12-type) - BlackBean
55029470331217,ACTIVE,6.0,10.95,9.6,10.95,subir_a_base,EUNYUL Daily Care Facial Sheet Mask 22ml*10ea (12-type) - Tomato
55029470626129,ACTIVE,13.0,23.95,20.8,23.95,subir_a_base,[I'm Sorry For My Skin] Jelly Mask 33g*10ea #Brightening - Default Title
55029470888273,ACTIVE,13.0,23.95,20.8,23.95,subir_a_base,[I'm Sorry For My Skin] Jelly Mask 33g*10ea #Pore Care - Default Title
55029471904081,ACTIVE,13.0,23.95,20.8,23.95,subir_a_base,[I'm Sorry For My Skin] Jelly Mask 33g*10ea #Relaxing - Default Title
55029474230609,ACTIVE,12.0,21.95,19.2,21.95,subir_a_base,[I'm Sorry For My Skin] pH 5.5 Jelly Mask 33g*10ea #Brightening - Default Title
55029475475793,ACTIVE,13.0,23.95,20.8,23.95,subir_a_base,[I'm Sorry For My Skin] Real Mugwort Calming Mask 23g*10ea - Default Title
55029477572945,ACTIVE,12.0,21.95,19.2,21.95,subir_a_base,[I'm Sorry For My Skin] pH5.5 Jelly Mask 33g*10ea #Relaxing - Default Title
55029479342417,ACTIVE,15.0,27.95,24.0,27.95,subir_a_base,[I'm Sorry For My Skin] pH 5.5 Jelly Mask 33ml*10ea #Moisture - Default Title
55029479604561,ACTIVE,12.0,21.95,19.2,21.95,subir_a_base,[I'm Sorry For My Skin] pH 5.5 Jelly Mask 33g*10ea #Purifying - Default Title
55029479866705,ACTIVE,14.0,25.95,22.4,25.95,subir_a_base,[I'm Sorry For My Skin] SOS Jelly Mask Soothing Mask 33g*10ea - Default Title
55029480161617,ACTIVE,15.0,27.95,24.0,27.95,subir_a_base,[I'm Sorry For My Skin] Green Mud Mask - Soothing 18g*10ea - Default Title
55029480390993,ACTIVE,19.0,34.95,30.4,34.95,subir_a_base,MEDIPEEL Extra Super 9+ Glow lifting Wrapping Mask 70ml - Default Title
55029480653137,ACTIVE,14.0,25.95,22.4,25.95,subir_a_base,Dr.Althea Marine Anti-Blemish Mask 27g*5ea - Default Title
55029481013585,ACTIVE,18.0,32.95,28.8,32.95,subir_a_base,Dr.Althea Last Minute Skin Rescue Anastatica Mask 30ea/310ml - Default Title
55029481963857,ACTIVE,14.0,25.95,22.4,25.95,subir_a_base,Dr.Althea Oasis Soothing Mask 27g*5ea - Default Title
55029482226001,ACTIVE,16.0,28.95,25.6,28.95,subir_a_base,Dr.Althea Premium Cica Modeling Mask Set 25g*5ea - Default Title
55029482553681,ACTIVE,16.0,28.95,25.6,28.95,subir_a_base,Dr.Althea Premium Rosa Modeling Mask Set 25g*5ea - Default Title
55029482783057,ACTIVE,8.0,14.95,12.8,14.95,subir_a_base,FULLY RICE-DOUGH MODELING MASK 50g*4ea - Default Title
55029483012433,ACTIVE,12.0,21.95,19.2,21.95,subir_a_base,Dr.Ceuracle Expert Charcoal Black Modeling Mask 1kg - Default Title
55029483372881,ACTIVE,12.0,21.95,19.2,21.95,subir_a_base,Dr.Ceuracle Expert Collagen Firming Modeling Mask 1kg - Default Title
55029484093777,ACTIVE,12.0,21.95,19.2,21.95,subir_a_base,Dr.Ceuracle Expert Goji Berry Vita Modeling Mask 1kg - Default Title
55029484454225,ACTIVE,12.0,21.95,19.2,21.95,subir_a_base,Dr.Ceuracle Expert Spirulina Cooling Modeling Mask 1kg - Default Title
55029484814673,ACTIVE,17.0,30.95,27.2,30.95,subir_a_base,Dr.Ceuracle Ganghwa Rice Granule Pack 115ml - Default Title
55029485142353,ACTIVE,11.0,19.95,17.6,19.95,subir_a_base,Dr.Ceuracle Tea Tree Purifine Soothing Mask 23ml*10ea - Default Title
55029485437265,ACTIVE,11.0,19.95,17.6,19.95,subir_a_base,Dr.Ceuracle Hyal Reyouth Lifting Mask 25mlX10ea - Default Title
55029485764945,ACTIVE,11.0,19.95,17.6,19.95,subir_a_base,Dr.Ceuracle Jeju Matcha Clay Pack 115ml - Default Title
55029486059857,ACTIVE,11.0,19.95,17.6,19.95,subir_a_base,Dr.Ceuracle Royal Vita Propolis Anti-Oxidant Mask 30ml*10ea - Default Title
55029492875601,ACTIVE,11.0,19.95,17.6,19.95,subir_a_base,[THE LAB By BLANC DOUX] Green Flavonoid 2.0 Mask 23g x 10ea - Default Title
55029493236049,ACTIVE,18.0,32.95,28.8,32.95,subir_a_base,CURESYS Trouble Clear Serum Mask 23g*10pcs - Default Title
55029493891409,ACTIVE,15.0,27.95,24.0,27.95,subir_a_base,[Real Barrier] Retinol Pore Tightening Serum Gel Mask 30g*5ea - Default Title
55029494153553,ACTIVE,12.0,21.95,19.2,21.95,subir_a_base,VARIHOPE Biotics Vital Neck Patch (6g*5ea) - Default Title
55029494448465,ACTIVE,11.0,19.95,17.6,19.95,subir_a_base,[Real Barrier] Extreme Cream Mask Sheet 27ml X 10ea - Default Title
55029494645073,ACTIVE,8.0,14.95,12.8,14.95,subir_a_base,NEOGEN Dermalogy High G Exosome Mask Sheet 39g X 5ea - Default Title
55029494907217,ACTIVE,14.0,25.95,22.4,25.95,subir_a_base,NEOGEN Dermalogy Double Vita Tone Up Ampoule Mask 30g X 5ea - Default Title
55029495267665,ACTIVE,17.0,30.95,27.2,30.95,subir_a_base,NEOGEN Black Caviar Essential Mask 23ml x 10ea - Default Title
55029496217937,ACTIVE,7.0,12.95,11.2,12.95,subir_a_base,NEOGEN Dermalogy Real Heartleaf Soothing Mask 37g X 5ea - Default Title
55029496611153,ACTIVE,12.0,21.95,19.2,21.95,subir_a_base,NEOGEN Real Heartleaf Soothing Daily Mask 180ml/40ea - Default Title
55029496938833,ACTIVE,25.0,45.95,40.0,45.95,subir_a_base,NEOGEN SUR.MEDIC Super Hyaluronic 100 Aqua Mask 30g X 10ea - Default Title
55029497266513,ACTIVE,23.0,41.95,36.8,41.95,subir_a_base,MISSHA 24K Prime Gold Collagen Hydrogel Mask 32g x 5ea - Default Title
55029497626961,ACTIVE,8.0,14.95,12.8,14.95,subir_a_base,MISSHA Cell Renew Snail Sleeping Mask 110ml - Default Title
55029497889105,ACTIVE,7.0,12.95,11.2,12.95,subir_a_base,MISSHA Time Revolution The First Essence Mask 30g X 5ea - Default Title
55029498151249,ACTIVE,7.0,12.95,11.2,12.95,subir_a_base,MISSHA Super Aqua Ampoule Mask 28g X 5ea - Default Title
55029498478929,ACTIVE,7.0,12.95,11.2,12.95,subir_a_base,MISSHA Bee Pollen Ampoule Mask 30g X 5ea - Default Title
55029499167057,ACTIVE,7.0,12.95,11.2,12.95,subir_a_base,MISSHA Artemisia Ampoule Mask 27g X 5ea - Default Title
55029499724113,ACTIVE,7.0,12.95,11.2,12.95,subir_a_base,MISSHA Vita C Plus Ampoule Mask 27g X 5ea - Default Title
55029500150097,ACTIVE,12.0,21.95,19.2,21.95,subir_a_base,[MANYO FACTORY] Thanks Berry Green Tea Mask 310ml(30sheets) - Default Title
55029500477777,ACTIVE,10.0,18.95,16.0,18.95,subir_a_base,BANILA CO Blooming Youth Cica Panthenol Mask 22ml X 10ea - Default Title
55029501034833,ACTIVE,15.0,27.95,24.0,27.95,subir_a_base,[Cell Fusion C] Glass Skin Collagen Mask Sheet 35g X 5ea - Default Title
55029501362513,ACTIVE,13.0,23.95,20.8,23.95,subir_a_base,BANILA CO Dear Hydration Water Dew Mask 25g X 10ea - Default Title
55029501821265,ACTIVE,30.0,54.95,48.0,54.95,subir_a_base,IOPE Retinol Serum In Gel Mask 30g*7ea - Default Title
55029502181713,ACTIVE,15.0,27.95,24.0,27.95,subir_a_base,SKINFOOD Rice Brightening Mask 25g x 10ea - Default Title
55029502509393,ACTIVE,10.0,18.95,16.0,18.95,subir_a_base,SKINFOOD Potato Madecassoside Mask Sheet 24ml X 10ea - Default Title
55029502935377,ACTIVE,8.0,14.95,12.8,14.95,subir_a_base,SKINFOOD Pink Grapefruit AHA Food Mask 120g - Default Title
55029503328593,ACTIVE,15.0,27.95,24.0,27.95,subir_a_base,SKINFOOD Blue Chamomile Hyaluronic Mask Sheet 25g X 10ea - Default Title
55029503721809,ACTIVE,13.0,23.95,20.8,23.95,subir_a_base,SKINFOOD Rice Brightening Daily Mask 270g/30ea - Default Title
55029504049489,ACTIVE,13.0,23.95,20.8,23.95,subir_a_base,SKINFOOD Shine Muscat Cica Mask 24ml X 10ea - Default Title
55029504377169,ACTIVE,6.0,10.95,9.6,10.95,subir_a_base,SKINFOOD Honey Sugar Food Mask Lip Sleeping Pack 21ml - Default Title
55029504966993,ACTIVE,13.0,23.95,20.8,23.95,subir_a_base,SKINFOOD Potato Madecassoside Daily Mask Sheet 270g/30ea - Default Title
55029505360209,ACTIVE,8.0,14.95,12.8,14.95,subir_a_base,SKINFOOD Peanut Butter Food Mask 120g - Default Title
55029505753425,ACTIVE,8.0,14.95,12.8,14.95,subir_a_base,SKINFOOD Cica BHA Food Mask 120g #Shine Muscat - Default Title
55029506179409,ACTIVE,7.0,12.95,11.2,12.95,subir_a_base,SKINFOOD Potato Madecassoside Soothing Pad 135g/30ea (Refill) - Default Title
55029506539857,ACTIVE,7.0,12.95,11.2,12.95,subir_a_base,SKINFOOD Potato Food Mask 120g - Default Title
55029506867537,ACTIVE,16.0,28.95,25.6,28.95,subir_a_base,SKINFOOD Fig Vegan Collagen Hydrogel Mask Sheet 31g X 5ea - Default Title
55029507359057,ACTIVE,13.0,23.95,20.8,23.95,subir_a_base,SKINFOOD Shine Muscat Cica Daily Mask 270g/30ea - Default Title
55029507653969,ACTIVE,16.0,28.95,25.6,28.95,subir_a_base,Dr.G RED BLEMISH Cool Collagen Firming Mask 30g X 10ea - Default Title
55029508079953,ACTIVE,16.0,28.95,25.6,28.95,subir_a_base,Dr.G RED BLEMISH Cool Vita C Clear Mask 30g X 10ea - Default Title
55029508800849,ACTIVE,24.0,43.95,38.4,43.95,subir_a_base,Dr.G RED BLEMISH HYAL CICA Cooling Gel Mask 27g X 10ea - Default Title
55029509128529,ACTIVE,13.0,23.95,20.8,23.95,subir_a_base,Dr.G Black Snail Lifting Mask 28ml X 10ea - Default Title
55029509554513,ACTIVE,8.0,14.95,12.8,14.95,subir_a_base,Dr.G RTX Into Melting Collagen Film 0.038g 1P - Default Title
55029509947729,ACTIVE,15.0,27.95,24.0,27.95,subir_a_base,Dr.G RED BLEMISH Quick PHA Mask Sheet 280g/30ea - Default Title
55029510373713,ACTIVE,15.0,27.95,24.0,27.95,subir_a_base,Dr.G Revital Enhancer EGF Gel Mask 30g X 4ea - Default Title
55029510668625,ACTIVE,8.0,14.95,12.8,14.95,subir_a_base,Dr.G Black Collagen 300 Mask 27g X 4ea - Default Title
55029511258449,ACTIVE,15.0,27.95,24.0,27.95,subir_a_base,Dr.G Royal Black Snail Ampoule Mask Sheet 30g X 10ea - Default Title
55029511979345,ACTIVE,10.0,18.95,16.0,18.95,subir_a_base,Dr.G RED BLEMISH Deep Soothing Mask 28g X 10ea - Default Title
55029512405329,ACTIVE,24.0,43.95,38.4,43.95,subir_a_base,Dr.G Royal Black Snail Cream Mask 16g X 10ea - Default Title
55029512798545,ACTIVE,8.0,14.95,12.8,14.95,subir_a_base,SKINFOOD Lemon Dill Butter Food Mask 120g - Default Title
55029513421137,ACTIVE,6.0,10.95,9.6,10.95,subir_a_base,SKINFOOD Sous Vide Mask Sheet 18ml x 10ea - [Brightening] TOMATO 10P
55029513453905,ACTIVE,6.0,10.95,9.6,10.95,subir_a_base,SKINFOOD Sous Vide Mask Sheet 18ml x 10ea - [Nourishing] ASPARAGUS 10P
55029513486673,ACTIVE,6.0,10.95,9.6,10.95,subir_a_base,SKINFOOD Sous Vide Mask Sheet 18ml x 10ea - [Hydrating & Calming] EGGPLANT 10P
55029513519441,ACTIVE,6.0,10.95,9.6,10.95,subir_a_base,SKINFOOD Sous Vide Mask Sheet 18ml x 10ea - [Purifying) KALE 10P
55029513552209,ACTIVE,6.0,10.95,9.6,10.95,subir_a_base,SKINFOOD Sous Vide Mask Sheet 18ml x 10ea - [Firming] LOTUS ROOT 10P
55029513584977,ACTIVE,6.0,10.95,9.6,10.95,subir_a_base,SKINFOOD Sous Vide Mask Sheet 18ml x 10ea - [Smoothening] PUMPKIN 10P
55029513617745,ACTIVE,6.0,10.95,9.6,10.95,subir_a_base,SKINFOOD Sous Vide Mask Sheet 18ml x 10ea - [Moisturizing & Vitalizing] BROCCOLI 10P
55029513650513,ACTIVE,6.0,10.95,9.6,10.95,subir_a_base,SKINFOOD Sous Vide Mask Sheet 18ml x 10ea - [Hydrating & Revitalizing) SPINACH 10P
55029513683281,ACTIVE,6.0,10.95,9.6,10.95,subir_a_base,SKINFOOD Sous Vide Mask Sheet 18ml x 10ea - [Intensively hydrating] PAPRIKA 10P
55029513716049,ACTIVE,6.0,10.95,9.6,10.95,subir_a_base,SKINFOOD Sous Vide Mask Sheet 18ml x 10ea - [Hydrating & Calming] CABBAGE 10P
55029514142033,ACTIVE,8.0,14.95,12.8,14.95,subir_a_base,SKINFOOD Honey Sugar Food Mask 120g - Default Title
55029514502481,ACTIVE,15.0,27.95,24.0,27.95,subir_a_base,SUNGBOON EDITOR Deep Collagen Cica Tea Tree Soothing Mask 37g X 4ea - Default Title
55029514895697,ACTIVE,15.0,27.95,24.0,27.95,subir_a_base,SUNGBOON EDITOR Deep Collagen Hyalu-B5 Hydrating Mask 37ml X 4ea - Default Title
55029515125073,ACTIVE,15.0,27.95,24.0,27.95,subir_a_base,SUNGBOON EDITOR Deep Collagen Niacin-Vita C Brightening Mask 37g X 4ea - Default Title
55029515419985,ACTIVE,12.0,21.95,19.2,21.95,subir_a_base,SUNGBOON EDITOR Active Marine Astaxanthin Toning Serum Mask 23ml X 10ea - Default Title
55029515649361,ACTIVE,10.0,18.95,16.0,18.95,subir_a_base,SUNGBOON EDITOR Apple Peel Glow Skin Soothing Ampoule Mask 23 X 10ea - Default Title
55029515878737,ACTIVE,12.0,21.95,19.2,21.95,subir_a_base,Abib Mild Acidic pH Sheet Mask Jericho Rose Fit 30ml X 10ea - Default Title
55029516108113,ACTIVE,14.0,25.95,22.4,25.95,subir_a_base,Abib Gummy Sheet Mask Heartleaf Sticker 27ml X 10ea - Default Title
55029516501329,ACTIVE,13.0,23.95,20.8,23.95,subir_a_base,Abib Gummy Sheet Mask Collagen Milk Sticker 27ml X 10ea - Default Title
55029516796241,ACTIVE,13.0,23.95,20.8,23.95,subir_a_base,Abib Gummy Sheet Mask Vita Sticker 27ml X 10ea - Default Title
55029517287761,ACTIVE,5.0,9.95,8.0,9.95,subir_a_base,BRINGGREEN Zinc Teca Trouble Serum Mask 20g X 5ea - Default Title
55029517484369,ACTIVE,13.0,23.95,20.8,23.95,subir_a_base,Abib Gummy Sheet Mask Sedum Hyaluron Sticker 27ml X 10ea - Default Title
55029518238033,ACTIVE,8.0,14.95,12.8,14.95,subir_a_base,BRINGGREEN Fresh Mask Sheet 20g X 10ea (5-type) - Tea Tree CICA
55029518270801,ACTIVE,8.0,14.95,12.8,14.95,subir_a_base,BRINGGREEN Fresh Mask Sheet 20g X 10ea (5-type) - Artemisia CERA
55029518303569,ACTIVE,8.0,14.95,12.8,14.95,subir_a_base,BRINGGREEN Fresh Mask Sheet 20g X 10ea (5-type) - Aloe SOOTHING
55029518336337,ACTIVE,8.0,14.95,12.8,14.95,subir_a_base,BRINGGREEN Fresh Mask Sheet 20g X 10ea (5-type) - Bamboo Charcoal HYALU
55029518369105,ACTIVE,8.0,14.95,12.8,14.95,subir_a_base,BRINGGREEN Fresh Mask Sheet 20g X 10ea (5-type) - Super Lemon GLUTATHIONE
55029518631249,ACTIVE,7.0,12.95,11.2,12.95,subir_a_base,[Cell Fusion C] Cica Cooling Mask 27g X 5ea - Default Title
55029518991697,ACTIVE,17.0,30.95,27.2,30.95,subir_a_base,belif Super Knights Vita Collagen Wrapping Mask 70ml - Default Title
55029519253841,ACTIVE,6.0,10.95,9.6,10.95,subir_a_base,belif Aqua Bomb Frozen Modeling Mask 55g - Default Title
55029519548753,ACTIVE,15.0,27.95,24.0,27.95,subir_a_base,Dr.Althea Cushion Veil Calming Mask Sheet 28g X 4ea - Default Title
55029519876433,ACTIVE,13.0,23.95,20.8,23.95,subir_a_base,APLB Collagen EGF Peptide Sheet Mask 25ml X 10ea - Default Title
55029520138577,ACTIVE,13.0,23.95,20.8,23.95,subir_a_base,APLB Tranexamic Acid Niacinamide Sheet Mask 25ml X 10ea - Default Title
55029520466257,ACTIVE,13.0,23.95,20.8,23.95,subir_a_base,Dr.Althea Vita Glow Mask Sheet 28g X 4ea - Default Title
55029520695633,ACTIVE,13.0,23.95,20.8,23.95,subir_a_base,Dr.Althea Jelly Seal Dewy Mask Sheet 28g X 4ea - Default Title
55029521023313,ACTIVE,13.0,23.95,20.8,23.95,subir_a_base,APLB Retinol Vitamin C Vitamin E Sheet Mask 25ml X 10ea - Default Title
55029521252689,ACTIVE,26.0,46.95,41.6,46.95,subir_a_base,It'S SKIN Prestige Intense Firming Snail Collagen Gel Mask 30g X 10ea - Default Title
55029522170193,ACTIVE,6.0,10.95,9.6,10.95,subir_a_base,ETUDE 0.2 Therapy Air Mask 20ml X 10ea - Green Tea
55029522202961,ACTIVE,6.0,10.95,9.6,10.95,subir_a_base,ETUDE 0.2 Therapy Air Mask 20ml X 10ea - Snail
55029522235729,ACTIVE,6.0,10.95,9.6,10.95,subir_a_base,ETUDE 0.2 Therapy Air Mask 20ml X 10ea - Lemon
55029522268497,ACTIVE,6.0,10.95,9.6,10.95,subir_a_base,ETUDE 0.2 Therapy Air Mask 20ml X 10ea - Manuka Honey
55029522301265,ACTIVE,6.0,10.95,9.6,10.95,subir_a_base,ETUDE 0.2 Therapy Air Mask 20ml X 10ea - Ceramide
55029522334033,ACTIVE,6.0,10.95,9.6,10.95,subir_a_base,ETUDE 0.2 Therapy Air Mask 20ml X 10ea - Aloe
55029522366801,ACTIVE,6.0,10.95,9.6,10.95,subir_a_base,ETUDE 0.2 Therapy Air Mask 20ml X 10ea - Pearl
55029522399569,ACTIVE,6.0,10.95,9.6,10.95,subir_a_base,ETUDE 0.2 Therapy Air Mask 20ml X 10ea - Hyaluronic Acid
55029522432337,ACTIVE,6.0,10.95,9.6,10.95,subir_a_base,ETUDE 0.2 Therapy Air Mask 20ml X 10ea - Collagen
55029522465105,ACTIVE,6.0,10.95,9.6,10.95,subir_a_base,ETUDE 0.2 Therapy Air Mask 20ml X 10ea - Tea Tree
55029523120465,ACTIVE,26.0,46.95,41.6,46.95,subir_a_base,It'S SKIN Prestige Intense Calming Tea Tree Cica Gel Mask 30g X 10ea - Default Title
55029523808593,ACTIVE,19.0,34.95,30.4,34.95,subir_a_base,It'S SKIN Power 10 Formula LI Jelly Mask Sheet 22g X 10ea - Default Title
55029524627793,ACTIVE,14.0,25.95,22.4,25.95,subir_a_base,SKIN 1004 Madagascar Centella Probio-Cica Nourishing Mask 22ml X 5ea - Default Title
55029525938513,ACTIVE,14.0,25.95,22.4,25.95,subir_a_base,SKIN 1004 Madagascar Centella Hyalu-Cica Hydrating Mask 23ml X 5ea - Default Title
55029526364497,ACTIVE,14.0,25.95,22.4,25.95,subir_a_base,SKIN 1004 Madagascar Centella Tea-Trica Relaxing Mask 24ml X 5ea - Default Title
55029526626641,ACTIVE,16.0,28.95,25.6,28.95,subir_a_base,MEDIPEEL PHYTO CICA-NOL B5 CALMING VEGAN MASK 350g/30ea - Default Title
55029526888785,ACTIVE,20.0,36.95,32.0,36.95,subir_a_base,MEDIPEEL Collagen Glow Wrapping Mask 100ml - Default Title
55029527150929,ACTIVE,27.0,48.95,43.2,48.95,subir_a_base,MEDIPEEL Cell Toxing Dermajours Black Truffle Repair Mask 30ml X 5ea - Default Title
55029527380305,ACTIVE,24.0,43.95,38.4,43.95,subir_a_base,O HUI Age Recovery Wrinkle Collagen Wrapping Mask 70ml - Default Title
55029527675217,ACTIVE,21.0,37.95,33.6,37.95,subir_a_base,O HUI Prime Advancer De-Aging PDRN Collagen Gelfting Mask Sheet 28g X 4ea - Default Title
55029527904593,ACTIVE,13.0,23.95,20.8,23.95,subir_a_base,CENTELLIAN24 MADECA LAB Wrinkle Revitalizing Mask 23ml X 20ea - Default Title
55029529084241,ACTIVE,16.0,28.95,25.6,28.95,subir_a_base,CENTELLIAN24 MADECA LAB PDRN Skin Tightening Glow Gel Mask 23ml X 5ea - Default Title
55029529346385,ACTIVE,13.0,23.95,20.8,23.95,subir_a_base,CENTELLIAN24 MADECA LAB Hyal Waterfull Glow Gel Mask 23ml X 5ea - Default Title
55029529575761,ACTIVE,6.0,10.95,9.6,10.95,subir_a_base,[NATURE REPUBLIC] REAL COMFORTING MASK SHEET #HYALURONIC ACID 24g*10ea - Default Title
55029530100049,ACTIVE,3.0,5.95,4.8,5.95,subir_a_base,[NATURE REPUBLIC] REAL SKIN LAB MODELING PACK 25g (3TYPE) - TEATREE CICA
55029530132817,ACTIVE,3.0,5.95,4.8,5.95,subir_a_base,[NATURE REPUBLIC] REAL SKIN LAB MODELING PACK 25g (3TYPE) - SEAWEED COOLING
55029530165585,ACTIVE,3.0,5.95,4.8,5.95,subir_a_base,[NATURE REPUBLIC] REAL SKIN LAB MODELING PACK 25g (3TYPE) - GRAPEFRUIT VITA
55029530493265,ACTIVE,20.0,36.95,32.0,36.95,subir_a_base,WELLAGE Hyper Peptide Firming Booster Collagen Mask 25ml X 5ea - Default Title
55029530820945,ACTIVE,20.0,36.95,32.0,36.95,subir_a_base,WELLAGE Real Hyaluronic Glow Booster PDRN Mask 38ml X 5ea - Default Title
55029531378001,ACTIVE,12.0,21.95,19.2,21.95,subir_a_base,[NATURE REPUBLIC] Real Nature Mask Sheet 23ml X 30ea (13type) - CUCUMBER
55029531410769,ACTIVE,12.0,21.95,19.2,21.95,subir_a_base,[NATURE REPUBLIC] Real Nature Mask Sheet 23ml X 30ea (13type) - BAMBOO
55029531443537,ACTIVE,12.0,21.95,19.2,21.95,subir_a_base,[NATURE REPUBLIC] Real Nature Mask Sheet 23ml X 30ea (13type) - CHAMOMILE
55029531476305,ACTIVE,12.0,21.95,19.2,21.95,subir_a_base,[NATURE REPUBLIC] Real Nature Mask Sheet 23ml X 30ea (13type) - TOMATO
55029531509073,ACTIVE,12.0,21.95,19.2,21.95,subir_a_base,[NATURE REPUBLIC] Real Nature Mask Sheet 23ml X 30ea (13type) - GREEN TEA
55029531541841,ACTIVE,12.0,21.95,19.2,21.95,subir_a_base,[NATURE REPUBLIC] Real Nature Mask Sheet 23ml X 30ea (13type) - ORANGE
55029531574609,ACTIVE,12.0,21.95,19.2,21.95,subir_a_base,[NATURE REPUBLIC] Real Nature Mask Sheet 23ml X 30ea (13type) - ROSE
55029531607377,ACTIVE,12.0,21.95,19.2,21.95,subir_a_base,[NATURE REPUBLIC] Real Nature Mask Sheet 23ml X 30ea (13type) - TEA TREE
55029531640145,ACTIVE,12.0,21.95,19.2,21.95,subir_a_base,[NATURE REPUBLIC] Real Nature Mask Sheet 23ml X 30ea (13type) - SHEA BUTTER
55029531672913,ACTIVE,12.0,21.95,19.2,21.95,subir_a_base,[NATURE REPUBLIC] Real Nature Mask Sheet 23ml X 30ea (13type) - OLIVE
55029531705681,ACTIVE,12.0,21.95,19.2,21.95,subir_a_base,[NATURE REPUBLIC] Real Nature Mask Sheet 23ml X 30ea (13type) - ACAIBERRY
55029531738449,ACTIVE,12.0,21.95,19.2,21.95,subir_a_base,[NATURE REPUBLIC] Real Nature Mask Sheet 23ml X 30ea (13type) - AVOCADO
55029532131665,ACTIVE,15.0,27.95,24.0,27.95,subir_a_base,[NATURE REPUBLIC] Intense Multi Collagen Mucin Daily Mask Sheet 350ml/30ea - Default Title
55029532459345,ACTIVE,15.0,27.95,24.0,27.95,subir_a_base,WELLAGE Hyper Toning Vita C Bubble Mask 25g X 5ea - Default Title
55029532787025,ACTIVE,10.0,18.95,16.0,18.95,subir_a_base,WELLAGE Hyper Peptide Bandage Lifting Mask 25ml X 5ea - Default Title
55029533049169,ACTIVE,19.0,34.95,30.4,34.95,subir_a_base,ROVECTIN Dr. Mask Aqua 25ml X 10ea - Default Title
55029533311313,ACTIVE,16.0,28.95,25.6,28.95,subir_a_base,ROVECTIN Dr. Mask Pore Tightening Sheet Mask 25ml X 10ea - Default Title
55029533671761,ACTIVE,18.0,32.95,28.8,32.95,subir_a_base,ROVECTIN Lotus Water Calming Sheet Mask 25ml X 10ea - Default Title
55029533966673,ACTIVE,18.0,32.95,28.8,32.95,subir_a_base,ROVECTIN Dr. Mask Cica 25ml X 10ea - Default Title
55029534261585,ACTIVE,10.0,18.95,16.0,18.95,subir_a_base,Genabelle Glutathione Brightening Ampoule Mask 25ml X 5ea - Default Title
55032529879377,ACTIVE,10.0,18.95,16.0,18.95,subir_a_base,Genabelle Ceramidesome Mellow Velvet Mask 25ml X 5ea - Default Title
55032530796881,ACTIVE,21.0,37.95,33.6,37.95,subir_a_base,PURCELL Pixcell Biom O2 Enhancer Modeling Mask 240g - Default Title
55032532140369,ACTIVE,15.0,27.95,24.0,27.95,subir_a_base,Parnell Panthenol Heartleaf Cool Calming Mask 20ml X 5ea - Default Title
55032532730193,ACTIVE,13.0,23.95,20.8,23.95,subir_a_base,Parnell AHA Omija Ceramic Cream Clay Pack 100ml - Default Title
55032532894033,ACTIVE,25.0,45.95,40.0,45.95,subir_a_base,Parnell Niacinamide Rice Brightening Wash Off Pack 100ml - Default Title
55032533123409,ACTIVE,13.0,23.95,20.8,23.95,subir_a_base,Parnell Cicamanu Serum Mask Sheet 25ml X 10ea - Default Title
55032533221713,ACTIVE,20.0,36.95,32.0,36.95,subir_a_base,Parnell Panthenol Heartleaf Cool Calming Mask 20ml X 10ea - Default Title
55032533647697,ACTIVE,20.0,36.95,32.0,36.95,subir_a_base,Parnell Squalane Mineral Water Moisture Mask 20ml X 10ea - Default Title
55032533746001,ACTIVE,18.0,32.95,28.8,32.95,subir_a_base,MEDITHERAPY Blue Layer Water Dome Mask 34g X 4ea - Default Title
55032533909841,ACTIVE,7.0,12.95,11.2,12.95,subir_a_base,Shingmulnara Young Green Tea Watery Calming Sheet Mask 20g X 10ea - Default Title
55032534991185,ACTIVE,7.0,12.95,11.2,12.95,subir_a_base,Shingmulnara White Rice Bright Tone Sheet Mask 20g X 10ea - Default Title
55032535318865,ACTIVE,14.0,25.95,22.4,25.95,subir_a_base,ongredients Skin Barrier Calming Mask 27ml X 6ea - Default Title
55032535548241,ACTIVE,24.0,43.95,38.4,43.95,subir_a_base,HEVEBLUE Salmon Caring Centella Green Mask Pack 25ml X 7ea - Default Title
55032535646545,ACTIVE,23.0,41.95,36.8,41.95,subir_a_base,HEVEBLUE Pot Pore Peptamin Wash Off Pack 100g - Default Title
55032535974225,ACTIVE,23.0,41.95,36.8,41.95,subir_a_base,molvany Mugwort Heating Therapy Pack 100g - Default Title
55032536367441,ACTIVE,25.0,45.95,40.0,45.95,subir_a_base,HEVEBLUE Black Yuja Bean Makeup Spa Mask Pack 23ml X 10ea - Default Title
55032536465745,ACTIVE,16.0,28.95,25.6,28.95,subir_a_base,SUNGBOON EDITOR Yakcho Shot Pore Remodeling Mask 100g - Default Title
55032536662353,ACTIVE,13.0,23.95,20.8,23.95,subir_a_base,tfit Skin Boost Icy Facial Mask 25g X 5ea - Default Title
55032537088337,ACTIVE,17.0,30.95,27.2,30.95,subir_a_base,bravity PDRN Stem Cell Skin Booster Mask 40ml X 5ea - Default Title
55032537317713,ACTIVE,21.0,37.95,33.6,37.95,subir_a_base,bravity Daily STEMCELL Sleeping Pack 100g - Default Title
55032538300753,ACTIVE,16.0,28.95,25.6,28.95,subir_a_base,PETITFEE Aura Quartz Hydrogel Face Mask Crystal Rose 30g X 5ea - Default Title
55032538497361,ACTIVE,10.0,18.95,16.0,18.95,subir_a_base,PETITFEE Artichoke Soothing Hydrogel Face Mask 32g X 5ea - Default Title
55032539087185,ACTIVE,10.0,18.95,16.0,18.95,subir_a_base,PETITFEE Gold Hydrogel Mask Pack 32g X 5ea - Default Title
55032539283793,ACTIVE,10.0,18.95,16.0,18.95,subir_a_base,PETITFEE AGAVE Cooling Hydrogel Face Mask 32g X 5ea - Default Title
55032539513169,ACTIVE,10.0,18.95,16.0,18.95,subir_a_base,PETITFEE Chamomile Lightening Hydrogel Face Mask 32g X 5ea - Default Title
55032539644241,ACTIVE,10.0,18.95,16.0,18.95,subir_a_base,PETITFEE CACAO Energizing Hydrogel Face Mask 32g X 5ea - Default Title
55032539906385,ACTIVE,12.0,21.95,19.2,21.95,subir_a_base,PETITFEE GOLD & SNAIL Hydrogel Mask Pack 30g X 5ea - Default Title
55032540168529,ACTIVE,13.0,23.95,20.8,23.95,subir_a_base,nutseline Super Nut Honey Balm Pack 100g - Default Title
55032540299601,ACTIVE,10.0,18.95,16.0,18.95,subir_a_base,nutseline Super Nut Nourishing Cream Mask 25ml X 4ea - Default Title
55032540758353,ACTIVE,7.0,12.95,11.2,12.95,subir_a_base,MEDIHEAL V.T.R Stretching Patch 23ml X 4ea - Default Title
55032541086033,ACTIVE,28.0,50.95,44.8,50.95,subir_a_base,REJURAN Ampoule Infused Lifting Mask 28g X 4ea - Default Title
55032541315409,ACTIVE,22.0,39.95,35.2,39.95,subir_a_base,MEDIHEAL Derma Synergy Wrapping Mask Toning Care (Madecassoside X Vitamin C) 25ml X 14ea - Default Title
55032541806929,ACTIVE,22.0,39.95,35.2,39.95,subir_a_base,MEDIHEAL Derma Synergy Wrapping Mask Calming Care (Tea Tree X Cica) 25ml X 14ea - Default Title
55032542495057,ACTIVE,22.0,39.95,35.2,39.95,subir_a_base,MEDIHEAL Derma Synergy Wrapping Mask Pore Care (Retinol X LHA) 25ml X 14ea - Default Title
55032542724433,ACTIVE,14.0,25.95,22.4,25.95,subir_a_base,MEDIHEAL Hyper Collagen Gel Mask 35ml X 4ea - Default Title
55032543052113,ACTIVE,22.0,39.95,35.2,39.95,subir_a_base,MEDIHEAL Rose PDRN Bio Seconderm Mask Pore Tightening (Ampoule 4ml + Mask 23ml) X 10ea - Default Title
55032543248721,ACTIVE,31.0,55.95,49.6,55.95,subir_a_base,MEDIHEAL Hyper Hyaluronate Gel Mask 34g X 10ea - Default Title
55032543871313,DRAFT,9.0,11.16,14.4,14.4,sin_cambio,MEDIHEAL Vitamin C Essential Mask Clear Toning 24ml X 10ea - Default Title
55032544297297,ACTIVE,22.0,39.95,35.2,39.95,subir_a_base,MEDIHEAL Madecassoside Bio Seconderm Mask Blemish Soothing (Ampoule 4ml + Mask 23ml) X 10ea - Default Title
55032544723281,ACTIVE,22.0,39.95,35.2,39.95,subir_a_base,MEDIHEAL Hyaluronate Bio Seconderm Mask Deep Moisturizing (Ampoule 4ml + Mask 23ml) X 10ea - Default Title
55032545116497,ACTIVE,15.0,27.95,24.0,27.95,subir_a_base,MEDIHEAL Derma Ampoule Mask I.P.I 26ml X 10ea - Default Title
55032546459985,ACTIVE,15.0,27.95,24.0,27.95,subir_a_base,MEDIHEAL Derma Ampoule Mask H.P.A 26ml X 10ea - Default Title
55032546754897,ACTIVE,27.0,48.95,43.2,48.95,subir_a_base,MEDIHEAL Derma Seal Mask Retinol Collagen 28ml X 10ea - Default Title
55032547017041,DRAFT,9.0,11.16,14.4,14.4,sin_cambio,MEDIHEAL H.D.P Pore-Stamping Black Mask 24ml X 10ea - Default Title
55032547180881,ACTIVE,13.0,23.95,20.8,23.95,subir_a_base,MEDIHEAL The N.M.F Ampoule Mask Original 27ml X 10ea - Default Title
55032547410257,ACTIVE,15.0,27.95,24.0,27.95,subir_a_base,MEDIHEAL Derma Ampoule Mask E.G.T 26ml X 10ea - Default Title
55032547574097,ACTIVE,12.0,21.95,19.2,21.95,subir_a_base,MEDIHEAL Dermaplus Low Molecular Hyaluronic Acid Mask 22ml X 10ea - Default Title
55032547672401,ACTIVE,12.0,21.95,19.2,21.95,subir_a_base,MEDIHEAL Teatree Impact In Balancing Mask 24ml X 10ea - Default Title
55032547967313,ACTIVE,11.0,19.95,17.6,19.95,subir_a_base,MEDIHEAL Dermaplus Heartleaf Mask 22ml X 10ea - Default Title
55032548098385,ACTIVE,12.0,21.95,19.2,21.95,subir_a_base,MEDIHEAL Teatree Ampoule Mask 25ml X 10ea - Default Title
55032548262225,ACTIVE,11.0,19.95,17.6,19.95,subir_a_base,MEDIHEAL Dermaplus Birch Mask 22ml X 10ea - Default Title
55032548524369,ACTIVE,11.0,19.95,17.6,19.95,subir_a_base,MEDIHEAL Dermaplus Aloe Mask 22ml X 10ea - Default Title
55032548688209,ACTIVE,11.0,19.95,17.6,19.95,subir_a_base,MEDIHEAL Dermaplus Green Tangerine Mask 22ml X 10ea - Default Title
55032550195537,ACTIVE,15.0,27.95,24.0,27.95,subir_a_base,MEDIHEAL Hyper Hyaluronate Gel Mask 34g X 4ea - Default Title
55032550359377,ACTIVE,20.0,36.95,32.0,36.95,subir_a_base,MENOKIN 30 Seconds Quick Bubble Mask 95ml #MOIST - Default Title
55032550621521,ACTIVE,20.0,36.95,32.0,36.95,subir_a_base,MENOKIN 30 Seconds Quick Bubble Mask 95ml #REPAIR - Default Title
55032550687057,ACTIVE,20.0,36.95,32.0,36.95,subir_a_base,MENOKIN 30 Seconds Quick Bubble Mask 95ml #CLEAR - Default Title
55032551047505,ACTIVE,26.0,46.95,41.6,46.95,subir_a_base,MEDIHEAL Hyper Collagen Gel Mask 35ml X 10ea - Default Title
55032551211345,ACTIVE,20.0,36.95,32.0,36.95,subir_a_base,MENOKIN 30 Seconds Quick Bubble Mask 95ml #LIFT - Default Title
55032551506257,ACTIVE,20.0,36.95,32.0,36.95,subir_a_base,MENOKIN 30 Seconds Quick Bubble Mask 95ml #BRIGHT - Default Title
55032551833937,ACTIVE,8.0,14.95,12.8,14.95,subir_a_base,[BIO HEAL BOH] NAD-PRIZCELL Glow Film Mask 27g X 5ea - Default Title
55032551965009,ACTIVE,13.0,23.95,20.8,23.95,subir_a_base,Hanskin Vitamin C Glow Mask 70ml - Default Title
55032552063313,ACTIVE,7.0,12.95,11.2,12.95,subir_a_base,Hanskin Vital 40 Layering Ampoule Mask 21g X 10ea - Default Title
55032552161617,ACTIVE,14.0,25.95,22.4,25.95,subir_a_base,Torriden Balanceful Cica Control Mask 24ml X 10ea - Default Title
55032552227153,ACTIVE,13.0,23.95,20.8,23.95,subir_a_base,innisfree Ceramide Active Mask 25ml X 5ea - Default Title
55032552358225,ACTIVE,10.0,18.95,16.0,18.95,subir_a_base,O HUI PDRN Collagen Gelfting Mask 4ea - Default Title
55032552456529,ACTIVE,12.0,21.95,19.2,21.95,subir_a_base,innisfree Volcanic Swirl Pore Mask 110g - Default Title
55032552554833,ACTIVE,14.0,25.95,22.4,25.95,subir_a_base,innisfree Green Tea Daily Soothing Mask 320ml/30ea - Default Title
55032552620369,ACTIVE,12.0,21.95,19.2,21.95,subir_a_base,innisfree Retinol Green Tea PDRN Skinbooster Ampoule Gel Mask 25ml X 5ea - Default Title
55032552685905,ACTIVE,12.0,21.95,19.2,21.95,subir_a_base,innisfree Retinol Cica Repair Ampoule Gel Mask 23ml X 5ea - Default Title
55032552816977,ACTIVE,12.0,21.95,19.2,21.95,subir_a_base,innisfree Hyaluronic Acid Active Mask 25ml X 5ea - Default Title
55032552915281,ACTIVE,12.0,21.95,19.2,21.95,subir_a_base,innisfree Vitamin C Active Mask 25ml X 5ea - Default Title
55032552980817,ACTIVE,12.0,21.95,19.2,21.95,subir_a_base,innisfree Idebenone Active Mask 25ml X 5ea - Default Title
55032553111889,ACTIVE,12.0,21.95,19.2,21.95,subir_a_base,innisfree Vitamin C Green Tea Enzyme Brightening Serum Gel Mask 25ml X 5ea - Default Title
55032553177425,ACTIVE,12.0,21.95,19.2,21.95,subir_a_base,innisfree Madecassoside Active Mask 25ml X 5ea - Default Title
55032553308497,ACTIVE,12.0,21.95,19.2,21.95,subir_a_base,Abib Gummy Sheet Mask Madecassoside Sticker 27ml X 10ea - Default Title
55032553374033,ACTIVE,7.0,12.95,11.2,12.95,subir_a_base,Elizavecca Milky Piggy Carbonated Bubble Clay Mask 100g - Default Title
55032553472337,ACTIVE,19.0,34.95,30.4,34.95,subir_a_base,CKD Retino Collagen Small Molecule 300 Pore & Elasticity Mask 31g X 10ea - Default Title
55032553570641,ACTIVE,10.0,18.95,16.0,18.95,subir_a_base,noprob Pink Collagen Hydrogel Mask 37g X 5ea - Default Title
55032553898321,ACTIVE,10.0,18.95,16.0,18.95,subir_a_base,noprob Blue Azulene Hydrogel Mask 37g X 5ea - Default Title
55032554127697,ACTIVE,10.0,18.95,16.0,18.95,subir_a_base,noprob Green Apple Hydrogel Mask 37g X 5ea - Default Title
55032554291537,ACTIVE,15.0,27.95,24.0,27.95,subir_a_base,LINDSAY Premium Modeling Pack 1kg #Cool Tea Tree - Default Title
55032554389841,ACTIVE,15.0,27.95,24.0,27.95,subir_a_base,LINDSAY Premium Modeling Pack 1kg #Pearl - Default Title
55032554750289,ACTIVE,15.0,27.95,24.0,27.95,subir_a_base,LINDSAY Premium Modeling Pack 1kg #Vitamin - Default Title
55032554979665,ACTIVE,15.0,27.95,24.0,27.95,subir_a_base,LINDSAY Premium Modeling Pack 1kg #Spirulina - Default Title
55032555143505,ACTIVE,15.0,27.95,24.0,27.95,subir_a_base,LINDSAY Premium Modeling Pack 1kg #Collagen - Default Title
55032555274577,ACTIVE,15.0,27.95,24.0,27.95,subir_a_base,LINDSAY Premium Modeling Pack 1kg #Gold - Default Title
55032555503953,ACTIVE,15.0,27.95,24.0,27.95,subir_a_base,LINDSAY Premium Modeling Pack 1kg #Charcoal - Default Title
55032555602257,ACTIVE,15.0,27.95,24.0,27.95,subir_a_base,LINDSAY Premium Modeling Pack 1kg #Cacao - Default Title
55032555700561,ACTIVE,15.0,27.95,24.0,27.95,subir_a_base,LINDSAY Premium Modeling Pack 1kg #Calendula - Default Title
55032555897169,ACTIVE,15.0,27.95,24.0,27.95,subir_a_base,MEDIHEAL PDRN Wrapping Serum Lifting Mask 25ml X 10ea - Default Title
55032556061009,ACTIVE,15.0,27.95,24.0,27.95,subir_a_base,MEDIHEAL Madecassoside Wrapping Serum Mask 25ml X 10ea - Default Title
55032556454225,ACTIVE,8.0,14.95,12.8,14.95,subir_a_base,LINDSAY Calming Green Herb Modeling Pack 330g - Default Title
55032556519761,ACTIVE,15.0,27.95,24.0,27.95,subir_a_base,LINDSAY Premium Modeling Pack 1kg #Herb Lavender - Default Title
55032556814673,ACTIVE,15.0,27.95,24.0,27.95,subir_a_base,MEDIHEAL Hyaluronate Wrapping Serum Mask 25ml X 10ea - Default Title
55032556945745,ACTIVE,15.0,27.95,24.0,27.95,subir_a_base,MEDIHEAL Teatree Wrapping Serum Mask 25ml X 10ea - Default Title
55032557502801,ACTIVE,15.0,27.95,24.0,27.95,subir_a_base,MEDIHEAL Vitamin C Wrapping Serum Mask 25ml X 10ea - Default Title
55032557633873,ACTIVE,17.0,30.95,27.2,30.95,subir_a_base,Dr.Melaxin TX Astaxanthin Overnight Wrapping Mask 80ml - Default Title
55032557764945,ACTIVE,13.0,23.95,20.8,23.95,subir_a_base,DERMALINE Soothing & Refresh Acne Mask Pack Set 32g X 10ea - Default Title
55032558289233,ACTIVE,13.0,23.95,20.8,23.95,subir_a_base,[MANYO FACTORY] Bifida Biome Ampoule Mask 30g X 10ea - Default Title
55032614945105,ACTIVE,8.0,14.95,12.8,14.95,subir_a_base,TROIAREUKE GPS Mask Vita-Toning 2-Step 1ea - Default Title
55032615010641,ACTIVE,18.0,32.95,28.8,32.95,subir_a_base,REJURAN Derma Healer Pore Tightening Gel Mask 32g X 5ea - Default Title
55032615174481,ACTIVE,11.0,19.95,17.6,19.95,subir_a_base,DEWYTREE AC Deep Skin Clarity Collagen Gel Mask 31g X 4ea - Default Title
55032615272785,ACTIVE,11.0,19.95,17.6,19.95,subir_a_base,DEWYTREE AC Deep Pore Collagen Gel Mask 31g X 4ea - Default Title
55032615371089,ACTIVE,21.0,37.95,33.6,37.95,subir_a_base,REJURAN C-PDRN Booster Shot Gel Mask 35g X 5ea - Default Title
55032617107793,ACTIVE,16.0,28.95,25.6,28.95,subir_a_base,REJURAN Dual Effect Ampoule In Mask Firming & Radiance 30ml X 5ea - Default Title
55032617206097,ACTIVE,12.0,21.95,19.2,21.95,subir_a_base,make p:rem Safe Me. Amino Refresh Cleansing Balm 100ml - Default Title
55032617337169,ACTIVE,12.0,21.95,19.2,21.95,subir_a_base,make p:rem Pure Biome Petal Peeling Gel 150ml - Default Title
55032617435473,ACTIVE,12.0,21.95,19.2,21.95,subir_a_base,[so natural] So Vegan Green Bean Coffee Scrub 105ml - Default Title
55032617599313,ACTIVE,12.0,21.95,19.2,21.95,subir_a_base,One-day's you Pro-Vita C Cleansing Balm 120ml - Default Title
55032617992529,ACTIVE,12.0,21.95,19.2,21.95,subir_a_base,primera BHA Bubble Peeling Cleanser - Default Title
55032618090833,ACTIVE,12.0,21.95,19.2,21.95,subir_a_base,[so natural] Red Peel Pore Clear Stick 23g - Default Title
55032618287441,ACTIVE,12.0,21.95,19.2,21.95,subir_a_base,ETUDE PPOYAN Cleansing Oil 150ml - Default Title
55032618418513,ACTIVE,12.0,21.95,19.2,21.95,subir_a_base,AROMATICA Tea Tree Balancing Cleansing Bar 110g - Default Title
55032618549585,ACTIVE,12.0,21.95,19.2,21.95,subir_a_base,AHC Prep+Reset Micellar Cleansing Oil 125ml - Default Title
55032618647889,ACTIVE,12.0,21.95,19.2,21.95,subir_a_base,[MARY & MAY] Houttuynia Cordata + Tea Tree Cleansing Foam 150ml - Default Title
55032618778961,ACTIVE,12.0,21.95,19.2,21.95,subir_a_base,MISSHA Super Off Cleansing Oil 305ml #Dryness Off - Default Title
55032618877265,ACTIVE,12.0,21.95,19.2,21.95,subir_a_base,MISSHA Super Off Cleansing Oil 305ml #Dust Off - Default Title
55032619008337,ACTIVE,12.0,21.95,19.2,21.95,subir_a_base,[YURI PIBU] Grante Foaming Cleanser 160ml - Default Title
55032619172177,ACTIVE,12.0,21.95,19.2,21.95,subir_a_base,MIZON Apple Smoothie Peeling Gel 120ml - Default Title
55032619663697,ACTIVE,12.0,21.95,19.2,21.95,subir_a_base,MISSHA Super Off Cleansing Oil 305ml #Blackhead Off - Default Title
55032619794769,ACTIVE,12.0,21.95,19.2,21.95,subir_a_base,NEOGEN Calming Cica Tree Micellar Cleansing Water 400ml - Default Title
55032619893073,ACTIVE,12.0,21.95,19.2,21.95,subir_a_base,NEOGEN Dermalogy Green Tea Moist PHA Gauze Peeling 30 Sheets - Default Title
55032620810577,ACTIVE,12.0,21.95,19.2,21.95,subir_a_base,Dr.G Red Blemish Clear Quick Soothing Pads 70 Sheets - Default Title
55032620908881,ACTIVE,13.0,23.95,20.8,23.95,subir_a_base,One-day's you Pore Tightening Foaming Cleanser 120ml - Default Title
55032621007185,ACTIVE,13.0,23.95,20.8,23.95,subir_a_base,CAREZONE Deep Clean Gentle Peeling Gel 200ml - Default Title
55032621072721,ACTIVE,13.0,23.95,20.8,23.95,subir_a_base,make p:rem Safe Me. Relief Moisture Cleansing Foam 170ml - Default Title
55032621433169,ACTIVE,13.0,23.95,20.8,23.95,subir_a_base,The SAEM Collagen EX Hydra Cleansing Foam 100ml - Default Title
55032621564241,ACTIVE,13.0,23.95,20.8,23.95,subir_a_base,FATION Nosca9 Trouble Cleansing Foam 150ml - Default Title
55032621629777,ACTIVE,13.0,23.95,20.8,23.95,subir_a_base,MIGUHARA Pore Clear Bubble Pack Set (5g x 12 sachets) - Default Title
55032621859153,ACTIVE,13.0,23.95,20.8,23.95,subir_a_base,primera Organience BR Soft Peeling To Foam Cleanser 120ml - Default Title
55032621990225,ACTIVE,13.0,23.95,20.8,23.95,subir_a_base,essenherb Tea Tree Deep Clean Cleansing Bar 100g - Default Title
55032622121297,ACTIVE,13.0,23.95,20.8,23.95,subir_a_base,[ONE THING] Houttuynia Cordata Clarifying Facial Cleanser 150ml - Default Title
55032622219601,ACTIVE,13.0,23.95,20.8,23.95,subir_a_base,O HUI Miracle Moisture Cleansing Oil 150ml - Default Title
55032622317905,ACTIVE,13.0,23.95,20.8,23.95,subir_a_base,AESTURA THERACNE 365 CLEAR DEEP CLEANSING FOAM 200g - Default Title
55032622448977,ACTIVE,13.0,23.95,20.8,23.95,subir_a_base,O HUI Extreme Bright Cleansing Foam 160ml - Default Title
55032622514513,ACTIVE,13.0,23.95,20.8,23.95,subir_a_base,O HUI Miracle Moisture Cleansing Foam 200ml - Default Title
55032622645585,ACTIVE,13.0,23.95,20.8,23.95,subir_a_base,Dr.G A' Clear Bubble Foam 150ml - Default Title
55032622743889,ACTIVE,13.0,23.95,20.8,23.95,subir_a_base,Bonajour Mellow Mild Milk Cleanser 200ml - Default Title
55032622907729,ACTIVE,13.0,23.95,20.8,23.95,subir_a_base,NEOGEN Calming Cica Tree Micellar Cleansing Oil 300ml - Default Title
55032623333713,ACTIVE,13.0,23.95,20.8,23.95,subir_a_base,Dr.G Green Deep Cleansing Oil 210ml - Default Title
55032623497553,ACTIVE,13.0,23.95,20.8,23.95,subir_a_base,NEOGEN DERMALOGY Real Fresh Cleansing Oil Green Tea 285ml - Default Title
55032623661393,ACTIVE,13.0,23.95,20.8,23.95,subir_a_base,Bonajour Jeju Milk Soft Foaming Cleanser 160ml - Default Title
55032624021841,ACTIVE,13.0,23.95,20.8,23.95,subir_a_base,CNP Anti-Dust Clay Foam Cleanser 150ml - Default Title
55032624120145,ACTIVE,13.0,23.95,20.8,23.95,subir_a_base,KLAIRS Gentle Black Fresh Cleansing Oil 150ml - Default Title
55032624218449,ACTIVE,14.0,25.95,22.4,25.95,subir_a_base,make p:rem Safe Me. Relief Moisture Cleansing Milk 200ml - Default Title
55032624382289,ACTIVE,14.0,25.95,22.4,25.95,subir_a_base,make p:rem Safe Me. Relief Moisture Cleansing Oil 210ml - Default Title
55032624480593,ACTIVE,14.0,25.95,22.4,25.95,subir_a_base,make p:rem Safe Me. Oil to Foam Cleanser 200ml - Default Title
55032624578897,ACTIVE,14.0,25.95,22.4,25.95,subir_a_base,make p:rem Pure Biome Cleansing Powder (1gX36ea) - Default Title
55032624775505,ACTIVE,14.0,25.95,22.4,25.95,subir_a_base,FATION Nosca9 Cleansing Gel 200ml - Default Title
55032624873809,ACTIVE,14.0,25.95,22.4,25.95,subir_a_base,S.NATURE Aqua Rice Cleansing Oil 200ml - Default Title
55032624939345,ACTIVE,14.0,25.95,22.4,25.95,subir_a_base,ilso Natural Mild Cleansing Oil 200ml - Default Title
55032625070417,ACTIVE,14.0,25.95,22.4,25.95,subir_a_base,Jumiso Pore Clearing Cleansing Oil 200ml - Default Title
55032625365329,ACTIVE,14.0,25.95,22.4,25.95,subir_a_base,Bonajour Rice Bran Cleansing Oil 200ml - Default Title
55032625463633,ACTIVE,14.0,25.95,22.4,25.95,subir_a_base,Acnes Derma Relief Moisture Foam Cleanser 200ml - Default Title
55032625529169,ACTIVE,14.0,25.95,22.4,25.95,subir_a_base,[YURI PIBU] Bifida Cleansing Oil 300ml - Default Title
55032625660241,ACTIVE,14.0,25.95,22.4,25.95,subir_a_base,KLAIRS Gentle Black Deep Cleansing Oil 150ml - Default Title
55032625955153,ACTIVE,14.0,25.95,22.4,25.95,subir_a_base,"heimish All Clean Balm, 120ml - Default Title"
55032626184529,ACTIVE,15.0,27.95,24.0,27.95,subir_a_base,papa recipe Blemish Cleansing Oil 300ml - Default Title
55032626250065,ACTIVE,15.0,27.95,24.0,27.95,subir_a_base,WELLAGE Real Hyaluronic Cleansing Water 400ml - Default Title
55032626413905,ACTIVE,15.0,27.95,24.0,27.95,subir_a_base,ilso Super Melting Sebum Softener 150ml - Default Title
55032626512209,ACTIVE,15.0,27.95,24.0,27.95,subir_a_base,ilso Sensitive Bubble Relaxing Cleanser 200g - Default Title
55032626708817,ACTIVE,15.0,27.95,24.0,27.95,subir_a_base,[THANK YOU FARMER] Pollufree 5.5 pH-Balancing Cleansing Foam 120ml - Default Title
55032626807121,ACTIVE,15.0,27.95,24.0,27.95,subir_a_base,HANYUL Pure Artemisia Calming Cleansing Oil 200ml - Default Title
55032626938193,ACTIVE,15.0,27.95,24.0,27.95,subir_a_base,ODELOI Raspberry Salicylic Acid Foam Cleansing 200ml - Default Title
55032627495249,ACTIVE,15.0,27.95,24.0,27.95,subir_a_base,Dr.Jart+ Pore·remedy Renewing Foam Cleanser 150ml - Default Title
55032627626321,ACTIVE,15.0,27.95,24.0,27.95,subir_a_base,Isntree Yam Root Vegan Milk Cleanser 220ml - Default Title
55032627855697,ACTIVE,15.0,27.95,24.0,27.95,subir_a_base,[YURI PIBU] Grante Cleansing Oil 300ml - Default Title
55032630018385,ACTIVE,15.0,27.95,24.0,27.95,subir_a_base,[THANK YOU FARMER] Back to Iceland Peeling Cream 150ml - Default Title
55032630182225,ACTIVE,15.0,27.95,24.0,27.95,subir_a_base,isoi CICAGO Cica Clearing Bubble Cleanser 200ml - Default Title
55032630575441,ACTIVE,15.0,27.95,24.0,27.95,subir_a_base,isoi Sensitive Skin Anti-Dust Cleansing Foam 100ml - Default Title
55032630640977,ACTIVE,15.0,27.95,24.0,27.95,subir_a_base,[The History of Whoo] GONGJINHYANG Facial Cream Cleanser 210ml - Default Title
55032630870353,ACTIVE,15.0,27.95,24.0,27.95,subir_a_base,[The History of Whoo] GONGJINHYANG Facial Foam Cleanser 180ml - Default Title
55032630935889,ACTIVE,15.0,27.95,24.0,27.95,subir_a_base,belif CREAMY CLEANSING FOAM MOIST 160mL - Default Title
55032631820625,ACTIVE,16.0,28.95,25.6,28.95,subir_a_base,MIGUHARA Cleansing Foam Origin 120ml - Default Title
55032631918929,ACTIVE,16.0,28.95,25.6,28.95,subir_a_base,primera Organience BR Comfort Amino Rich Foam 150g - Default Title
55032632050001,ACTIVE,16.0,28.95,25.6,28.95,subir_a_base,IOPE PRO PEELING SOFT GEL 100ml - Default Title
55032632181073,ACTIVE,16.0,28.95,25.6,28.95,subir_a_base,[I'm Sorry For My Skin] Relaxing Cica Cleansing Foam 150ml - Default Title
55032632344913,ACTIVE,17.0,30.95,27.2,30.95,subir_a_base,AMPLE:N Hyalruon Shot Bubble Cleanser 450ml - Default Title
55032632541521,ACTIVE,17.0,30.95,27.2,30.95,subir_a_base,[so natural] Ampoule In Cleansing Oil 200ml - Default Title
55032632672593,ACTIVE,17.0,30.95,27.2,30.95,subir_a_base,[By Wishtrend] Green Tea & Enzyme Powder Wash 110g - Default Title
55032635064657,ACTIVE,17.0,30.95,27.2,30.95,subir_a_base,"Huxley Cleansing Foam ; Deep Clean, Deep Moist 150g - Default Title"
55032636309841,ACTIVE,17.0,30.95,27.2,30.95,subir_a_base,IOPE Bio Conditioning Essence Foam 180ml - Default Title
55032636473681,ACTIVE,17.0,30.95,27.2,30.95,subir_a_base,Sulwhasoo Gentle Cleansing Foam 200ml - Default Title
55032636604753,ACTIVE,17.0,30.95,27.2,30.95,subir_a_base,iUNIK Calendula Complete Cleansing Oil 200ml - Default Title
55032637096273,ACTIVE,17.0,30.95,27.2,30.95,subir_a_base,[THANK YOU FARMER] Pollufree Makeup Melting Cleansing Balm 90ml - Default Title
55032637325649,ACTIVE,17.0,30.95,27.2,30.95,subir_a_base,[The History of Whoo] GONGJINHYANG SEOL Brightening Foam Cleansing 180ml - Default Title
55032637456721,ACTIVE,18.0,32.95,28.8,32.95,subir_a_base,primera Perfect Oil To Foam Cleanser 200ml - Default Title
55032637620561,ACTIVE,18.0,32.95,28.8,32.95,subir_a_base,[JEJU INDI] Vitamin C Bubble Powder Cleanser 30ea - Default Title
55032642306385,ACTIVE,18.0,32.95,28.8,32.95,subir_a_base,[By Wishtrend] Green Tea & Enzyme Milky Foaming Wash 140ml - Default Title
55032657281361,ACTIVE,18.0,32.95,28.8,32.95,subir_a_base,[THANK YOU FARMER] Pollufree Pore Deep Cleansing Oil 200ml - Default Title
55032657445201,ACTIVE,18.0,32.95,28.8,32.95,subir_a_base,[The History of Whoo] GONGJINHYANG SOO 'SOO YEON FOAM CLEANSER' Hydrating Foam Cleanser 180ml - Default Title
55032657510737,ACTIVE,18.0,32.95,28.8,32.95,subir_a_base,belif The White Decoction Ultimate Brightening Cleansing Foam 100ml - Default Title
55032657772881,ACTIVE,18.0,32.95,28.8,32.95,subir_a_base,Belif Nose-shine Boy Black Edition 30ml - Default Title
55032657871185,ACTIVE,19.0,34.95,30.4,34.95,subir_a_base,REJURAN Derma Healer Moisture Bubble Cleansing Water 150ml - Default Title
55032658035025,ACTIVE,19.0,34.95,30.4,34.95,subir_a_base,Huxley Cleansing Water Be Clean Be Moist 300ml - Default Title
55032658166097,ACTIVE,19.0,34.95,30.4,34.95,subir_a_base,S.NATURE Blanche Cleanser 260ml - Default Title
55032658264401,ACTIVE,19.0,34.95,30.4,34.95,subir_a_base,primera Natural Rich Cleansing Foam 150ml - Default Title
55032658395473,ACTIVE,19.0,34.95,30.4,34.95,subir_a_base,O HUI MIRACLE TONING jelly cleanser 180ml - Default Title
55032658493777,ACTIVE,19.0,34.95,30.4,34.95,subir_a_base,isoi Bulgarian Rose Mild Peeling Gel 120ml - Default Title
55033009340753,ACTIVE,19.0,34.95,30.4,34.95,subir_a_base,IOPE Bio Conditioning Cleansing Oil In Gel 150ml - Default Title
55033009439057,ACTIVE,19.0,34.95,30.4,34.95,subir_a_base,"Huxley Cleansing Gel ; Be Clean, Be Moist 200ml - Default Title"
55033009537361,ACTIVE,20.0,36.95,32.0,36.95,subir_a_base,[THANK YOU FARMER] Back to Pure Daily Foaming Gel Cleanser 200ml - Default Title
55033009996113,ACTIVE,21.0,37.95,33.6,37.95,subir_a_base,CNP Cleansing Perfecta 300ml - Default Title
55033010094417,ACTIVE,22.0,39.95,35.2,39.95,subir_a_base,Dr.Jart+ Cicapair Gentle Cleansing Foam 150ml - Default Title
55033010159953,ACTIVE,22.0,39.95,35.2,39.95,subir_a_base,belif Herb Bouquet Gel Cleanser 250ml - Default Title
55033010225489,ACTIVE,22.0,39.95,35.2,39.95,subir_a_base,Jumiso Double Cleansing Duo (Pore Purifying Cleanser 120g + Clearing Cleansing Oil 200ml) - Default Title
55033010291025,ACTIVE,22.0,39.95,35.2,39.95,subir_a_base,REJURAN Refining Foam Cleanser 120ml - Default Title
55033010356561,ACTIVE,22.0,39.95,35.2,39.95,subir_a_base,NEOGEN Canadian Clay Pore Cleanser 120g - Default Title
55033010422097,ACTIVE,24.0,43.95,38.4,43.95,subir_a_base,make p:rem Safe Me. Relief Moisture Cleansing Milk 500ml - Default Title
55033010520401,ACTIVE,24.0,43.95,38.4,43.95,subir_a_base,Sulwhasoo Gentle Cleansing Oil 200ml - Default Title
55033010618705,ACTIVE,24.0,43.95,38.4,43.95,subir_a_base,[YURI PIBU] Bifida Cleansing Oil 300ml + 300ml - Default Title
55033010684241,ACTIVE,24.0,43.95,38.4,43.95,subir_a_base,belif Cleansing Herb Water 300ml - Default Title
55033010749777,ACTIVE,24.0,43.95,38.4,43.95,subir_a_base,belif Aqua Bomb Jelly Cleanser 160ml - Default Title
55033010848081,ACTIVE,25.0,45.95,40.0,45.95,subir_a_base,Easydew DW-EGF CLEAR BHA Cleanser 100ml - Default Title
55033010913617,ACTIVE,27.0,48.95,43.2,48.95,subir_a_base,Easydew Barrier Repair Cleanser 150ml - Default Title
55033011011921,ACTIVE,27.0,48.95,43.2,48.95,subir_a_base,[YURI PIBU] Grante Cleansing Oil 300ml + 300ml - Default Title
55033011077457,ACTIVE,28.0,50.95,44.8,50.95,subir_a_base,[The History of Whoo] GONGJINHYANG SEOL Brightening Peeling Gel 100ml - Default Title
55033011175761,ACTIVE,30.0,54.95,48.0,54.95,subir_a_base,tooq No More Bother Cleansing Water 500ml - Default Title
55033011241297,ACTIVE,30.0,54.95,48.0,54.95,subir_a_base,belif Aqua Bomb Smart Cleansing Oil Balm 100ml - Default Title
55033011306833,ACTIVE,31.0,55.95,49.6,55.95,subir_a_base,[The History of Whoo] CHEONGIDAN HWAHYUN Radiant Cleansing Foam 200ml - Default Title
55033011372369,ACTIVE,11.0,19.95,17.6,19.95,subir_a_base,CAREZONE Acne Clarifying Foam Cleanser Duo Set (130ml+130ml) - Default Title
55033011437905,ACTIVE,11.0,19.95,17.6,19.95,subir_a_base,make p:rem Safe Me. Amino Refresh Cleansing Foam 150ml - Default Title
55033011503441,ACTIVE,11.0,19.95,17.6,19.95,subir_a_base,One-day's you P.Z. Ssoc Ssoc No More Blackhead 100ml - Default Title
55033011863889,ACTIVE,11.0,19.95,17.6,19.95,subir_a_base,papa recipe Eggplant Clearing Enzyme Powder Cleanser 50ml - Default Title
55033011962193,ACTIVE,11.0,19.95,17.6,19.95,subir_a_base,FATION Nosca9 Cleansing Water 500ml - Default Title
55033012257105,ACTIVE,11.0,19.95,17.6,19.95,subir_a_base,AMPLE:N Centel Calming Shot First Gel Cleanser 150ml - Default Title
55033012322641,ACTIVE,11.0,19.95,17.6,19.95,subir_a_base,Jumiso Pore-Purifying Salicylic Acid Foaming Cleanser 120g - Default Title
55033012453713,ACTIVE,11.0,19.95,17.6,19.95,subir_a_base,goodal Heartleaf Hyaluron Soothing Pore Cleansing Oil 200ml - Default Title
55033012519249,ACTIVE,11.0,19.95,17.6,19.95,subir_a_base,[JUICE TO CLEANSE] Clean Butter Cold Pressed Bar 100g - Default Title
55033012584785,ACTIVE,11.0,19.95,17.6,19.95,subir_a_base,[JUICE TO CLEANSE] Clean Butter Moisture Bar 120g - Default Title
55033012650321,ACTIVE,11.0,19.95,17.6,19.95,subir_a_base,SKINFOOD Rice Daily Brightening Mask Wash Off 210g - Default Title
55033013698897,ACTIVE,11.0,19.95,17.6,19.95,subir_a_base,AROMATICA Rosemary Scalp Scaling Shampoo Bar 135g - Default Title
55033013764433,ACTIVE,11.0,19.95,17.6,19.95,subir_a_base,MIZON Pore Fresh Mild Acid Gel Cleanser 150ml - Default Title
55033013829969,ACTIVE,11.0,19.95,17.6,19.95,subir_a_base,iUNIK Centella Bubble Cleansing Foam 150ml - Default Title
55033014583633,ACTIVE,11.0,19.95,17.6,19.95,subir_a_base,[HOLIKA HOLIKA] Less On Skin Redness Calming Cica Cleansing Foam 100ml - Default Title
55033014780241,ACTIVE,11.0,19.95,17.6,19.95,subir_a_base,KLAIRS Gentle Black Facial Cleanser 140ml - Default Title
55033015075153,ACTIVE,11.0,19.95,17.6,19.95,subir_a_base,CNP Cleansing Perfecta 150ml - Default Title
55033015173457,ACTIVE,11.0,19.95,17.6,19.95,subir_a_base,Acnes Perfect Solution Foam Cleanser 125ml - Default Title
55033015763281,ACTIVE,11.0,19.95,17.6,19.95,subir_a_base,Acnes Clear and White Foaming Wash 150ml - Default Title
55033015861585,ACTIVE,11.0,19.95,17.6,19.95,subir_a_base,TONYMOLY Intense Care Gold 24k Snail Cleansing Oil Gel 190ml - Default Title
55033015927121,ACTIVE,11.0,19.95,17.6,19.95,subir_a_base,AROMATICA Rosemary Scalp Scrub 165g - Default Title
55033015992657,ACTIVE,10.0,18.95,16.0,18.95,subir_a_base,The Face Shop The Therapy Vegan Glow Hyaluronic Acid Foaming Cleanser 150ml - Default Title
55033016090961,ACTIVE,10.0,18.95,16.0,18.95,subir_a_base,THE FACE SHOP All Clear Micellar Exfoliating Cleansing Balm 100ml - Default Title
55033016189265,ACTIVE,10.0,18.95,16.0,18.95,subir_a_base,THE FACE SHOP ALL CLEAR MICELLAR Cleansing Oil 250ml - Default Title
55033016287569,ACTIVE,10.0,18.95,16.0,18.95,subir_a_base,make p:rem Inteca Soothing Cleansing Foam 150ml - Default Title
55033016385873,ACTIVE,10.0,18.95,16.0,18.95,subir_a_base,papa recipe Blemish Enzyme Powder Cleanser 50g - Default Title
55033016516945,ACTIVE,10.0,18.95,16.0,18.95,subir_a_base,One-day's you Help Me Bubble Cleansing Pad 150ml(60 pads) - Default Title
55033016582481,ACTIVE,10.0,18.95,16.0,18.95,subir_a_base,CARE ZONE pH Balancing Foam Cleanser Duo Set (200ml+200ml) - Default Title
55033016648017,ACTIVE,10.0,18.95,16.0,18.95,subir_a_base,AMPLE:N Acne Shot Foam Cleanser 150ml - Default Title
55033016746321,ACTIVE,10.0,18.95,16.0,18.95,subir_a_base,ilso Clean Mud Cream 100g - Default Title
55033016844625,ACTIVE,10.0,18.95,16.0,18.95,subir_a_base,[THANK YOU FARMER] Phyto Relieful Cica Gel Cleanser 120ml - Default Title
55033017008465,ACTIVE,10.0,18.95,16.0,18.95,subir_a_base,swanicoco A.C Control Natural CP Bar 120g - Default Title
55033017074001,ACTIVE,10.0,18.95,16.0,18.95,subir_a_base,ROVECTIN AQUA GENTLE CLEANSING GEL 175ml - Default Title
55033017139537,ACTIVE,10.0,18.95,16.0,18.95,subir_a_base,AHC Premier Vita 13 Melting Deep Cleansing Oil 200ml - Default Title
55033017270609,ACTIVE,10.0,18.95,16.0,18.95,subir_a_base,Benton AC BHA Foam Cleansing 120ml - Default Title
55033017401681,ACTIVE,10.0,18.95,16.0,18.95,subir_a_base,innisfree Apple Seed Cleansing Oil 150ml - Default Title
55033017467217,ACTIVE,10.0,18.95,16.0,18.95,subir_a_base,Benton PHA Peeling Gel 70ml - Default Title
55033017565521,ACTIVE,10.0,18.95,16.0,18.95,subir_a_base,[MARY & MAY] White Collagen Cleansing Foam 150ml - Default Title
55033017729361,ACTIVE,10.0,18.95,16.0,18.95,subir_a_base,heimish All Clean Green Foam 150g - Default Title
55033017794897,ACTIVE,10.0,18.95,16.0,18.95,subir_a_base,[THANK YOU FARMER] Rice Pure Clay Mask to Foam Cleanser 150ml - Default Title
55033017893201,ACTIVE,10.0,18.95,16.0,18.95,subir_a_base,Dr.G pH Cleansing R.E.D Blemish Clear Soothing Foam 150ml - Default Title
55033018057041,ACTIVE,10.0,18.95,16.0,18.95,subir_a_base,Dr.G pH Cleansing Gel Foam 200ml with Lactobacillus - Default Title
55033018122577,DRAFT,9.0,11.16,14.4,14.4,sin_cambio,Donggubat The RIGHT Shampoo Bar For Mid-Dry Scalp 120g #Mandarin & Rosemary - Default Title
55033018188113,DRAFT,9.0,11.16,14.4,14.4,sin_cambio,SKINFOOD Pantothenic Water Parsley Refresh Cleansing Foam 150ml - Default Title
55033018253649,DRAFT,9.0,11.16,14.4,14.4,sin_cambio,SKINFOOD BLACK SUGAR PERFECT CLEANSING OIL (200ML) - Default Title
55033018351953,DRAFT,9.0,11.16,14.4,14.4,sin_cambio,Dr.G R.E.D Blemish For Men Gentle Cleansing Foam 150ml - Default Title
55033018450257,DRAFT,9.0,11.16,14.4,14.4,sin_cambio,Dr.G Brightening Peeling Gel 120g - Default Title
55033018777937,ACTIVE,8.0,14.95,12.8,14.95,subir_a_base,[so natural] So Vegan Sal Butter Melting Soap 100g - Default Title
55033018843473,ACTIVE,8.0,14.95,12.8,14.95,subir_a_base,make p:rem Safe Me. Relief Moisture Cleasing Foam 250ml - Default Title
55033018974545,ACTIVE,8.0,14.95,12.8,14.95,subir_a_base,[so natural] All Clean Fixx Lip & Eye Remover 300ml - Default Title
55033019040081,ACTIVE,8.0,14.95,12.8,14.95,subir_a_base,MEDIHEAL The Teatree Pore Powder Wash 50g - Default Title
55033019203921,ACTIVE,8.0,14.95,12.8,14.95,subir_a_base,MEDIHEAL The Teatree Calming Powder Wash 50g - Default Title
55033019334993,ACTIVE,8.0,14.95,12.8,14.95,subir_a_base,goodal Heartleaf Hyaluron Soothing Pore Cleansing Foam 150ml - Default Title
55033019466065,ACTIVE,8.0,14.95,12.8,14.95,subir_a_base,Donggubat Shampoo Bar for Dry Scalp 120g - Default Title
55033019531601,ACTIVE,8.0,14.95,12.8,14.95,subir_a_base,Donggubat The RIGHT Shampoo Bar For Mid-Dry Scalp 120g #Basil & Vetiver - Default Title
55033019695441,ACTIVE,8.0,14.95,12.8,14.95,subir_a_base,AHC Prep+Reset Cleansing Foam 150ml - Default Title
55033019760977,ACTIVE,8.0,14.95,12.8,14.95,subir_a_base,AHC Premier Vita 13 Melting Deep Cleansing Foam 200ml - Default Title
55033019859281,ACTIVE,8.0,14.95,12.8,14.95,subir_a_base,Hanskin Cleansing Foam & Blackhead 120ml - Default Title
55033019990353,ACTIVE,8.0,14.95,12.8,14.95,subir_a_base,ETUDE SoonJung 5.5 Cleansing Water 320ml - Default Title
55033020154193,ACTIVE,8.0,14.95,12.8,14.95,subir_a_base,SKINFOOD Carrot Carotene Balancing Cleansing Foam 150ml - Default Title
55033020219729,ACTIVE,8.0,14.95,12.8,14.95,subir_a_base,Isntree Mugwort Calming Powder Wash 1g 25ea - Default Title
55033020514641,ACTIVE,8.0,14.95,12.8,14.95,subir_a_base,iUNIK Centella Mild Cleansing Foam 120ml - Default Title
55033020875089,ACTIVE,8.0,14.95,12.8,14.95,subir_a_base,Bonajour Green Tea Deep Cleansing Water 200ml (Make-up Remover) - Default Title
55033021071697,ACTIVE,8.0,14.95,12.8,14.95,subir_a_base,NEOGEN DERMALOGY Real Fresh Foam Heartleaf 160g - Default Title
55033021170001,ACTIVE,8.0,14.95,12.8,14.95,subir_a_base,[NATURE REPUBLIC] California Aloe Vera Cleansing Tissue (1+1) - Default Title
55033021628753,ACTIVE,8.0,14.95,12.8,14.95,subir_a_base,daymellow Amazon Belief Deep Clay Cleansing Foam 150ml - Default Title
55033021825361,ACTIVE,8.0,14.95,12.8,14.95,subir_a_base,NEOGEN DERMALOGY Poreraser Clear BHA Pad 160ml(90 Pads) - Default Title
55033022185809,ACTIVE,8.0,14.95,12.8,14.95,subir_a_base,NEOGEN Real Fresh Foam Cleanser Green Tea 160g - Default Title
55033023005009,ACTIVE,8.0,14.95,12.8,14.95,subir_a_base,NEOGEN Real Fresh Foam Cleanser 160g #Cranberry - Default Title
55033023463761,ACTIVE,8.0,14.95,12.8,14.95,subir_a_base,NEOGEN Real Fresh Foam Cleanser 160g #Blueberry - Default Title
55033023791441,ACTIVE,8.0,14.95,12.8,14.95,subir_a_base,NEOGEN Calming Cica Tree Micellar Cleansing Foam 200ml - Default Title
55033024053585,ACTIVE,8.0,14.95,12.8,14.95,subir_a_base,acwell pH Balancing Bubble Free Cleansing Gel 160ml - Default Title
55033024217425,ACTIVE,8.0,14.95,12.8,14.95,subir_a_base,CNP Hydro Cera Perfect Barrier Cera Cleanser 120ml - Default Title
55033024282961,ACTIVE,8.0,14.95,12.8,14.95,subir_a_base,[THANK YOU FARMER] Back to Iceland Cleansing Foam 120ml - Default Title
55033024348497,ACTIVE,8.0,14.95,12.8,14.95,subir_a_base,THE FACE SHOP RICE WATER BRIGHT Cleansing Cream 400ml - Default Title
55033024414033,ACTIVE,8.0,14.95,12.8,14.95,subir_a_base,acwell pH Balancing Soothing Cleansing Foam 150ml - Default Title
55033024512337,ACTIVE,8.0,14.95,12.8,14.95,subir_a_base,NEOGEN Dermalogy Carrot Deep Clear Remover Oil Pad 60 Sheets - Default Title
55033024577873,ACTIVE,8.0,14.95,12.8,14.95,subir_a_base,TONYMOLY Intense Care Gold 24k Snail Foam Cleanser 150ml - Default Title
55033024741713,ACTIVE,7.0,12.95,11.2,12.95,subir_a_base,Dr.Belmeur Amino Clear pH-Balanced Foaming Gel Cleanser 190ml - Default Title
55033026019665,ACTIVE,7.0,12.95,11.2,12.95,subir_a_base,Dr.Belmeur Amino Clear Peeling Gel 130ml - Default Title
55033026117969,ACTIVE,7.0,12.95,11.2,12.95,subir_a_base,THE FACE SHOP RICE WATER BRIGHT FACIAL FOAMING CLEANSER 150ml (Dragons Edition) - Default Title
55033026347345,ACTIVE,7.0,12.95,11.2,12.95,subir_a_base,THE FACE SHOP ALL CLEAR MICELLAR ALL-IN-ONE CLEANSING FOAM 150ml - Default Title
55033026412881,ACTIVE,7.0,12.95,11.2,12.95,subir_a_base,papa recipe Eggplant Clearing Mild Cleansing Foam 120ml - Default Title
55033026511185,ACTIVE,7.0,12.95,11.2,12.95,subir_a_base,papa recipe Tea Tree Control Cleansing Foam 120ml - Default Title
55033026675025,ACTIVE,7.0,12.95,11.2,12.95,subir_a_base,The SAEM Derma Plan Gel To Foam Cleanser 180ml - Default Title
55033026773329,ACTIVE,7.0,12.95,11.2,12.95,subir_a_base,Shingmulnara Jeju Sparkling Water Quick Lip & Eye Remover 150ml - Default Title
55033026937169,ACTIVE,7.0,12.95,11.2,12.95,subir_a_base,AMPLE:N Purifying Shot Cream Cleanser 150ml - Default Title
55033027002705,ACTIVE,7.0,12.95,11.2,12.95,subir_a_base,[so natural] Polar Clay Deep Clean Foam 150ml - Default Title
55033027068241,ACTIVE,7.0,12.95,11.2,12.95,subir_a_base,ETUDE Moistfull Collagen Cleansing Foam 150ml - Default Title
55033027133777,ACTIVE,7.0,12.95,11.2,12.95,subir_a_base,ETUDE PPOYAN Lip & Eye Remover 250ml - Default Title
55033027232081,ACTIVE,7.0,12.95,11.2,12.95,subir_a_base,goodal Vegan Rice Milk Mask Cleanser 150ml - Default Title
55033027887441,ACTIVE,7.0,12.95,11.2,12.95,subir_a_base,Donggubat The RIGHT Rinse Bar 100g - Default Title
55033027952977,ACTIVE,7.0,12.95,11.2,12.95,subir_a_base,ROVECTIN AQUA DEEP CLEANSING WATER 400ml - Default Title
55033028084049,ACTIVE,7.0,12.95,11.2,12.95,subir_a_base,innisfree Apple Seed Bubble Cleanser 150ml - Default Title
55033028149585,ACTIVE,7.0,12.95,11.2,12.95,subir_a_base,innisfree Green Tea Amino Hydrating Cleansing Water 320ml - Default Title
55033028280657,ACTIVE,7.0,12.95,11.2,12.95,subir_a_base,ETUDE SoonJung 5.5 Foam Cleanser 150ml - Default Title
55033028477265,ACTIVE,7.0,12.95,11.2,12.95,subir_a_base,SKINFOOD Black Sugar Mask Wash Off 120g - Default Title
55033028608337,ACTIVE,7.0,12.95,11.2,12.95,subir_a_base,[MANYO FACTORY] ma:nyo Pure Cleansing Tissue 80 Sheets - Default Title
55033028739409,ACTIVE,7.0,12.95,11.2,12.95,subir_a_base,Bonajour Green Tea Foam Cleansing 150ml - Default Title
55033028837713,ACTIVE,7.0,12.95,11.2,12.95,subir_a_base,Bonajour Green Tea AHA Peeling Gel 150ml - Default Title
55033028936017,ACTIVE,7.0,12.95,11.2,12.95,subir_a_base,A'pieu Deep Clean Foam Cleanser - Pore 130ml X 3ea - Default Title
55033029067089,ACTIVE,7.0,12.95,11.2,12.95,subir_a_base,goodal Green Tangerine Vita C Cleansing Foam 150ml - Default Title
55033029165393,ACTIVE,7.0,12.95,11.2,12.95,subir_a_base,THE FACE SHOP Rice Water Bright Mild Cleansing Water 500ml - Default Title
55033029296465,ACTIVE,7.0,12.95,11.2,12.95,subir_a_base,heimish All Clean White Clay Foam 150g - Default Title
55033030082897,ACTIVE,7.0,12.95,11.2,12.95,subir_a_base,Benton Deep Green Tea Cleansing Foam 120g - Default Title
55033030181201,ACTIVE,6.0,10.95,9.6,10.95,subir_a_base,Dr.Belmeur Amino Clear Lip & Eye Makeup Remover 150ml - Default Title
55033030246737,ACTIVE,6.0,10.95,9.6,10.95,subir_a_base,THE FACE SHOP MANGO SEED Soft Cleansing Wipes 50 Sheets - Default Title
55033031262545,ACTIVE,6.0,10.95,9.6,10.95,subir_a_base,CARE ZONE Calming Relief Acne Foam 200ml - Default Title
55033031328081,ACTIVE,6.0,10.95,9.6,10.95,subir_a_base,ETUDE AC Clean Up Cleansing Foam 150ml - Default Title
55033031459153,ACTIVE,6.0,10.95,9.6,10.95,subir_a_base,ETUDE Baking Powder Crunch Pore Scrub 200g - Default Title
55033031655761,ACTIVE,6.0,10.95,9.6,10.95,subir_a_base,ETUDE Lip & Eye Remover 250ml - Default Title
55033031754065,ACTIVE,6.0,10.95,9.6,10.95,subir_a_base,Donggubat The RIGHT Shampoo Bar For Mid-Dry Scalp 120g #Grapefruit - Default Title
55033031819601,ACTIVE,6.0,10.95,9.6,10.95,subir_a_base,innisfree Apple Seed Cleansing Cream 150ml - Default Title
55033031885137,ACTIVE,6.0,10.95,9.6,10.95,subir_a_base,SKINFOOD Milk Shake Point Make-Up Remover 160ml - Default Title
55033032016209,ACTIVE,6.0,10.95,9.6,10.95,subir_a_base,A'pieu Deep Clean Foam Cleanser 130ml X 4ea - Default Title
55033032081745,ACTIVE,6.0,10.95,9.6,10.95,subir_a_base,Benton Honest Cleansing Foam 150g - Default Title
55033032212817,ACTIVE,6.0,10.95,9.6,10.95,subir_a_base,Dr.Belmeur Amino Clear Bubble Foaming Cleanser for Acne Prone Skin 150ml - Default Title
55033032311121,ACTIVE,6.0,10.95,9.6,10.95,subir_a_base,THE FACE SHOP White Seed Brightening Exfoliating Foam Cleanser 150ml - Default Title
55033032442193,ACTIVE,6.0,10.95,9.6,10.95,subir_a_base,THE FACE SHOP Rice Water Bright Rich Cleansing Oil 150ml - Default Title
55033032540497,ACTIVE,6.0,10.95,9.6,10.95,subir_a_base,THE FACE SHOP SMART PEELING HONEY SUGAR SCRUB 120ml - Default Title
55033032737105,ACTIVE,6.0,10.95,9.6,10.95,subir_a_base,THE FACE SHOP SMART PEELING MILD PAPAYA 150ml - Default Title
55033032868177,ACTIVE,6.0,10.95,9.6,10.95,subir_a_base,THE FACE SHOP SMART PEELING WHITE JEWEL 120ml - Default Title
55033032933713,ACTIVE,6.0,10.95,9.6,10.95,subir_a_base,THE FACE SHOP Rice Water Bright Foaming Cleanser 300ml - Default Title
55033032999249,ACTIVE,6.0,10.95,9.6,10.95,subir_a_base,TONYMOLY The Chok Chok Green Tea No Wash Cleansing Tissue 100ea - Default Title
55033033064785,ACTIVE,5.0,9.95,8.0,9.95,subir_a_base,Dr.Belmeur Amino Clear Cleansing Foam 150ml - Default Title
55033033130321,ACTIVE,5.0,9.95,8.0,9.95,subir_a_base,Dr.Belmeur Daily Repair Foaming Cleanser 150ml - Default Title
55033033490769,ACTIVE,5.0,9.95,8.0,9.95,subir_a_base,THE FACE SHOP All Clear Micellar Cleansing Water Wipes 40 sheets - Default Title
55033033589073,ACTIVE,5.0,9.95,8.0,9.95,subir_a_base,Shingmulnara Jeju Sparkling Water Lip & Eye Remover Tissue (20ea) 89g - Default Title
55033033687377,ACTIVE,5.0,9.95,8.0,9.95,subir_a_base,AMPLE:N VC Shot Oxygen Peel 14g - Default Title
55033033785681,ACTIVE,5.0,9.95,8.0,9.95,subir_a_base,innisfree Bija Trouble Cleansing Foam 150g - Default Title
55033033851217,ACTIVE,5.0,9.95,8.0,9.95,subir_a_base,innisfree Green Tea Amino Hydrating Cleansing Foam 150g - Default Title
55033034342737,ACTIVE,5.0,9.95,8.0,9.95,subir_a_base,ETUDE Baking Powder B.B Deep Cleansing Foam 160ml - Default Title
55033034572113,ACTIVE,5.0,9.95,8.0,9.95,subir_a_base,Isntree Mugwort Calming Powder Wash 15g - Default Title
55033034637649,ACTIVE,5.0,9.95,8.0,9.95,subir_a_base,BANILA CO Clean It Zero Lychee Vita Cleansing Tissue 30 Sheets - Default Title
55033034899793,ACTIVE,5.0,9.95,8.0,9.95,subir_a_base,THE FACE SHOP THE THERAPY Essential Foaming Cleanser 150ml - Default Title
55033035391313,ACTIVE,4.0,7.95,6.4,7.95,subir_a_base,Shingmulnara Jeju Sparkling Water Quick & Deep Cleansing Tissue 20 Sheets 107g - Default Title
55033035653457,ACTIVE,4.0,7.95,6.4,7.95,subir_a_base,THE FACE SHOP Rice Water Bright Cleansing Wipes 50 Sheets - Default Title
55033035718993,ACTIVE,4.0,7.95,6.4,7.95,subir_a_base,THE FACE SHOP Herb Day 365 Master Blending Facial Foaming Cleanser 170ml #Mungbean & Mugwort - Default Title
55033035817297,ACTIVE,3.0,5.95,4.8,5.95,subir_a_base,THE FACE SHOP Jeju Aloe Fresh Soothing Foam Cleanser 150ml - Default Title
55033035981137,ACTIVE,4.0,7.95,6.4,7.95,subir_a_base,THE FACE SHOP Herb Day 365 Master Blending Facial Foaming Cleanser 170ml #Lemon & Grapefruit - Default Title
55033036046673,ACTIVE,13.0,23.95,20.8,23.95,subir_a_base,DEWYTREE Hi Amino All Pore Cleansing Balm 90g - Default Title
55033036112209,ACTIVE,12.0,21.95,19.2,21.95,subir_a_base,DEWYTREE Hi Amino All Powder Wash 50g - Default Title
55033036177745,ACTIVE,6.0,10.95,9.6,10.95,subir_a_base,PAUL MEDISON LACTO COLLAGEN WHIP FOAM CLEANSING 155ml - Default Title
55033036243281,ACTIVE,8.0,14.95,12.8,14.95,subir_a_base,PAUL MEDISON Deep-red All In One Foam Cleansing 510ml - Default Title
55033036308817,ACTIVE,5.0,9.95,8.0,9.95,subir_a_base,PAUL MEDISON Deep-red Acne Foam cleansing 155ml - Default Title
55033036407121,ACTIVE,8.0,14.95,12.8,14.95,subir_a_base,PAUL MEDISON Deep Perfume Body Wash 1077ml #Fruity Floral - Default Title
55033036472657,ACTIVE,5.0,9.95,8.0,9.95,subir_a_base,PAUL MEDISON Panthella Peeling Gel 155ml - Default Title
55033036570961,ACTIVE,10.0,18.95,16.0,18.95,subir_a_base,PAUL MEDISON Signature Body Wash 1077ml #Clean Soap - Default Title
55033036702033,ACTIVE,10.0,18.95,16.0,18.95,subir_a_base,PAUL MEDISON Signature Body Wash 1077ml #Floral Musk - Default Title
55033036931409,ACTIVE,10.0,18.95,16.0,18.95,subir_a_base,PAUL MEDISON Signature Body Wash 1077ml #Fruit Citrus - Default Title
55033037095249,ACTIVE,12.0,21.95,19.2,21.95,subir_a_base,Isntree Mugwort Calming Deep Cleansing Oil 200ml - Default Title
55033037226321,ACTIVE,10.0,18.95,16.0,18.95,subir_a_base,Isntree Mugwort Calming Deep Cleansing Balm 100ml - Default Title
55033038831953,ACTIVE,10.0,18.95,16.0,18.95,subir_a_base,KUNDAL Mugwort Soothing Clear Pad 120ml(60EA) - Default Title
55033039389009,ACTIVE,8.0,14.95,12.8,14.95,subir_a_base,Isntree Yam Root Vegan Milk Cleanser (REFILL) 100ml - Default Title
55033041813841,ACTIVE,12.0,21.95,19.2,21.95,subir_a_base,Luvum Pore Deep Cleansing Pads 10 pads - Default Title
55033042600273,ACTIVE,14.0,25.95,22.4,25.95,subir_a_base,Luvum Bamboo Hyaluronic Moisture Gel Cleanser 200ml - Default Title
55033043812689,ACTIVE,6.0,10.95,9.6,10.95,subir_a_base,TONYMOLY FLORIA Brightening Peeling Gel 150ml - Default Title
55033045320017,ACTIVE,12.0,21.95,19.2,21.95,subir_a_base,Bouquet Garni Deep Perfume Soap Baby Powder 100g X 10ea - Default Title
55033046237521,ACTIVE,4.0,7.95,6.4,7.95,subir_a_base,TONYMOLY Fresh To Go Avocado Foam Cleanser 170ml - Default Title
55033047089489,ACTIVE,4.0,7.95,6.4,7.95,subir_a_base,TONYMOLY Fresh To Go Pomegranate Foam Cleanser 170ml - Default Title
55033048236369,ACTIVE,4.0,7.95,6.4,7.95,subir_a_base,TONYMOLY Fresh To Go Rice Foam Cleanser 170ml - Default Title
55033048727889,ACTIVE,8.0,14.95,12.8,14.95,subir_a_base,TONYMOLY The Chok Chok Green Tea Lemon Mild Cleansing Foam 150ml - Default Title
55033049416017,ACTIVE,7.0,12.95,11.2,12.95,subir_a_base,TONYMOLY Shea Butter Chok Chok Foam Cleanser 250ml - Default Title
55033050956113,ACTIVE,16.0,28.95,25.6,28.95,subir_a_base,TONYMOLY PHA + LHA Apple Mild Peeling Gel Pack 100ml - Default Title
55033051775313,ACTIVE,6.0,10.95,9.6,10.95,subir_a_base,TONYMOLY THE PEACH CHOK CHOK Body Peeling Mist 300ml - Default Title
55033052660049,DRAFT,9.0,11.16,14.4,14.4,sin_cambio,TONYMOLY THE TEA TREE No-wash Cleansing Water 500ml - Default Title
55033053151569,ACTIVE,8.0,14.95,12.8,14.95,subir_a_base,TONYMOLY Wonder Apricot Deep Cleansing Oil 190ml - Default Title
55033054069073,ACTIVE,6.0,10.95,9.6,10.95,subir_a_base,innisfree Apple Seed Cleansing Cream 150ml - Default Title
55033055150417,ACTIVE,8.0,14.95,12.8,14.95,subir_a_base,DERMATORY Pro Trouble Acne Cleansing Foam 150ml - Default Title
55033055838545,ACTIVE,11.0,19.95,17.6,19.95,subir_a_base,goodal Green Tangerine Vita-C Toning Cleansing Balm 110ml - Default Title
55033057018193,ACTIVE,8.0,14.95,12.8,14.95,subir_a_base,Innisfree Green Barley Mild Peeling Gel 120ml - Default Title
55033057345873,ACTIVE,12.0,21.95,19.2,21.95,subir_a_base,innisfree Green Tea Amino Hydrating Cleansing Foam 250g - Default Title
55033058558289,ACTIVE,8.0,14.95,12.8,14.95,subir_a_base,innisfree Olive Vitamin E Real Cleansing Foam 150g - Default Title
55033059705169,ACTIVE,14.0,25.95,22.4,25.95,subir_a_base,Innisfree Olive Vitamin E Real Cleansing Oil 150ml - Default Title
55033060426065,ACTIVE,24.0,43.95,38.4,43.95,subir_a_base,ilso Super Melting Sebum Softener Special Set - Default Title
55033061146961,ACTIVE,11.0,19.95,17.6,19.95,subir_a_base,Innisfree Volcanic BHA Pore Cleansing Oil 150ml - Default Title
55033062981969,ACTIVE,5.0,9.95,8.0,9.95,subir_a_base,innisfree Volcanic BHA Pore Cleansing Foam 150g - Default Title
55033063473489,ACTIVE,5.0,9.95,8.0,9.95,subir_a_base,innisfree Olive Vitamin E Real Cleansing Tissue 150g (30ea) - Default Title
55033064325457,ACTIVE,10.0,18.95,16.0,18.95,subir_a_base,[MARY & MAY] Vegan Low pH Hyaluronic Gel Cleanser 150ml - Default Title
55033103090001,ACTIVE,13.0,23.95,20.8,23.95,subir_a_base,[MARY & MAY] Vitamin B.C.E Cleansing Balm 120g - Default Title
55033103352145,ACTIVE,17.0,30.95,27.2,30.95,subir_a_base,d'Alba White Truffle Deep Clean Foam Cleanser 80ml - Default Title
55033103745361,ACTIVE,12.0,21.95,19.2,21.95,subir_a_base,heimish Matcha Biome Amino Acne Cleansing Foam 150ml - Default Title
55033104007505,ACTIVE,15.0,27.95,24.0,27.95,subir_a_base,heimish All Clean Balm Mandarin 120ml - Default Title
55033104073041,ACTIVE,14.0,25.95,22.4,25.95,subir_a_base,d'Alba White Truffle Return Oil Cream Cleanser 150g - Default Title
55033104793937,ACTIVE,19.0,34.95,30.4,34.95,subir_a_base,d'Alba White Truffle Return Oil Cream Cleanser (Tube) 100ml X 2ea - Default Title
55033104892241,ACTIVE,17.0,30.95,27.2,30.95,subir_a_base,heimish Matcha Biome Perfect Cleansing Oil 150ml - Default Title
55033107349841,ACTIVE,8.0,14.95,12.8,14.95,subir_a_base,Elizavecca 24K Gold Snail Foam Cleansing 180ml - Default Title
55033107415377,ACTIVE,8.0,14.95,12.8,14.95,subir_a_base,Elizavecca Clean Piggy Pink Energy Foam Cleansing 120ml - Default Title
55033107546449,ACTIVE,16.0,28.95,25.6,28.95,subir_a_base,Elizavecca Milky Piggy Real Whitening Time Secret Peeling Cream 100ml - Default Title
55033111216465,DRAFT,9.0,11.16,14.4,14.4,sin_cambio,Elizavecca Milky Piggy Hell-Pore Vitamin Peeling Gel 150ml - Default Title
55033111347537,ACTIVE,15.0,27.95,24.0,27.95,subir_a_base,Elizavecca Milky Piggy Hell-Pore Clean Up Enzyme Powder Wash 80g - Default Title
55033111478609,ACTIVE,16.0,28.95,25.6,28.95,subir_a_base,Elizavecca Milky Piggy Elastic Pore Cleansing Foam 120ml - Default Title
55033111642449,ACTIVE,16.0,28.95,25.6,28.95,subir_a_base,Elizavecca Secret Pure Skinship Peeling Touch Gel 500ml - Default Title
55033111871825,DRAFT,9.0,11.16,14.4,14.4,sin_cambio,SKINFOOD Pantothenic Water Parsley Mild Foam 150ml - Default Title
55033112035665,ACTIVE,6.0,10.95,9.6,10.95,subir_a_base,SKINFOOD Rice Daily Brightening Cleansing Foam 150ml - Default Title
55033112101201,ACTIVE,7.0,12.95,11.2,12.95,subir_a_base,[Pyunkang yul] Ato Moisturizing Baby Soap 80gX2ea - Default Title
55033112297809,ACTIVE,6.0,10.95,9.6,10.95,subir_a_base,SKINFOOD Rice Daily Brightening Cleansing Tissue 80ea/380ml - Default Title
55033112396113,ACTIVE,6.0,10.95,9.6,10.95,subir_a_base,SKINFOOD Rice Daily Brightening Scrub Foam 150ml - Default Title
55033112625489,ACTIVE,8.0,14.95,12.8,14.95,subir_a_base,[Pyunkang Yul] Cleansing Foam 150ml - Default Title
55033112691025,ACTIVE,21.0,37.95,33.6,37.95,subir_a_base,[Pyunkang Yul] Body Wash Dancheong 350ml - Default Title
55033112953169,ACTIVE,8.0,14.95,12.8,14.95,subir_a_base,[Pyunkang Yul] Calming Acne Cleansing Foam 100ml - Default Title
55033113248081,ACTIVE,12.0,21.95,19.2,21.95,subir_a_base,[Pyunkang Yul] Calming Low pH Foaming Cleanser 150ml - Default Title
55033113379153,ACTIVE,21.0,37.95,33.6,37.95,subir_a_base,[Pyunkang Yul] Hand Wash Dancheong 350ml - Default Title
55033113575761,ACTIVE,13.0,23.95,20.8,23.95,subir_a_base,[Pyunkang Yul] Deep Cleansing Oil 290ml - Default Title
55033113674065,ACTIVE,7.0,12.95,11.2,12.95,subir_a_base,[Pyunkang Yul] Low pH Cleansing Water 290ml - Default Title
55033113870673,ACTIVE,8.0,14.95,12.8,14.95,subir_a_base,[Pyunkang Yul] Low pH Feminine Wash 500ml - Default Title
55033113968977,ACTIVE,12.0,21.95,19.2,21.95,subir_a_base,[Pyunkang Yul] Low pH Pore Deep Cleansing Foam 100ml - Default Title
55033114100049,ACTIVE,8.0,14.95,12.8,14.95,subir_a_base,[Pyunkang Yul] Peeling Gel 100ml - Default Title
55033114427729,ACTIVE,10.0,18.95,16.0,18.95,subir_a_base,EUNYUL Daily Care Deep Bubble Foam Cleanser 500ml - Default Title
55033114624337,ACTIVE,11.0,19.95,17.6,19.95,subir_a_base,EUNYUL Daily Care Acne Bubble Foam Cleanser 500ml - Default Title
55033114755409,ACTIVE,8.0,14.95,12.8,14.95,subir_a_base,EUNYUL Cloud Cleansing Pad 70P/170ml - Default Title
55033115083089,ACTIVE,12.0,21.95,19.2,21.95,subir_a_base,[Pyunkang Yul] Pore Out Cleansing Cake 100g - Default Title
55033115279697,ACTIVE,11.0,19.95,17.6,19.95,subir_a_base,EUNYUL Daily Care Pure Gel Foam Cleanser 512ml - Default Title
55033115967825,ACTIVE,6.0,10.95,9.6,10.95,subir_a_base,EUNYUL Horse Oil Foam Cleansing 150g - Default Title
55033116197201,ACTIVE,10.0,18.95,16.0,18.95,subir_a_base,EUNYUL VITA BALANCE OWN SOLE SHINE Bubble Foam 200ml - Default Title
55033116492113,ACTIVE,13.0,23.95,20.8,23.95,subir_a_base,EUNYUL VITA BALANCE WONDER SOFTENING Cleansing Balm 90ml - Default Title
55033117311313,ACTIVE,10.0,18.95,16.0,18.95,subir_a_base,EUNYUL VITA BALANCE WONDER SOFTENING Peeling Gel For Face 100ml - Default Title
55033118163281,ACTIVE,8.0,14.95,12.8,14.95,subir_a_base,EUNYUL YELLOW SEED THERAPY Vital Foam Cleanser 500ml - Default Title
55033118392657,ACTIVE,10.0,18.95,16.0,18.95,subir_a_base,EUNYUL Daily Care Mild Bubble Foam Cleanser 500ml - Default Title
55033118622033,ACTIVE,8.0,14.95,12.8,14.95,subir_a_base,EUNYUL Clean & Fresh Ultra Firming Foam Cleanser 150ml - Default Title
55033119015249,ACTIVE,11.0,19.95,17.6,19.95,subir_a_base,belif Super Knights Bright Toning Vegan Pack Cleanser 150ml - Default Title
55033119375697,ACTIVE,8.0,14.95,12.8,14.95,subir_a_base,belif Super Knights Pore Firming Vegan Pack Cleanser 150ml - Default Title
55033119539537,ACTIVE,14.0,25.95,22.4,25.95,subir_a_base,belif Super Knights Hy-soothing Vegan Pack Cleanser 150ml - Default Title
55033120129361,ACTIVE,18.0,32.95,28.8,32.95,subir_a_base,acwell acwell Licorice pH Balancing Cleansing Toner 300ml - Default Title
55033120391505,ACTIVE,11.0,19.95,17.6,19.95,subir_a_base,MEDIPEEL Extra Super 9 Plus Blackhead Solution 250ml - Default Title
55033120719185,ACTIVE,12.0,21.95,19.2,21.95,subir_a_base,FULLY GREEN TOMATO CLAY PACK CLEANSER 120ml - Default Title
55033120948561,ACTIVE,17.0,30.95,27.2,30.95,subir_a_base,FULLY GREEN TOMATO GELATO PACK CLEANSER 100ml - Default Title
55033121145169,ACTIVE,14.0,25.95,22.4,25.95,subir_a_base,Dr.Ceuracle 5α Control Clearing Cleansing Foam 200ml - Default Title
55033121440081,ACTIVE,13.0,23.95,20.8,23.95,subir_a_base,Dr.Ceuracle 5α Control Melting Cleansing Gel 150ml - Default Title
55033121603921,ACTIVE,8.0,14.95,12.8,14.95,subir_a_base,Dr.Ceuracle AC Care Solution Pink Gel 50ml - Default Title
55033121833297,ACTIVE,16.0,28.95,25.6,28.95,subir_a_base,Dr.Ceuracle Pro Balance Morning Enzyme Wash 50g - Default Title
55033122193745,ACTIVE,8.0,14.95,12.8,14.95,subir_a_base,[THE LAB by BLANC DOUX] Green Flavonoid Pore Gel Cleanser 120ml - Default Title
55033122423121,ACTIVE,19.0,34.95,30.4,34.95,subir_a_base,AROMATICA Glow Vita Oil-in-Gel Cleanser Orange & Neroli 150ml - Default Title
55033122586961,ACTIVE,17.0,30.95,27.2,30.95,subir_a_base,AROMATICA Vitalizing Rosemary Pore Cleansing Oil 200ml - Default Title
55033122914641,ACTIVE,13.0,23.95,20.8,23.95,subir_a_base,AROMATICA Vitalizing Rosemary Pore Clearing Foam 150ml - Default Title
55033123078481,ACTIVE,8.0,14.95,12.8,14.95,subir_a_base,AROMATICA Zesty Hand Soap Grapefruit & Tangerine 300ml (Refill) - Default Title
55033123373393,ACTIVE,30.0,54.95,48.0,54.95,subir_a_base,YUNJAC Whole Plant Effect Cleansing Infusion 200ml - Default Title
55033123570001,ACTIVE,16.0,28.95,25.6,28.95,subir_a_base,YUNJAC Whole Plant Effect Daily Foam & Exfoliant 2g X 16ea - Default Title
55033123930449,ACTIVE,30.0,54.95,48.0,54.95,subir_a_base,YUNJAC Whole Plant Effect Daily Foam & Exfoliant 2g X 30ea - Default Title
55033124225361,ACTIVE,30.0,54.95,48.0,54.95,subir_a_base,YUNJAC Whole Plant Effect Daily Foam & Exfoliant 80g (Bottle) - Default Title
55033124585809,ACTIVE,11.0,19.95,17.6,19.95,subir_a_base,[Real Barrier] Control-T Tea Tree Cleansing Water 400ml - Default Title
55033124880721,ACTIVE,13.0,23.95,20.8,23.95,subir_a_base,[Real Barrier] Control-T Cleansing Foam 200ml - Default Title
55033125044561,ACTIVE,13.0,23.95,20.8,23.95,subir_a_base,[Real Barrier] Extreme Deep Cleansing Blue Oil 200ml - Default Title
55033125339473,ACTIVE,7.0,12.95,11.2,12.95,subir_a_base,[Real Barrier] Cream Cleansing Foam 120ml - Default Title
55033125699921,ACTIVE,7.0,12.95,11.2,12.95,subir_a_base,[TOO COOL FOR SCHOOL] Egg-Zyme Whipped Foam 150g - Default Title
55033125962065,ACTIVE,18.0,32.95,28.8,32.95,subir_a_base,[THE WHOO] Jungyooncho Multi Cleanser 200ml - Default Title
55033126191441,ACTIVE,12.0,21.95,19.2,21.95,subir_a_base,JUNGSAEMMOOL Aqua Pear Sherbet Cleanser 90ml - Default Title
55033126453585,ACTIVE,10.0,18.95,16.0,18.95,subir_a_base,NEOGEN Azulene Soothing PH Cleanser 150ml - Default Title
55033126715729,ACTIVE,10.0,18.95,16.0,18.95,subir_a_base,JUNGSAEMMOOL Grapeseed Pore Cleanser 150ml - Default Title
55033127076177,ACTIVE,12.0,21.95,19.2,21.95,subir_a_base,JUNGSAEMMOOL Masterclass Brush Liquid Cleanser 200ml - Default Title
55033127469393,ACTIVE,11.0,19.95,17.6,19.95,subir_a_base,NEOGEN Dermalogy Double Vita Capsule Cleansing Foam 160g - Default Title
55033127698769,ACTIVE,13.0,23.95,20.8,23.95,subir_a_base,NEOGEN Dermalogy Real Fresh Cleansing Stick Green Tea 80g - Default Title
55033127960913,ACTIVE,8.0,14.95,12.8,14.95,subir_a_base,NEOGEN Dermalogy Real Polish - Royal Honey & Sugar Scrub 100g - Default Title
55033128354129,ACTIVE,15.0,27.95,24.0,27.95,subir_a_base,JUNGSAEMMOOL Essential Mool Micro Deep Cleansing Foam 200ml - Default Title
55033128681809,ACTIVE,8.0,14.95,12.8,14.95,subir_a_base,MISSHA Super Panthenol Bubble Cleanser (Oil Control) 200ml - Default Title
55033128976721,ACTIVE,8.0,14.95,12.8,14.95,subir_a_base,MISSHA Super Panthenol Bubble Cleanser (Sensitive) 200ml - Default Title
55033129173329,ACTIVE,8.0,14.95,12.8,14.95,subir_a_base,MISSHA Vita C Plus All In One Pack Foam Cleanser 200ml - Default Title
55033129369937,ACTIVE,13.0,23.95,20.8,23.95,subir_a_base,belif Problem Solution Vegan Cleansing Foam 100ml - Default Title
55033129566545,ACTIVE,8.0,14.95,12.8,14.95,subir_a_base,SKINFOOD Acorn Pore Peptide Cleansing Foam 150ml - Default Title
55033129730385,ACTIVE,7.0,12.95,11.2,12.95,subir_a_base,SKINFOOD Pineapple BHA Peeling Cleansing Oil 200ml - Default Title
55033130025297,ACTIVE,15.0,27.95,24.0,27.95,subir_a_base,Dr.G RTX Pre-Cleansing Oil Paste 100ml - Default Title
55033130713425,ACTIVE,12.0,21.95,19.2,21.95,subir_a_base,Dr.G Dermoisture Barrier.D Rich Derm Body Wash 400ml - Default Title
55033131008337,ACTIVE,7.0,12.95,11.2,12.95,subir_a_base,Dr.G RED BLEMISH Cica Cleansing Foam 120ml - Default Title
55033131303249,ACTIVE,3.0,5.95,4.8,5.95,subir_a_base,SKINFOOD Vegegarden Cleansing Foam 150ml (2 Types) - Wild Berry
55033131336017,ACTIVE,3.0,5.95,4.8,5.95,subir_a_base,SKINFOOD Vegegarden Cleansing Foam 150ml (2 Types) - Mugwort
55033131499857,ACTIVE,11.0,19.95,17.6,19.95,subir_a_base,SKINFOOD Black Sugar Perfect Enzyme Powder Wash 65g - Default Title
55033131893073,DRAFT,9.0,11.16,14.4,14.4,sin_cambio,Dr.G pH Cleansing Red Blemish Clear Soothing Foam 150ml - Default Title
55033132220753,ACTIVE,13.0,23.95,20.8,23.95,subir_a_base,Dr.G PH Cleansing Gel Foam 300ml - Default Title
55033132515665,ACTIVE,5.0,9.95,8.0,9.95,subir_a_base,SKINFOOD Egg White Perfect Pore Cleansing Foam 150ml - Default Title
55033133171025,ACTIVE,8.0,14.95,12.8,14.95,subir_a_base,SKINFOOD Egg White Perfect Pore Cleansing Oil 200ml - Default Title
55033133302097,ACTIVE,15.0,27.95,24.0,27.95,subir_a_base,isoi ACNI Dr.1st Black Deep Cleansing Foam 75ml - Default Title
55033133826385,ACTIVE,6.0,10.95,9.6,10.95,subir_a_base,SUNGBOON EDITOR Centell Lacto AC Less Clearing Foam Cleanser 150ml - Default Title
55033134055761,ACTIVE,13.0,23.95,20.8,23.95,subir_a_base,SUNGBOON EDITOR Green Tomato Deep Pore Double Cleansing Ampoule Oil 200g - Default Title
55033134481745,ACTIVE,2.0,3.95,3.2,3.95,subir_a_base,TONYMOLY The Shocking Lip & Eye Remover Pads 150g/30ea - Default Title
55033134874961,ACTIVE,15.0,27.95,24.0,27.95,subir_a_base,SUNGBOON EDITOR Green Tomato Deep Pore Clean Enzyme Powder Wash 50g - Default Title
55033135038801,ACTIVE,17.0,30.95,27.2,30.95,subir_a_base,belif Super Drops Vita Deep Cleansing Oil 150ml - Default Title
55033135399249,ACTIVE,12.0,21.95,19.2,21.95,subir_a_base,APLB Glutathione Niacinamide Cleansing Water 160ml - Default Title
55033135563089,ACTIVE,12.0,21.95,19.2,21.95,subir_a_base,APLB Glutathione Niacinamide Cleansing Balm 80ml - Default Title
55033135792465,ACTIVE,12.0,21.95,19.2,21.95,subir_a_base,APLB Glutathione Niacinamide Cleansing Oil 105ml - Default Title
55033136054609,ACTIVE,14.0,25.95,22.4,25.95,subir_a_base,ETUDE Real Art Cleansing Oil Moisture & Refill 185ml+185ml - Default Title
55033139855697,ACTIVE,6.0,10.95,9.6,10.95,subir_a_base,A'pieu Deep Clean Cleansing Milk 130ml - Default Title
55033139921233,ACTIVE,6.0,10.95,9.6,10.95,subir_a_base,A'pieu Deep Clean Cleansing Water 150ml - Default Title
55033139986769,ACTIVE,4.0,7.95,6.4,7.95,subir_a_base,A'pieu Micellar Cleansing Water (Fresh) 330ml - Default Title
55033140117841,ACTIVE,5.0,9.95,8.0,9.95,subir_a_base,A'pieu Micellar Cleansing Water (Moisture) 330ml - Default Title
55033140478289,ACTIVE,8.0,14.95,12.8,14.95,subir_a_base,A'pieu Pore King Minji Trouble Cleansing Foam 200ml - Default Title
55033140609361,ACTIVE,2.0,3.95,3.2,3.95,subir_a_base,A'pieu Deep Clean Lip & Eye Remover Pad 37g/20ea - Default Title
55033140773201,ACTIVE,4.0,7.95,6.4,7.95,subir_a_base,A'pieu Deep Clean Bubble Foam 200ml - Default Title
55033140871505,ACTIVE,7.0,12.95,11.2,12.95,subir_a_base,A'pieu Pore King Minji Cleansing Oil 150ml - Default Title
55033140937041,ACTIVE,4.0,7.95,6.4,7.95,subir_a_base,A'pieu Deep Clean Foam Cleanser Whipping 130ml - Default Title
55033141166417,ACTIVE,7.0,12.95,11.2,12.95,subir_a_base,MEDIPEEL Vegan Vitamin Collagen Clear 120ml - Default Title
55033141330257,ACTIVE,13.0,23.95,20.8,23.95,subir_a_base,9wishes Dermatic CICA Foam Cleanser 150ml - Default Title
55033141428561,ACTIVE,15.0,27.95,24.0,27.95,subir_a_base,MEDIPEEL MELANON X AMPOULE CLEANSER 150ml - Default Title
55033142575441,ACTIVE,11.0,19.95,17.6,19.95,subir_a_base,MEDIPEEL Peptide 9 Aqua Essence Facial Cleanser 150ml - Default Title
55033143034193,ACTIVE,16.0,28.95,25.6,28.95,subir_a_base,MEDIPEEL Extra Super 9 Plus 3X Blackhead Care Solution 250ml - Default Title
55033143198033,ACTIVE,17.0,30.95,27.2,30.95,subir_a_base,O HUI Prime Advancer Gel to Foam Deep Cleanser 200ml - Default Title
55033143263569,ACTIVE,6.0,10.95,9.6,10.95,subir_a_base,Shingmulnara Jeju Sparkling Water Whip Power Cleansing Foam 120ml - Default Title
55033143329105,ACTIVE,18.0,32.95,28.8,32.95,subir_a_base,O HUI The First Geniture Foam Cleanser 200ml - Default Title
55033143394641,ACTIVE,12.0,21.95,19.2,21.95,subir_a_base,O HUI Miracle Moisture Cleansing Foam 200ml+100ml Special Set - Default Title
55033143460177,ACTIVE,11.0,19.95,17.6,19.95,subir_a_base,O HUI Age Recovery Soft Amino Foam Special Set (180ml+45mlx2ea) - Default Title
55033143525713,ACTIVE,10.0,18.95,16.0,18.95,subir_a_base,O HUI Miracle Moisture Cleansing Sheet 60ea - Default Title
55033143591249,ACTIVE,6.0,10.95,9.6,10.95,subir_a_base,Dr.Belmeur Amino Clear Cleansing Water 300ml - Default Title
55033143755089,ACTIVE,8.0,14.95,12.8,14.95,subir_a_base,Dr.Belmeur AHA PHA Sebum Control Gel Cleanser 100ml - Default Title
55033143984465,ACTIVE,14.0,25.95,22.4,25.95,subir_a_base,CENTELLIAN24 Madeca Acnience Pore Pack Cleanser 120ml - Default Title
55033144050001,ACTIVE,18.0,32.95,28.8,32.95,subir_a_base,FULLY GREEN TOMATO ACID 20 WASH OFF PEELING SERUM 50ml - Default Title
55033144115537,ACTIVE,20.0,36.95,32.0,36.95,subir_a_base,FULLY GREEN TOMATO CLEANSING OIL 250ml - Default Title
55033144181073,ACTIVE,13.0,23.95,20.8,23.95,subir_a_base,[NATURE REPUBLIC] Forest Garden Whip Foam Cleanser 90ml (2types) - ROSE WHIP FOAM CLEANSER
55033144213841,ACTIVE,13.0,23.95,20.8,23.95,subir_a_base,[NATURE REPUBLIC] Forest Garden Whip Foam Cleanser 90ml (2types) - CENTELLA WHIP FOAM CLEANSER
55033144312145,ACTIVE,15.0,27.95,24.0,27.95,subir_a_base,[THANK YOU FARMER] Rice Pure Milky Cleansing Oil 200ml - Default Title
55033144377681,ACTIVE,13.0,23.95,20.8,23.95,subir_a_base,[NATURE REPUBLIC] Natural Made Enzyme Powder Wash 45g (3types) - ARTEMISIA
55033144410449,ACTIVE,13.0,23.95,20.8,23.95,subir_a_base,[NATURE REPUBLIC] Natural Made Enzyme Powder Wash 45g (3types) - RICE
55033144443217,ACTIVE,13.0,23.95,20.8,23.95,subir_a_base,[NATURE REPUBLIC] Natural Made Enzyme Powder Wash 45g (3types) - CHESTNUT SHELL
55033144541521,ACTIVE,8.0,14.95,12.8,14.95,subir_a_base,[NATURE REPUBLIC] Simple Off Niacinamide Melting Cleansing Balm 80ml - Default Title
55033144607057,ACTIVE,7.0,12.95,11.2,12.95,subir_a_base,[NATURE REPUBLIC] Hyathenol Hydra Foam Cleanser 150ml - Default Title
55033144770897,ACTIVE,6.0,10.95,9.6,10.95,subir_a_base,[NATURE REPUBLIC] Natural Made Lemongrass Ultra Peeling Gel 100ml - Default Title
55033144836433,ACTIVE,8.0,14.95,12.8,14.95,subir_a_base,[NATURE REPUBLIC] Vitapair C Vitamin Peeling Gel 120ml - Default Title
55033145000273,ACTIVE,5.0,9.95,8.0,9.95,subir_a_base,[NATURE REPUBLIC] Vitapair C Big Cleansing Foam 300ml - Default Title
55033145065809,ACTIVE,11.0,19.95,17.6,19.95,subir_a_base,[NATURE REPUBLIC] Green Derma Mild Cica Peeling Gel 155ml - Default Title
55033145131345,ACTIVE,6.0,10.95,9.6,10.95,subir_a_base,[NATURE REPUBLIC] Natural Made Eucalyptus Mild Peeling Gel 100ml - Default Title
55033145196881,ACTIVE,6.0,10.95,9.6,10.95,subir_a_base,[NATURE REPUBLIC] Green Derma Tea Tree Cica Acne Foam Cleanser 150ml - Default Title
55033145262417,ACTIVE,2.0,3.95,3.2,3.95,subir_a_base,[NATURE REPUBLIC] Jeju Sparkling Cleansing Tissue 70g/15ea - Default Title
55033145393489,ACTIVE,3.0,5.95,4.8,5.95,subir_a_base,[NATURE REPUBLIC] Soothing & Moisture Aloe Vera Cleansing Gel Cream 150ml - Default Title
55033145557329,ACTIVE,3.0,5.95,4.8,5.95,subir_a_base,[NATURE REPUBLIC] Fresh Herb Cleansing Foam 170ml (4type) - ALOE
55033145590097,ACTIVE,3.0,5.95,4.8,5.95,subir_a_base,[NATURE REPUBLIC] Fresh Herb Cleansing Foam 170ml (4type) - SNAIL
55033145622865,ACTIVE,3.0,5.95,4.8,5.95,subir_a_base,[NATURE REPUBLIC] Fresh Herb Cleansing Foam 170ml (4type) - PEACH
55033145655633,ACTIVE,3.0,5.95,4.8,5.95,subir_a_base,[NATURE REPUBLIC] Fresh Herb Cleansing Foam 170ml (4type) - ACEROLA
55033145721169,ACTIVE,10.0,18.95,16.0,18.95,subir_a_base,AHC PREP + RESET Cleansing Powder 40g - Default Title
55033145819473,ACTIVE,3.0,5.95,4.8,5.95,subir_a_base,[NATURE REPUBLIC] Jeju Sparkling Cleansing Tissue 50 sheets - Default Title
55033145917777,ACTIVE,8.0,14.95,12.8,14.95,subir_a_base,[NATURE REPUBLIC] Forest Garden Chamomile Cleansing Oil 200ml - Default Title
55033145983313,ACTIVE,16.0,28.95,25.6,28.95,subir_a_base,WELLAGE Real Hyaluronic Peeling Solution 30ml - Default Title
55033146048849,ACTIVE,8.0,14.95,12.8,14.95,subir_a_base,ROVECTIN Pore Care Tightening Cleansing Foam 150ml - Default Title
55033146147153,ACTIVE,10.0,18.95,16.0,18.95,subir_a_base,Genabelle Pink Cloud Cleansing Foam 150ml - Default Title
55033146245457,ACTIVE,12.0,21.95,19.2,21.95,subir_a_base,Parnell AHA Omija Ceramic Cleansing Oil 200ml - Default Title
55033146310993,ACTIVE,12.0,21.95,19.2,21.95,subir_a_base,Genabelle Phytology 17 Perfect Cleansing Foam 150ml - Default Title
55033146442065,ACTIVE,14.0,25.95,22.4,25.95,subir_a_base,Parnell Panthenol Heartleaf Calming Gel Cleanser 180ml - Default Title
55033146507601,ACTIVE,7.0,12.95,11.2,12.95,subir_a_base,Shingmulnara Jeju Sparkling Water Deep Pore Cleansing Sherbet Balm 100ml - Default Title
55033146835281,ACTIVE,8.0,14.95,12.8,14.95,subir_a_base,Shingmulnara Jeju Sparkling Water Pore Deep Cleansing Foam 120ml+120ml - Default Title
55033146966353,ACTIVE,11.0,19.95,17.6,19.95,subir_a_base,Shingmulnara Young Green Tea Fresh Cleansing Foam 120ml+120ml - Default Title
55033147064657,ACTIVE,8.0,14.95,12.8,14.95,subir_a_base,Shingmulnara Cleansing Oil 200ml (2type) - 01 Young Green Tea Fresh Pure Cleansing Oil for oily skin types
55033147097425,ACTIVE,8.0,14.95,12.8,14.95,subir_a_base,Shingmulnara Cleansing Oil 200ml (2type) - 02 White Rice Bright Cleansing Oil for dry skin types
55033147261265,ACTIVE,8.0,14.95,12.8,14.95,subir_a_base,Shingmulnara Jeju Sparkling Water Pore Deep Cleansing Oil 200ml - Default Title
55033147359569,ACTIVE,8.0,14.95,12.8,14.95,subir_a_base,Shingmulnara White Rice Bright Cleansing Foam 120ml+120ml - Default Title
55033147523409,ACTIVE,7.0,12.95,11.2,12.95,subir_a_base,Shingmulnara Young Green Tea Tube Cleansing Balm 100ml - Default Title
55033147621713,ACTIVE,8.0,14.95,12.8,14.95,subir_a_base,ongredients Jeju Cica Cleansing Ball 110g - Default Title
55033147687249,ACTIVE,13.0,23.95,20.8,23.95,subir_a_base,ongredients Deep Foaming Cleanser 120ml - Default Title
55033147851089,ACTIVE,11.0,19.95,17.6,19.95,subir_a_base,ongredients Skin Barrier Moisture Deep Cleanser 120ml - Default Title
55033147982161,ACTIVE,8.0,14.95,12.8,14.95,subir_a_base,ongredients Jeju Green Tea Cleansing Ball 110g - Default Title
55033148047697,ACTIVE,8.0,14.95,12.8,14.95,subir_a_base,ongredients Butterfly Pea Cleansing Ball 110g - Default Title
55033148211537,ACTIVE,17.0,30.95,27.2,30.95,subir_a_base,ongredients Pore Cleansing Pads 160g/60ea - Default Title
55033148375377,ACTIVE,20.0,36.95,32.0,36.95,subir_a_base,ongredients Perfect Melting Cleansing Balm 100ml - Default Title
55033148506449,ACTIVE,21.0,37.95,33.6,37.95,subir_a_base,HEVEBLUE Salmon Fruity Centella Body Wash 300g - Default Title
55033148604753,ACTIVE,24.0,43.95,38.4,43.95,subir_a_base,HEVEBLUE Salmon Caring Centella Bubble Cleanser 200ml - Default Title
55033148703057,ACTIVE,30.0,54.95,48.0,54.95,subir_a_base,HEVEBLUE Black Yuja Bean Milk Cleanser 290ml - Default Title
55033148801361,ACTIVE,23.0,41.95,36.8,41.95,subir_a_base,HEVEBLUE Salmon Caring Centella Light Cleansing Oil 250ml - Default Title
55033148899665,ACTIVE,25.0,45.95,40.0,45.95,subir_a_base,HEVEBLUE Phyton Squa Hyal Blue Cleansing Balm 100ml - Default Title
55033148997969,ACTIVE,25.0,45.95,40.0,45.95,subir_a_base,HEVEBLUE Red Bean Pore-Tightening Peptamin Podo Chaltteok Cleansing Foam 100ml - Default Title
55033149129041,ACTIVE,15.0,27.95,24.0,27.95,subir_a_base,molvany Hypoallergenic LHA CIS Gel Cleanser 200ml - Default Title
55033149194577,ACTIVE,6.0,10.95,9.6,10.95,subir_a_base,SUNGBOON EDITOR Active Marine Astaxanthin Vita Toning Whipping Foam 120g - Default Title
55033149325649,ACTIVE,24.0,43.95,38.4,43.95,subir_a_base,bravity Daily NMN Lacto Collagen Cleansing Foam 200g - Default Title
55033149456721,ACTIVE,21.0,37.95,33.6,37.95,subir_a_base,bravity DNAERO LumiAge Bubble Foam Cleanser 150ml - Default Title
55033149555025,ACTIVE,12.0,21.95,19.2,21.95,subir_a_base,PETITFEE Beautifying Mood On Cleanser 100ml - Default Title
55033149751633,ACTIVE,6.0,10.95,9.6,10.95,subir_a_base,PETITFEE Clarifying AHA Gel Cleanser 100g - Default Title
55033149948241,ACTIVE,12.0,21.95,19.2,21.95,subir_a_base,PETITFEE BETA-GLUCAN Enzyme Powder Wash 1g X 20ea - Default Title
55033150013777,ACTIVE,29.0,52.95,46.4,52.95,subir_a_base,bravity Daily Toning All-In-One Peeling Gel 200g - Default Title
55033150079313,ACTIVE,14.0,25.95,22.4,25.95,subir_a_base,PETITFEE BETA-GLUCAN Enzyme Powder Wash 80g - Default Title
55033150177617,ACTIVE,17.0,30.95,27.2,30.95,subir_a_base,nutseline Mint Choco Cleansing Pack Foam 130g - Default Title
55033150308689,ACTIVE,23.0,41.95,36.8,41.95,subir_a_base,nutseline Aroma Nut Gray Scrub 200g - Default Title
55033150406993,ACTIVE,6.0,10.95,9.6,10.95,subir_a_base,MEDIHEAL Teatree Trouble Calming Cleanser 120ml - Default Title
55033150800209,ACTIVE,10.0,18.95,16.0,18.95,subir_a_base,TONYMOLY Azulene Anti Blemish Bubble Foam Cleanser 150ml - Default Title
55033150898513,ACTIVE,18.0,32.95,28.8,32.95,subir_a_base,MENOKIN 30 Seconds Bubble Cleanser 150ml #DAILY COMFORT - Default Title
55033151029585,ACTIVE,18.0,32.95,28.8,32.95,subir_a_base,MENOKIN 30 Seconds Bubble Cleanser 150ml #PORE CLEAR - Default Title
55033151160657,ACTIVE,18.0,32.95,28.8,32.95,subir_a_base,MENOKIN 30 Seconds Bubble Cleanser 150ml #PERFECT - Default Title
55033151226193,ACTIVE,10.0,18.95,16.0,18.95,subir_a_base,TONYMOLY Azulene Anti Blemish Acne Foam Cleanser 150ml - Default Title
55033151291729,ACTIVE,14.0,25.95,22.4,25.95,subir_a_base,primera Enriched Cleansing Tissue 300g/60ea - Default Title
55033151553873,ACTIVE,12.0,21.95,19.2,21.95,subir_a_base,Hanskin Vitamin C Glow Powder Cleanser 70g - Default Title
55033151619409,ACTIVE,13.0,23.95,20.8,23.95,subir_a_base,Hanskin Deep Cleansing Oil Balm & Blackhead 100ml - Default Title
55033151750481,ACTIVE,12.0,21.95,19.2,21.95,subir_a_base,Hanskin Cleansing Oil & Blackhead PHA 200ml - Default Title
55033151816017,ACTIVE,8.0,14.95,12.8,14.95,subir_a_base,Hanskin Cleansing Pad & Blackhead 200ml/70ea - Default Title
55033151881553,ACTIVE,12.0,21.95,19.2,21.95,subir_a_base,Hanskin Blackhead Water to Foam Cleansing 250ml - Default Title
55033151979857,ACTIVE,6.0,10.95,9.6,10.95,subir_a_base,Hanskin Cleansing Mild Foam & Blackhead 100ml - Default Title
55033152078161,ACTIVE,15.0,27.95,24.0,27.95,subir_a_base,Hanskin Cleansing Oil & Blackhead BHA 300ml - Default Title
55033153159505,ACTIVE,15.0,27.95,24.0,27.95,subir_a_base,Hanskin Cleansing Oil & Blackhead AHA 300ml - Default Title
55033153257809,ACTIVE,16.0,28.95,25.6,28.95,subir_a_base,Hanskin Cleansing Oil & Blackhead PHA 300ml - Default Title
55033153356113,ACTIVE,16.0,28.95,25.6,28.95,subir_a_base,Veganifect Clean And Glow Green Barley Cleansing Oil 205ml - Default Title
55033153651025,ACTIVE,10.0,18.95,16.0,18.95,subir_a_base,LAGOM Cellup Micro Foam Cleanser 120ml - Default Title
55033153749329,ACTIVE,19.0,34.95,30.4,34.95,subir_a_base,LANBELLE Natural Deep Cleansing Oil 205ml - Default Title
55033153814865,ACTIVE,6.0,10.95,9.6,10.95,subir_a_base,[HAPPY BATH] Micro Clean Soapberry Bubble Cleansing Foam 300ml - Default Title
55033153913169,ACTIVE,14.0,25.95,22.4,25.95,subir_a_base,LAGOM Cellup Gel To Water Cleanser 220ml - Default Title
55033154634065,ACTIVE,13.0,23.95,20.8,23.95,subir_a_base,AESTURA Atobarrier 365 Gentle Foaming Cleanser 150ml - Default Title
55033154896209,ACTIVE,13.0,23.95,20.8,23.95,subir_a_base,Dr.Melaxin TX Ampoule Cleanser 100ml - Default Title
55033154994513,ACTIVE,16.0,28.95,25.6,28.95,subir_a_base,Dr.Melaxin Melting Cleanser 150ml - Default Title
55033155354961,ACTIVE,13.0,23.95,20.8,23.95,subir_a_base,DERMALINE Deep Clean Moisture Foam 150g - Default Title
55033155420497,ACTIVE,10.0,18.95,16.0,18.95,subir_a_base,DERMALINE Enzyme Grain Bubble Cleanser 160ml - Default Title
55033155486033,ACTIVE,21.0,37.95,33.6,37.95,subir_a_base,DERMALINE Aloe Vera Deep Clean Moisture Cleansing Cream 300ml - Default Title
55033155879249,ACTIVE,7.0,12.95,11.2,12.95,subir_a_base,TIAM Snail & Azulene Low pH Cleanser 200ml - Default Title
55033155944785,ACTIVE,17.0,30.95,27.2,30.95,subir_a_base,[MANYO FACTORY] Pure Soybean Cleansing Water 500ml - Default Title
55033156043089,ACTIVE,8.0,14.95,12.8,14.95,subir_a_base,[MANYO FACTORY] Pure Soybean Cleansing Foam 120ml - Default Title
55033156370769,ACTIVE,15.0,27.95,24.0,27.95,subir_a_base,[MANYO FACTORY] Pure Soybean Cleansing Foam 160ml X 2ea - Default Title
55033156436305,ACTIVE,31.0,55.95,49.6,55.95,subir_a_base,TROIAREUKE Seoul Oxygen Toning Cleanser 150ml - Default Title
55033156567377,ACTIVE,20.0,36.95,32.0,36.95,subir_a_base,REJURAN Pore Tightening Cleansing Balm 50ml - Default Title
55033156665681,ACTIVE,20.0,36.95,32.0,36.95,subir_a_base,moremo Caffeine Biome Shampoo 1000ml - Default Title
55033157124433,ACTIVE,21.0,37.95,33.6,37.95,subir_a_base,moremo Water Treatment Miracle 100 400ml - Default Title
55033158369617,ACTIVE,19.0,34.95,30.4,34.95,subir_a_base,moremo Recovery Balm B 230ml - Default Title
55033158435153,ACTIVE,18.0,32.95,28.8,32.95,subir_a_base,ViveLab Active Biotin Peptide Solution Scalp Shampoo 550ml - Default Title
55033158500689,ACTIVE,16.0,28.95,25.6,28.95,subir_a_base,ViveLab Recovery Clinic Sensitive Scalp SOS Solution Essence 40ml - Default Title
55033158566225,ACTIVE,19.0,34.95,30.4,34.95,subir_a_base,ViveLab Recovery Clinic Sensitive Scalp SOS Solution Hair Tonic 120ml - Default Title
55033158631761,ACTIVE,19.0,34.95,30.4,34.95,subir_a_base,ROOTON Alpha Erguen Hair Tonic 150ml - Default Title
55033158697297,ACTIVE,19.0,34.95,30.4,34.95,subir_a_base,ROOTON Limpio Capsule Regeneration Cream Hair Pack 13ml X 6ea - Default Title
55033158762833,ACTIVE,22.0,39.95,35.2,39.95,subir_a_base,ROOTON Alpha Erguen Treatment 500ml - Default Title
55033159024977,ACTIVE,25.0,45.95,40.0,45.95,subir_a_base,ROOTON Alpha Erguen Shampoo 500ml - Default Title
55033159188817,ACTIVE,14.0,25.95,22.4,25.95,subir_a_base,Dr.G Doopi Lab Core Peptide Volume Treatment 300g - Default Title
55033159287121,ACTIVE,10.0,18.95,16.0,18.95,subir_a_base,[mise en scene] Salon 10 Professional Cica Protein Treatment 215ml - Default Title
55033159418193,ACTIVE,12.0,21.95,19.2,21.95,subir_a_base,[mise en scene] Perfect Magic Straight Serum Treatment 230ml - Default Title
55033160139089,ACTIVE,12.0,21.95,19.2,21.95,subir_a_base,[mise en scene] Perfect Magic Straight Serum Shampoo 530ml - Default Title
55033160499537,ACTIVE,12.0,21.95,19.2,21.95,subir_a_base,[mise en scene] Perfect Magic Straight Serum 80ml - Default Title
55033160597841,ACTIVE,5.0,9.95,8.0,9.95,subir_a_base,THE FACE SHOP Cherry Blossom Clear Hair Mist 200ml - Default Title
55033160663377,ACTIVE,18.0,32.95,28.8,32.95,subir_a_base,Dr.Groot MULTI-PERFECTION HAIR LOSS CARE Cooling Scrub SHAMPOO 200ml - Default Title
55033160794449,ACTIVE,19.0,34.95,30.4,34.95,subir_a_base,Dr.Groot MULTI-PERFECTION HAIR LOSS CARE Cooling SHAMPOO 400ml - Default Title
55033160925521,ACTIVE,15.0,27.95,24.0,27.95,subir_a_base,Dr.Groot Scalp Solution Shampoo 700ml - Default Title
55033161056593,ACTIVE,8.0,14.95,12.8,14.95,subir_a_base,PAUL MEDISON Deep Perfume Treatment 1077ml #Fruity Floral - Default Title
55033161154897,ACTIVE,8.0,14.95,12.8,14.95,subir_a_base,PAUL MEDISON Deep Perfume Shampoo 1077ml #Fruity Floral - Default Title
55033161253201,ACTIVE,14.0,25.95,22.4,25.95,subir_a_base,KUNDAL AIRY VOLUME HYALURON TREATMENT 500ml #BLOSSOM BREEZE - Default Title
55033161351505,ACTIVE,10.0,18.95,16.0,18.95,subir_a_base,KUNDAL AIRY VOLUME HYALURON SHAMPOO 500ml #BLOSSOM BREEZE - Default Title
55033162596689,ACTIVE,8.0,14.95,12.8,14.95,subir_a_base,PAUL MEDISON Nutri Treatment 1077ml #White Musk - Default Title
55033162694993,ACTIVE,8.0,14.95,12.8,14.95,subir_a_base,PAUL MEDISON Nutri Treatment 1077ml #Baby Powder - Default Title
55033163055441,ACTIVE,13.0,23.95,20.8,23.95,subir_a_base,KUNDAL All Day Smell Cover Teens Shampoo 400ml #Plum & Grapefruit - Default Title
55033163120977,ACTIVE,12.0,21.95,19.2,21.95,subir_a_base,KUNDAL All Day Smell Cover Teens Shampoo 400ml #TROPICAL MANGO - Default Title
55033163186513,ACTIVE,8.0,14.95,12.8,14.95,subir_a_base,KUNDAL HONEY & MACADAMIA Nature Shampoo (Refill) 400ml #CHERRY BLOSSOM - Default Title
55033163317585,ACTIVE,16.0,28.95,25.6,28.95,subir_a_base,KUNDAL HONEY & MACADAMIA Natural Shampoo 1058ml #CHERRY BLOSSOM - Default Title
55033163383121,ACTIVE,15.0,27.95,24.0,27.95,subir_a_base,KUNDAL HAIR LOSS RELIEF TREATMENT Real Beer Yeast Hair & Scalp Care 200ml #HERD MINT - Default Title
55033163776337,ACTIVE,21.0,37.95,33.6,37.95,subir_a_base,KUNDAL HAIR LOSS RELIEF TREATMENT Real Beer Yeast Hair & Scalp Care 200ml #CITRUS POMELO - Default Title
55033163874641,ACTIVE,7.0,12.95,11.2,12.95,subir_a_base,KUNDAL HONEY & MACADAMIA Nature Shampoo (Refill) 400ml #WHITE MUSK - Default Title
55033164005713,ACTIVE,7.0,12.95,11.2,12.95,subir_a_base,KUNDAL HONEY & MACADAMIA Nature Shampoo (Refill) 400ml #WHITE MUSK - Default Title
55033164104017,ACTIVE,8.0,14.95,12.8,14.95,subir_a_base,KUNDAL HONEY & MACADAMIA Nature Shampoo (Refill) 400ml #YLANG YLANG - Default Title
55033164169553,ACTIVE,10.0,18.95,16.0,18.95,subir_a_base,KUNDAL HONEY & MACADAMIA Pure Natural Balancing Refreshing Shampoo 500ml #CLEAN SOAP - Default Title
55033164366161,ACTIVE,15.0,27.95,24.0,27.95,subir_a_base,KUNDAL Protein Bonding No Wash Treatment 130ml - Leather Iris
55033164398929,ACTIVE,15.0,27.95,24.0,27.95,subir_a_base,KUNDAL Protein Bonding No Wash Treatment 130ml - Violet Muguet
55033164431697,ACTIVE,15.0,27.95,24.0,27.95,subir_a_base,KUNDAL Protein Bonding No Wash Treatment 130ml - Ylang Ylang
55033164530001,ACTIVE,15.0,27.95,24.0,27.95,subir_a_base,KUNDAL Protein Bonding Shampoo 500ml - Ylang-Ylang
55033164562769,ACTIVE,15.0,27.95,24.0,27.95,subir_a_base,KUNDAL Protein Bonding Shampoo 500ml - Violet Muguet
55033164595537,ACTIVE,15.0,27.95,24.0,27.95,subir_a_base,KUNDAL Protein Bonding Shampoo 500ml - Leather Iris
55033164955985,ACTIVE,13.0,23.95,20.8,23.95,subir_a_base,KUNDAL Protein Bonding Treatment 250ml - Leather Iris
55033164988753,ACTIVE,13.0,23.95,20.8,23.95,subir_a_base,KUNDAL Protein Bonding Treatment 250ml - Violet Muguet
55033165021521,ACTIVE,13.0,23.95,20.8,23.95,subir_a_base,KUNDAL Protein Bonding Treatment 250ml - Ylang Ylang
55033165119825,ACTIVE,12.0,21.95,19.2,21.95,subir_a_base,Dr.BANGGIWON LAB SHAMPOO RX 480ml - Default Title
55033165218129,ACTIVE,13.0,23.95,20.8,23.95,subir_a_base,Dr.BANGGIWON LAB SCALP TONIC RX 120ml - Default Title
55033165283665,ACTIVE,12.0,21.95,19.2,21.95,subir_a_base,Dr.BANGGIWON LAB TREATMENT RX 480ml - Default Title
55033165349201,ACTIVE,10.0,18.95,16.0,18.95,subir_a_base,DR.BANGGIWON WATER LAP SHAMPOO FOR MEN 1000ml - Default Title
55033165414737,ACTIVE,14.0,25.95,22.4,25.95,subir_a_base,DR.BANGGIWON Teenager Shampoo 1000ml - Default Title
55033165480273,ACTIVE,23.0,41.95,36.8,41.95,subir_a_base,d'Alba Professional Repairing Hair Perfume Serum 100ml - Default Title
55033165545809,ACTIVE,16.0,28.95,25.6,28.95,subir_a_base,d'Alba Professional Repairing Scalp Therapy Serum Shampoo 275ml - Default Title
55033166233937,ACTIVE,8.0,14.95,12.8,14.95,subir_a_base,Elizavecca CER-100 Collagen Coating Protein Ion Injection 50ml - Default Title
55033166692689,ACTIVE,7.0,12.95,11.2,12.95,subir_a_base,[Pyunkang Yul] Low pH Scalp Treatment 290ml - Default Title
55033166823761,ACTIVE,12.0,21.95,19.2,21.95,subir_a_base,[Pyunkang Yul] Low pH Scalp Shampoo 500ml - Default Title
55033167053137,ACTIVE,7.0,12.95,15.95,15.95,sin_cambio,[Pyunkang Yul] Low pH Scalp Shampoo 290ml - Default Title
55033167151441,ACTIVE,8.0,14.95,12.8,14.95,subir_a_base,[Pyunkang Yul] Low pH Scalp Treatment 500ml - Default Title
55033167216977,ACTIVE,21.0,37.95,33.6,37.95,subir_a_base,belif Brave Bo Mild Jelly Shampoo 250ml - Default Title
55033167348049,ACTIVE,18.0,32.95,28.8,32.95,subir_a_base,AROMATICA Lemongrass 7 Vita Shampoo 1L - Default Title
55033167413585,ACTIVE,17.0,30.95,27.2,30.95,subir_a_base,AROMATICA Eucalyptus Shampoo 15 Amino 1000ml - Default Title
55033167479121,ACTIVE,14.0,25.95,22.4,25.95,subir_a_base,AROMATICA Rosemary Dry Shampoo Powder 10g - Default Title
55033167544657,ACTIVE,11.0,19.95,17.6,19.95,subir_a_base,AROMATICA Replenishing Leaven In Treatment Lavender & Patchouli 150ml - Default Title
55033167675729,ACTIVE,15.0,27.95,24.0,27.95,subir_a_base,AROMATICA Replenishing Hair Mist Jasmine & Vetiver 100ml - Default Title
55033167774033,ACTIVE,8.0,14.95,12.8,14.95,subir_a_base,AROMATICA Rosemary Scalp Scaling Shampoo 180ml - Default Title
55033167839569,ACTIVE,18.0,32.95,28.8,32.95,subir_a_base,KAHI Extra Volume Booster Shampoo 500ml - Default Title
55033167905105,ACTIVE,14.0,25.95,22.4,25.95,subir_a_base,moremo No-wash Keratin Ampoule Treatment 200ml - Default Title
55033168003409,ACTIVE,13.0,23.95,20.8,23.95,subir_a_base,moremo Hair Essence Delightful Oil 120ml - Default Title
55033168101713,ACTIVE,10.0,18.95,16.0,18.95,subir_a_base,moremo For Men Styling Serum S 70ml - Default Title
55033168167249,ACTIVE,13.0,23.95,20.8,23.95,subir_a_base,moremo Ampoule Water Treatment Miracle 100 200ml - Default Title
55033168331089,ACTIVE,24.0,43.95,38.4,43.95,subir_a_base,Dr.Groot Bio Exosome Scalp Hair Loss Total Care Conditioner 400ml - Default Title
55033168560465,ACTIVE,26.0,46.95,41.6,46.95,subir_a_base,Dr.Groot Microbiome Ampoule Treatment 250ml - Default Title
55033168757073,ACTIVE,26.0,46.95,41.6,46.95,subir_a_base,Dr.Groot Microbiome Anti-Aging Tonic 150ml - Default Title
55033168888145,ACTIVE,14.0,25.95,22.4,25.95,subir_a_base,[Daeng Gi Meo Ri] Dlae Soo Hair Loss Care Shampoo 500ml - Default Title
55033168953681,ACTIVE,15.0,27.95,24.0,27.95,subir_a_base,[Daeng Gi Meo Ri] Jin Gi Shampoo 500ml - Default Title
55033169183057,ACTIVE,18.0,32.95,28.8,32.95,subir_a_base,[Daeng Gi Meo Ri] Ki Gold Shampoo 500ml - Default Title
55033169281361,ACTIVE,17.0,30.95,27.2,30.95,subir_a_base,[Daeng Gi Meo Ri] Mellow Perfume Shampoo 380ml - Default Title
55033169412433,ACTIVE,17.0,30.95,27.2,30.95,subir_a_base,[Daeng Gi Meo Ri] Premium Black Garlic & Curcumin Shampoo 500ml - Default Title
55033169510737,ACTIVE,16.0,28.95,25.6,28.95,subir_a_base,[Daeng Gi Meo Ri] No Sebum Shampoo 500ml - Default Title
55033169609041,ACTIVE,16.0,28.95,25.6,28.95,subir_a_base,[Daeng Gi Meo Ri] Mugwort Relaxing Shampoo 500ml - Default Title
55033169674577,ACTIVE,32.0,57.95,51.2,57.95,subir_a_base,Huxley Conditioning Shampoo 750ml #Moroccan Gardener - Default Title
55033169772881,ACTIVE,21.0,37.95,33.6,37.95,subir_a_base,Huxley Intense Moisture Treatment 200ml #Moroccan Gardener - Default Title
55033169838417,ACTIVE,25.0,45.95,40.0,45.95,subir_a_base,Huxley Moisture Shampoo 300ml #Moroccan Gardener - Default Title
55033169969489,ACTIVE,16.0,28.95,25.6,28.95,subir_a_base,JUNGSAEMMOOL Salon.Zip Scalp Renewing Water Treatment 200ml - Default Title
55033170035025,ACTIVE,14.0,25.95,22.4,25.95,subir_a_base,NEOGEN Reforest Protein Shampoo (Herbal Scent) 500ml - Default Title
55033170133329,ACTIVE,15.0,27.95,24.0,27.95,subir_a_base,NEOGEN Reforest Protein Treatment (Herbal Scent) 500ml - Default Title
55033170198865,ACTIVE,16.0,28.95,25.6,28.95,subir_a_base,Dr.G Doopi Lab Core Peptide Volume Shampoo 500g - Default Title
55033170297169,ACTIVE,29.0,52.95,46.4,52.95,subir_a_base,Dr.Groot Clinical Relief Scalp Conditioner 350ml - Default Title
55033170657617,ACTIVE,12.0,21.95,19.2,21.95,subir_a_base,Dr.Groot Clinical Relief Scaler 100ml - Default Title
55033170755921,ACTIVE,11.0,19.95,17.6,19.95,subir_a_base,Dr.G Doopi Lab Cool Salt Scaling Shampoo 500ml - Default Title
55033170821457,ACTIVE,8.0,14.95,12.8,14.95,subir_a_base,Dr.G Doopi Lab Cool Salt Long-lasting Cooling Tonic 100ml - Default Title
55033170919761,ACTIVE,29.0,52.95,46.4,52.95,subir_a_base,Dr.Groot Clinical Relief Spot Gel 80ml - Default Title
55033171083601,ACTIVE,29.0,52.95,46.4,52.95,subir_a_base,Dr.Groot Clinical Relief Scaler 250ml - Default Title
55033171149137,ACTIVE,26.0,46.95,41.6,46.95,subir_a_base,Dr.Groot Clinical Relief Scalp Shampoo 350ml - Default Title
55033171214673,ACTIVE,24.0,43.95,38.4,43.95,subir_a_base,Dr.Groot Density Care Shampoo Pear & Freesia 400ml - Default Title
55033171345745,ACTIVE,21.0,37.95,33.6,37.95,subir_a_base,Dr.Groot Density Care Shampoo Jasmine 400ml - Default Title
55033171837265,ACTIVE,22.0,39.95,35.2,39.95,subir_a_base,Dr.Groot Density Care Shampoo Basil & Neroli 400ml - Default Title
55033175540049,ACTIVE,22.0,39.95,35.2,39.95,subir_a_base,Dr.Groot Microbiome Beer Yeast Treatment 250ml - Default Title
55033179701585,ACTIVE,25.0,45.95,40.0,45.95,subir_a_base,Dr.Groot Microbiome Beer Yeast Shampoo 400ml - Default Title
55033179799889,ACTIVE,16.0,28.95,25.6,28.95,subir_a_base,Dr.Groot J Monsters Shampoo Herbal Citrus 400ml - Default Title
55033179963729,ACTIVE,23.0,41.95,36.8,41.95,subir_a_base,AMUSE Hair Perfume Mist 30ml (3 Types) - Rose Powder
55033179996497,ACTIVE,23.0,41.95,36.8,41.95,subir_a_base,AMUSE Hair Perfume Mist 30ml (3 Types) - After Shower
55033180029265,ACTIVE,23.0,41.95,36.8,41.95,subir_a_base,AMUSE Hair Perfume Mist 30ml (3 Types) - Lily Musk
55033180160337,ACTIVE,15.0,27.95,24.0,27.95,subir_a_base,Dr.Groot J Monsters Shampoo Rosy Musk 400ml - Default Title
55033180324177,ACTIVE,11.0,19.95,17.6,19.95,subir_a_base,[mise en scene] Salon 10 Professional Cica Protein Shampoo 480ml - Default Title
55033180455249,ACTIVE,13.0,23.95,20.8,23.95,subir_a_base,[mise en scene] Salon 10 No Wash Ampoule Treatment 200ml - Default Title
55033180520785,ACTIVE,8.0,14.95,17.95,17.95,sin_cambio,[mise en scene] Perfect Serum Original Shampoo 900ml - Default Title
55033180586321,ACTIVE,6.0,10.95,9.6,10.95,subir_a_base,[mise en scene] Perfect 3 Minute Hair Mask 300ml - Default Title
55033180684625,ACTIVE,15.0,27.95,24.0,27.95,subir_a_base,[mise en scene] Perfect Original Hair Essence Serum 200ml - Default Title
55033180782929,ACTIVE,14.0,25.95,22.4,25.95,subir_a_base,[mise en scene] Salon 10 Professional Cica Ceramide Oil Serum 60ml - Default Title
55033180848465,ACTIVE,11.0,19.95,17.6,19.95,subir_a_base,[mise en scene] Perfect Serum Original Treatment 900ml - Default Title
55033180914001,ACTIVE,6.0,10.95,9.6,10.95,subir_a_base,[mise en scene] Volume Care Purple Collagen Treatment 330ml - Default Title
55033180979537,ACTIVE,6.0,10.95,9.6,10.95,subir_a_base,[mise en scene] Damage Care Red Protein Shampoo 680ml - Default Title
55033181045073,ACTIVE,6.0,10.95,9.6,10.95,subir_a_base,[mise en scene] Perfect Base Up Essence 200ml - Default Title
55033181110609,ACTIVE,5.0,9.95,10.95,10.95,sin_cambio,[mise en scene] Damage Care Red Protein Conditioner 680ml - Default Title
55033181176145,ACTIVE,6.0,10.95,12.95,12.95,sin_cambio,[mise en scene] Scalp Care Green Cica Shampoo 680ml - Default Title
55033181274449,ACTIVE,5.0,9.95,10.95,10.95,sin_cambio,[mise en scene] Volume Care Purple Collagen Shampoo 680ml - Default Title
55033181339985,ACTIVE,8.0,14.95,17.95,17.95,sin_cambio,[mise en scene] Damage Care Red Protein Shampoo 1000ml - Default Title
55033181733201,ACTIVE,8.0,14.95,17.95,17.95,sin_cambio,[mise en scene] Volume Care Purple Collagen Shampoo 1000ml - Default Title
55033181831505,ACTIVE,11.0,19.95,17.6,19.95,subir_a_base,[mise en scene] Perfect Serum Detangling Leave in Conditioner 250ml - Default Title
55033181962577,ACTIVE,12.0,21.95,19.2,21.95,subir_a_base,[NATURE REPUBLIC] Black Bean Anti Hair Loss Ampoule 50ml - Default Title
55033182028113,ACTIVE,12.0,21.95,19.2,21.95,subir_a_base,[NATURE REPUBLIC] Argan Essential Hair No Wash Treatment 160ml - Default Title
55033182454097,ACTIVE,20.0,36.95,32.0,36.95,subir_a_base,[NATURE REPUBLIC] Argan Essential Deep Care Shampoo 1000ml - Default Title
55033182650705,ACTIVE,8.0,14.95,12.8,14.95,subir_a_base,[NATURE REPUBLIC] Argan Essential Deep Care Conditioner 300ml - Default Title
55033182945617,ACTIVE,8.0,14.95,12.8,14.95,subir_a_base,[NATURE REPUBLIC] Argan Essential Deep Care Essence 80ml - Default Title
55033183797585,ACTIVE,13.0,23.95,20.8,23.95,subir_a_base,[NATURE REPUBLIC] Black Bean Anti-Hair Loss Shampoo 300ml - Default Title
55033184223569,ACTIVE,11.0,19.95,17.6,19.95,subir_a_base,[NATURE REPUBLIC] Argan Essential Deep Care Hair Pack 470ml - Default Title
55033184452945,ACTIVE,6.0,10.95,9.6,10.95,subir_a_base,[NATURE REPUBLIC] Argan Essential Moist Hair Mist 220ml - Default Title
55033184649553,ACTIVE,8.0,14.95,12.8,14.95,subir_a_base,[NATURE REPUBLIC] Argan Essential Curling Essence 100ml - Default Title
55033184846161,ACTIVE,8.0,14.95,17.95,17.95,sin_cambio,Kerasys Damage Clinic Protein Treatment 1L - Default Title
55033185075537,ACTIVE,6.0,10.95,9.6,10.95,subir_a_base,Kerasys Keramide Extreme Damage Repair Serum 70ml - Default Title
55033185239377,ACTIVE,7.0,12.95,15.95,15.95,sin_cambio,Kerasys Oilex Tea Tree Scaling Shampoo 280ml - Default Title
55033185435985,ACTIVE,7.0,12.95,15.95,15.95,sin_cambio,Kerasys Oilex Argan Ultra Repair Shampoo 280ml - Default Title
55033185894737,ACTIVE,7.0,12.95,15.33,15.33,sin_cambio,Kerasys Advanced Keramide Ampoule Damage Clinic Shampoo 1L - Default Title
55033186386257,ACTIVE,7.0,12.95,14.95,14.95,sin_cambio,Kerasys Advanced Keramide Ampoule Damage Clinic Treatment 1L - Default Title
55033186615633,ACTIVE,10.0,18.95,22.95,22.95,sin_cambio,Kerasys Advanced Keramide Ampoule Thickening Care Treatment 1L - Default Title
55033187205457,ACTIVE,6.0,10.95,13.95,13.95,sin_cambio,Kerasys Damage Repair Propolis Shampoo 1L - Default Title
55033187402065,ACTIVE,5.0,9.95,15.95,15.95,sin_cambio,Kerasys Moisture Clinic Moisture Care Solution Shampoo 750ml - Default Title
55033187696977,ACTIVE,5.0,9.95,11.95,11.95,sin_cambio,Kerasys Scalp Cooling Solution Shampoo 750ml - Default Title
55033188122961,ACTIVE,6.0,10.95,13.95,13.95,sin_cambio,Kerasys Damage Repair Propolis Treatment 1L - Default Title
55033188352337,ACTIVE,4.0,7.95,8.95,8.95,sin_cambio,Kerasys Scalp Clinic Solution Conditioner 750ml - Default Title
55033188516177,ACTIVE,5.0,9.95,11.95,11.95,sin_cambio,Kerasys Moisture Clinic Moisture Care Solution Conditioner 750ml - Default Title
55033188680017,ACTIVE,5.0,9.95,11.95,11.95,sin_cambio,Kerasys Volume Clinic Volume Care Solution Conditioner 750ml - Default Title
55033188942161,ACTIVE,7.0,12.95,15.95,15.95,sin_cambio,Kerasys Coconut Oil Conditioner 1L - Default Title
55033189171537,ACTIVE,8.0,14.95,17.95,17.95,sin_cambio,Kerasys Tea Tree Oil Conditioner 1L - Default Title
55033189368145,ACTIVE,8.0,14.95,12.8,14.95,subir_a_base,Kerasys Devil’s Perfume Conditioner 1L - #Gorgeous Musk
55033189400913,ACTIVE,8.0,14.95,12.8,14.95,subir_a_base,Kerasys Devil’s Perfume Conditioner 1L - #Midnight Fantasy
55033189630289,ACTIVE,8.0,14.95,12.8,14.95,subir_a_base,Kerasys Devil’s Perfume Shampoo 1L - #Gorgeous Musk
55033189663057,ACTIVE,8.0,14.95,12.8,14.95,subir_a_base,Kerasys Devil’s Perfume Shampoo 1L - #Midnight Fantasy
55033189925201,ACTIVE,6.0,10.95,13.95,13.95,sin_cambio,Kerasys Perfume Rinse 980ml (3-type) - #Lovely & Romantic
55033189957969,ACTIVE,6.0,10.95,13.95,13.95,sin_cambio,Kerasys Perfume Rinse 980ml (3-type) - #Elegance & Sensual
55033189990737,ACTIVE,6.0,10.95,13.95,13.95,sin_cambio,Kerasys Perfume Rinse 980ml (3-type) - #Pure & Charming
55033190252881,ACTIVE,4.0,7.95,8.95,8.95,sin_cambio,Kerasys Perfume Shampoo 980ml (4-type) - #Lovely & Romantic
55033190285649,ACTIVE,4.0,7.95,8.95,8.95,sin_cambio,Kerasys Perfume Shampoo 980ml (4-type) - #Elegance a Sensual
55033190318417,ACTIVE,4.0,7.95,8.95,8.95,sin_cambio,Kerasys Perfume Shampoo 980ml (4-type) - #Blooming & Flowery
55033190351185,ACTIVE,4.0,7.95,8.95,8.95,sin_cambio,Kerasys Perfume Shampoo 980ml (4-type) - #Pure a Charming
55033190580561,ACTIVE,7.0,12.95,15.95,15.95,sin_cambio,Kerasys Coconut Oil Shampoo 1L - Default Title
55033190842705,ACTIVE,7.0,12.95,15.95,15.95,sin_cambio,Kerasys Clean Note Scalp Calming Shampoo 1L - #PURE COTTON
55033190875473,ACTIVE,7.0,12.95,15.95,15.95,sin_cambio,Kerasys Clean Note Scalp Calming Shampoo 1L - #POWDERY COTTON
55033190908241,ACTIVE,7.0,12.95,15.95,15.95,sin_cambio,Kerasys Clean Note Scalp Calming Shampoo 1L - #WHITE MUSK
55033191170385,ACTIVE,10.0,18.95,16.0,18.95,subir_a_base,Kerasys Scalp Spa Anti Dandruff Shampoo 750ml (2-type) - #Aqua Blue
55033191203153,ACTIVE,10.0,18.95,16.0,18.95,subir_a_base,Kerasys Scalp Spa Anti Dandruff Shampoo 750ml (2-type) - #Fresh Floral
55033191498065,ACTIVE,6.0,10.95,9.6,10.95,subir_a_base,Kerasys Advanced Keratin Bond Shampoo 750ml (4-type) - #Deep Repair
55033191530833,ACTIVE,6.0,10.95,9.6,10.95,subir_a_base,Kerasys Advanced Keratin Bond Shampoo 750ml (4-type) - #Volume
55033191563601,ACTIVE,6.0,10.95,9.6,10.95,subir_a_base,Kerasys Advanced Keratin Bond Shampoo 750ml (4-type) - #Silky Moisture
55033191596369,ACTIVE,6.0,10.95,9.6,10.95,subir_a_base,Kerasys Advanced Keratin Bond Shampoo 750ml (4-type) - #Purifying
55033191825745,ACTIVE,8.0,14.95,12.8,14.95,subir_a_base,OBgE Multi Texture Curl Cream 150ml - Default Title
55033192022353,ACTIVE,8.0,14.95,12.8,14.95,subir_a_base,OBgE Style Setting Fixer 150ml - Default Title
55033192350033,ACTIVE,10.0,18.95,16.0,18.95,subir_a_base,OBgE Matt Hard Wax 120g - Default Title
55033192546641,ACTIVE,10.0,18.95,16.0,18.95,subir_a_base,OBgE Mellow Clay Pomade 100g - Default Title
55033192743249,ACTIVE,24.0,43.95,38.4,43.95,subir_a_base,Dr.Groot MICROBIOME BIOEXOSOME Shampoo 330ml - Default Title
55033192972625,ACTIVE,23.0,41.95,36.8,41.95,subir_a_base,GRAFEN Collagen Volume Ampoule 100ml - Default Title
55033193202001,ACTIVE,13.0,23.95,20.8,23.95,subir_a_base,GRAFEN Control Paste Wax 100ml - Default Title
55033193365841,ACTIVE,13.0,23.95,20.8,23.95,subir_a_base,GRAFEN Safe Wax 100ml - Default Title
55033193791825,ACTIVE,13.0,23.95,20.8,23.95,subir_a_base,GRAFEN Grooming Clay Hard Wax 100ml - Default Title
55033194086737,ACTIVE,13.0,23.95,20.8,23.95,subir_a_base,GRAFEN One Step Matte Wax 70g - Default Title
55033194283345,ACTIVE,12.0,21.95,19.2,21.95,subir_a_base,GRAFEN Jeju Sea Water Volume Spray 210ml - Default Title
55033194479953,ACTIVE,12.0,21.95,19.2,21.95,subir_a_base,GRAFEN Cica Care Treatment 300ml - Default Title
55033194709329,ACTIVE,15.0,27.95,24.0,27.95,subir_a_base,GRAFEN Root Booster Tonic 160ml - Default Title
55033194905937,ACTIVE,15.0,27.95,24.0,27.95,subir_a_base,GRAFEN Remover Shampoo 500ml - Default Title
55033195102545,ACTIVE,14.0,25.95,22.4,25.95,subir_a_base,GRAFEN Root Booster Shampoo 500ml - Default Title
55033195299153,ACTIVE,14.0,25.95,22.4,25.95,subir_a_base,GRAFEN Neat Water Pomade 100g - Default Title
55033195462993,ACTIVE,11.0,19.95,17.6,19.95,subir_a_base,GRAFEN Grooming Clay Hard Wax 75ml - Default Title
55033195790673,ACTIVE,16.0,28.95,25.6,28.95,subir_a_base,GRAFEN Hinoki Shampoo 500ml - Default Title
55033195954513,ACTIVE,8.0,14.95,12.8,14.95,subir_a_base,[mise en scene] Perfect Serum Hydrating Shampoo 680ml - Default Title
55033196118353,ACTIVE,8.0,14.95,17.95,17.95,sin_cambio,[mise en scene] Perfect Serum Hydrating Conditioner 680ml - Default Title
55033196347729,ACTIVE,15.0,27.95,24.0,27.95,subir_a_base,LABO-H UV Protector 365 Roll-On Sun Serum SPF50+ PA+++ 15ml - Default Title
55033196544337,ACTIVE,13.0,23.95,20.8,23.95,subir_a_base,GRAFEN Volume Up Curl Cream 150ml - Default Title
55033196773713,ACTIVE,15.0,27.95,24.0,27.95,subir_a_base,LABO-H UV Protector 365 Scalp Sun Mist SPF22 PA++ 80ml - Default Title
55033197232465,ACTIVE,19.0,34.95,30.4,34.95,subir_a_base,[mise en scene] Salon 10 Peptide Repair Treatment 990ml - Default Title
55033197396305,ACTIVE,12.0,21.95,19.2,21.95,subir_a_base,APLB Intensive Booster Scalp Serum 40ml - Default Title
55033197658449,ACTIVE,7.0,12.95,11.2,12.95,subir_a_base,LADOR Perfumed Hair Shampoo 100ml (3types) - La pitta
55033197691217,ACTIVE,7.0,12.95,11.2,12.95,subir_a_base,LADOR Perfumed Hair Shampoo 100ml (3types) - Hinoki
55033197723985,ACTIVE,7.0,12.95,11.2,12.95,subir_a_base,LADOR Perfumed Hair Shampoo 100ml (3types) - Osmanthus
55033197986129,ACTIVE,8.0,14.95,12.8,14.95,subir_a_base,LADOR Herbalism Shampoo 150ml - Default Title
55033198149969,ACTIVE,19.0,34.95,30.4,34.95,subir_a_base,belif Happy Bo Easy Wash Sunstick (SPF50+/PA++++) 18g - Default Title
55033198248273,ACTIVE,16.0,28.95,25.6,28.95,subir_a_base,belif Brave Bo Bubble Wash 150ml - Default Title
55033198379345,ACTIVE,23.0,41.95,36.8,41.95,subir_a_base,belif Brave Bo All In One Facial Lotion 125ml - Default Title
55033198543185,ACTIVE,14.0,25.95,22.4,25.95,subir_a_base,"belif UV Protector Aqua Bomb Cooling Sun Stick 14g (SPF 50+, PA++++) - Default Title"
55033198772561,ACTIVE,8.0,14.95,12.8,14.95,subir_a_base,[Good Feel] Organic Cotton Cover with Wings (Medium) 36 pcs - Default Title
55033198936401,ACTIVE,4.5,8.95,7.2,8.95,subir_a_base,[Sofy Body Fit] Guierang Sanitary Pad (Large 29cm) 18 Pads - Default Title
55033199100241,ACTIVE,13.0,23.95,20.8,23.95,subir_a_base,Foellie Capsule Feminine Wash 200ml - Default Title
55033199362385,ACTIVE,14.0,25.95,22.4,25.95,subir_a_base,AROMATICA Pure & S Soft Feminine Wash (Refill) 300ml - Default Title
55033199526225,ACTIVE,12.0,21.95,19.2,21.95,subir_a_base,Foellie Capsule Feminine Wash 200ml #Bijou Scent - Default Title
55033199755601,ACTIVE,8.0,14.95,12.8,14.95,subir_a_base,[NATURE REPUBLIC] Essential Body Pure Feminine Wash 200ml - Default Title
55033199919441,ACTIVE,18.0,32.95,28.8,32.95,subir_a_base,AROMATICA Sleep Tight Pillow Mist 100ml - Default Title
55033200083281,ACTIVE,12.0,21.95,19.2,21.95,subir_a_base,OBgE Scene Steal Concealer #Medium Beige - Default Title
55033200312657,ACTIVE,19.0,34.95,30.4,34.95,subir_a_base,OBgE Natural Cover Lotion SPF50+ PA++++ 50g - Default Title
55033200542033,ACTIVE,24.0,43.95,38.4,43.95,subir_a_base,OBgE Natural Cover Foundation SPF50+ PA++++ 13g (3colors) - #1 Ivory
55033200574801,ACTIVE,24.0,43.95,38.4,43.95,subir_a_base,OBgE Natural Cover Foundation SPF50+ PA++++ 13g (3colors) - #2 Beige
55033200607569,ACTIVE,24.0,43.95,38.4,43.95,subir_a_base,OBgE Natural Cover Foundation SPF50+ PA++++ 13g (3colors) - #3 Sand
55033200804177,ACTIVE,11.0,19.95,17.6,19.95,subir_a_base,OBgE Scene Steal Concealer #Light Beige - Default Title
55033201164625,ACTIVE,10.0,18.95,16.0,18.95,subir_a_base,Hanskin Perfect All In One Sun BB SPF50+ PA++++ 50ml - Default Title
55033201426769,ACTIVE,7.0,12.95,11.2,12.95,subir_a_base,OBgE Easy Pencil Brow 0.08g (2colors) - Dark Brown
55033201459537,ACTIVE,7.0,12.95,11.2,12.95,subir_a_base,OBgE Easy Pencil Brow 0.08g (2colors) - Deep Grey
55033201656145,ACTIVE,12.0,21.95,19.2,21.95,subir_a_base,OBgE Magic Tattoo Brow 2ml #Natural Gray - Default Title
55033608175953,ACTIVE,22.0,39.95,35.2,39.95,subir_a_base,OBgE Perfect Homme Cushion SPF50+ PA+++ 15g (3colors) - #1 Ivory
55033608208721,ACTIVE,22.0,39.95,35.2,39.95,subir_a_base,OBgE Perfect Homme Cushion SPF50+ PA+++ 15g (3colors) - #2 Beige
55033608241489,ACTIVE,22.0,39.95,35.2,39.95,subir_a_base,OBgE Perfect Homme Cushion SPF50+ PA+++ 15g (3colors) - #3 Sand
55033608405329,ACTIVE,22.0,39.95,35.2,39.95,subir_a_base,GRAFEN Tip Sketch Multi Cover Foundation SPF+ PA+++ 20ml (2colors) - #21
55033608438097,ACTIVE,22.0,39.95,35.2,39.95,subir_a_base,GRAFEN Tip Sketch Multi Cover Foundation SPF+ PA+++ 20ml (2colors) - #23
55033608733009,ACTIVE,19.0,34.95,30.4,34.95,subir_a_base,GRAFEN Match Up Tone Cover Lotion SPF50+ PA++++ 50ml - Light
55033608765777,ACTIVE,19.0,34.95,30.4,34.95,subir_a_base,GRAFEN Match Up Tone Cover Lotion SPF50+ PA++++ 50ml - Sand
55033609093457,ACTIVE,17.0,30.95,27.2,30.95,subir_a_base,GRAFEN Match Up Cover Stick Foundation 12g #21 Light Beige - Default Title
55033610436945,ACTIVE,11.0,19.95,17.6,19.95,subir_a_base,GRAFEN Match Up Shading Stick 1.8g #Neutral Brown - Default Title
55033610895697,ACTIVE,15.0,27.95,24.0,27.95,subir_a_base,GRAFEN Handsome Cover Cushion 14g [Refill] (2colors) - #01
55033610928465,ACTIVE,15.0,27.95,24.0,27.95,subir_a_base,GRAFEN Handsome Cover Cushion 14g [Refill] (2colors) - #03
55033611387217,ACTIVE,15.0,27.95,24.0,27.95,subir_a_base,GRAFEN Match Up Foundation SPF20 PA++ 40ml (4colors) - Ivory
55033611419985,ACTIVE,15.0,27.95,24.0,27.95,subir_a_base,GRAFEN Match Up Foundation SPF20 PA++ 40ml (4colors) - Beige
55033611452753,ACTIVE,15.0,27.95,24.0,27.95,subir_a_base,GRAFEN Match Up Foundation SPF20 PA++ 40ml (4colors) - Sand
55033611485521,ACTIVE,15.0,27.95,24.0,27.95,subir_a_base,GRAFEN Match Up Foundation SPF20 PA++ 40ml (4colors) - Tan
55033612009809,ACTIVE,13.0,23.95,20.8,23.95,subir_a_base,GRAFEN Triple Lip Pro 4.3g [Handsome Lip] - Default Title
55033613058385,ACTIVE,13.0,23.95,20.8,23.95,subir_a_base,GRAFEN Triple Lip Pro 3.9g [Naked] - Default Title
55033613451601,ACTIVE,13.0,23.95,20.8,23.95,subir_a_base,GRAFEN Triple Lip Pro 3.9g [Lip Sense] - Default Title
55033613779281,ACTIVE,17.0,30.95,27.2,30.95,subir_a_base,GRAFEN Handsome Cover Cushion 14g (2colors) - #01
55033613812049,ACTIVE,17.0,30.95,27.2,30.95,subir_a_base,GRAFEN Handsome Cover Cushion 14g (2colors) - #03
55033613877585,ACTIVE,15.0,27.95,24.0,27.95,subir_a_base,[GREEN FINGER] Natural Moisture Baby Lotion 200ml x 2ea - Default Title
55033614139729,ACTIVE,10.0,18.95,16.0,18.95,subir_a_base,BIOKLASSE Milk Baobab Baby Moisture Lotion 500ml - Default Title
55033614795089,ACTIVE,9.5,17.95,15.2,17.95,subir_a_base,[GREEN FINGER] Natural Moisture Baby Lotion 320ml - Default Title
55033615417681,ACTIVE,27.0,48.95,43.2,48.95,subir_a_base,ATOPALM MLE Baby Lotion 300ml - Default Title
55033615548753,ACTIVE,10.0,18.95,16.0,18.95,subir_a_base,[GREEN FINGER] Ultra Baby Lotion 260ml - Default Title
55033615679825,ACTIVE,7.0,12.95,11.2,12.95,subir_a_base,GOONGBE Baby Face Lotion 80ml - Default Title
55033615810897,ACTIVE,22.0,39.95,35.2,39.95,subir_a_base,ATOPALM Baby MLE Cream 100ml - Default Title
55033615909201,ACTIVE,13.0,23.95,20.8,23.95,subir_a_base,ATOPALM Soothing Gel Lotion 120ml - Default Title
55033616335185,ACTIVE,20.0,36.95,32.0,36.95,subir_a_base,isoi ATO Calming Cream 130ml - Default Title
55033616531793,ACTIVE,18.0,32.95,28.8,32.95,subir_a_base,isoi ATO Cool Wash 250ml - Default Title
55033618399569,ACTIVE,19.0,34.95,30.4,34.95,subir_a_base,isoi ATO Smile Oil 100ml - Default Title
55033621414225,ACTIVE,14.0,25.95,22.4,25.95,subir_a_base,primera Baby Facial & Body Wash 250ml - Default Title
55033622135121,ACTIVE,20.0,36.95,32.0,36.95,subir_a_base,belif Happy Bo Face & Body Emulsion 250ml - Default Title
55033622528337,ACTIVE,10.0,18.95,16.0,18.95,subir_a_base,BIOKLASSE MILK BAOBAB Baby Lotion 500ml - Default Title
55033622856017,ACTIVE,10.0,18.95,16.0,18.95,subir_a_base,BIOKLASSE MILK BAOBAB Baby & Kids Wash 500ml - Default Title
55033623052625,ACTIVE,24.0,43.95,38.4,43.95,subir_a_base,belif Happy Bo Soothing Cream 150ml - Default Title
55033623544145,ACTIVE,13.0,23.95,20.8,23.95,subir_a_base,EUTHYMOL Whitening Purple Toothpaste 106g - Default Title
55033623740753,ACTIVE,7.0,12.95,11.2,12.95,subir_a_base,EUTHYMOL Original Toothpaste 106g - Default Title
55033624199505,ACTIVE,10.0,18.95,16.0,18.95,subir_a_base,EUTHYMOL Whitening Toothpaste 106g - Default Title
55033624265041,ACTIVE,4.0,7.95,6.4,7.95,subir_a_base,PERIOE PUMPING CITRUS 285g (WHITE) - Default Title
55033624756561,ACTIVE,4.0,7.95,6.4,7.95,subir_a_base,PERIOE PUMPING HERB 285g(BAD BREATH CARE) - Default Title
55033624822097,ACTIVE,4.0,7.95,6.4,7.95,subir_a_base,PERIOE PUMPING TOOTHPASTE SPEARMINT 285g(PLAQUE CARE) - Default Title
55033625215313,ACTIVE,5.0,9.95,8.0,9.95,subir_a_base,MEDIAN Gum Science Toothpaste Clean Mint 120g*3 - Default Title
55033625510225,ACTIVE,5.0,9.95,8.0,9.95,subir_a_base,MEDIAN Tartar Toothpaste Gum 120g*3 - Default Title
55033625575761,ACTIVE,5.0,9.95,8.0,9.95,subir_a_base,MEDIAN Tartar Toothpaste Fresh 120g*3 - Default Title
55033626067281,ACTIVE,5.0,9.95,8.0,9.95,subir_a_base,MEDIAN Halitosis Science Toothpaste Freezing cool Mint 120g*3 - Default Title
55033626198353,ACTIVE,5.0,9.95,8.0,9.95,subir_a_base,MEDIAN Gum Science Toothpaste Strong Mint 120g*3 - Default Title
55033626591569,ACTIVE,5.0,9.95,8.0,9.95,subir_a_base,MEDIAN Tartar Toothpaste Original 120g*3 - Default Title
55033626722641,ACTIVE,5.0,9.95,8.0,9.95,subir_a_base,MEDIAN Tartar Toothpaste White 120g*3 - Default Title
55033627083089,ACTIVE,8.0,14.95,12.8,14.95,subir_a_base,Rucipello CORAL REEF 1450 BLUE Toothpaste 120g - Default Title
55033627181393,ACTIVE,7.0,12.95,11.2,12.95,subir_a_base,Rucipello CORAL REEF HIGH FLUORIDE TOOTHPASTE 120g - Default Title
55033627672913,ACTIVE,5.0,9.95,8.0,9.95,subir_a_base,Rucipello Tropical Ocean Toothpaste 100g - Default Title
55033628033361,ACTIVE,7.0,12.95,11.2,12.95,subir_a_base,Rucipello SHINY PIRUNA TOOTHPASTE 100g - Default Title
55033628098897,ACTIVE,5.0,9.95,8.0,9.95,subir_a_base,Rucipello Rooisland Toothpaste 100g - Default Title
55033628197201,ACTIVE,5.0,9.95,8.0,9.95,subir_a_base,Rucipello Mystic Forest Toothpaste 100g - Default Title
55033628950865,ACTIVE,8.0,14.95,12.8,14.95,subir_a_base,Rucipello WHITE PEARL OCEAN TOOTHPASTE 100g - Default Title
55033629016401,ACTIVE,7.0,12.95,11.2,12.95,subir_a_base,Gagreen Stick-type Original Mouthwash 10ml X 30ea - Default Title
55033629409617,ACTIVE,2.0,3.95,3.2,3.95,subir_a_base,TANGO TANGLE TANGLE Mouthwash 11ml X 10ea - Default Title
55033629802833,ACTIVE,5.0,9.95,8.0,9.95,subir_a_base,AVCA Mild Mouthwash Cool Mint 800ml - Default Title
55033630228817,ACTIVE,8.0,14.95,12.8,14.95,subir_a_base,AVCA Stick-Type Oral Mouthwash Fresh Mint 10ml X 50ea - Default Title
55033630294353,ACTIVE,16.0,28.95,25.6,28.95,subir_a_base,Innisfree Isle Number Body Lotion 300ml #Green Tea Essence - Default Title
55033630687569,ACTIVE,13.0,23.95,20.8,23.95,subir_a_base,[Pyunkang Yul] ATO Baby Lotion Blue Label 350ml - Default Title
55033633112401,ACTIVE,18.0,32.95,28.8,32.95,subir_a_base,belif Happy Bo Top To Toe All-In-One Wash 300ml - Default Title
55033633177937,ACTIVE,23.0,41.95,36.8,41.95,subir_a_base,belif Happy Bo Total Gel Wash 350ml - Default Title
55033633636689,ACTIVE,6.0,10.95,9.6,10.95,subir_a_base,AROMATICA Tea Tree Balancing Toothpaste 100ml - Default Title
55033633866065,ACTIVE,16.0,28.95,25.6,28.95,subir_a_base,[Live orals] Purebreath High-Concentration Mouthwash 50ml - Default Title
55033634259281,ACTIVE,23.0,41.95,36.8,41.95,subir_a_base,[Live orals] PureDia Teeth Whitening Kit - Default Title
55033634324817,ACTIVE,3.0,5.95,4.8,5.95,subir_a_base,[Live orals] Live Breathe Perfume Mouthwash 17ml - Default Title
55033634390353,ACTIVE,23.0,41.95,36.8,41.95,subir_a_base,nutseline Hoho Nut Baby Cure Lotion 300ml - Default Title
55033634783569,ACTIVE,20.0,36.95,32.0,36.95,subir_a_base,nutseline Hoho Nut Baby Top To Toe Wash 300ml - Default Title
55033634849105,DRAFT,10.0,12.40,16.0,16.0,sin_cambio,"LACTO-FIT ProBiotics Gold (1 Pack, 2,000mg x 50EA) - Default Title"
55033635340625,DRAFT,25.0,31.00,40.0,40.0,sin_cambio,"[KGC Cheong Kwan Jang] Hong Sam Won, Korean Red Ginseng Drink, 20 Pouches, 1.69 fl oz (50 ml) Each - Default Title"
55033635406161,DRAFT,15.0,18.60,24.0,24.0,sin_cambio,LACTO-FIT Probiotics Slim (60 Sticks) - Default Title
55033637208401,DRAFT,24.0,29.76,38.4,38.4,sin_cambio,LACTO-FIT Probiotics Beauty 120g(60 Sticks) - Default Title
55033637536081,DRAFT,5.0,6.20,8.0,8.0,sin_cambio,[TEAZEN] Kombucha Berry (10 Sticks) - Default Title
55033640124753,DRAFT,19.0,23.56,30.4,30.4,sin_cambio,OSULLOC Cherry Blossom Tea (20 count) - Default Title
55033640517969,DRAFT,19.0,23.56,30.4,30.4,sin_cambio,OSULLOC Camellia Forest Tea (20 count) - Default Title
55033640583505,DRAFT,7.0,8.68,11.2,11.2,sin_cambio,OSULLOC Kombucha Apple Pine (10 sticks) - Default Title
55033640976721,DRAFT,7.0,8.68,11.2,11.2,sin_cambio,OSULLOC Honey Pear Tea (20 count) - Default Title
55033641042257,DRAFT,20.0,24.80,32.0,32.0,sin_cambio,OSULLOC Moon Walk Tea (20 count) - Default Title
55033641337169,DRAFT,8.0,9.92,12.8,12.8,sin_cambio,OSULLOC Organic Green Tea Powder - Default Title
55033641763153,DRAFT,8.0,9.92,12.8,12.8,sin_cambio,OSULLOC Organic Jeju Volcanic Oolong Tea (20 count) - Default Title
55033641861457,DRAFT,7.0,8.68,11.2,11.2,sin_cambio,OSULLOC Organic Matcha Stick (5 sticks) - Default Title
55033641992529,DRAFT,21.0,26.04,33.6,33.6,sin_cambio,OSULLOC Signature Earl Grey (20 count) - Default Title
55033646252369,DRAFT,8.0,9.92,12.8,12.8,sin_cambio,OSULLOC Original Milk Tea (10 sticks) - Default Title
55033646317905,DRAFT,7.0,8.68,11.2,11.2,sin_cambio,OSULLOC Organic Pure Green Tea (20 count) - Default Title
55033646383441,DRAFT,7.0,9.68,11.2,11.2,sin_cambio,OSULLOC Tangerine Tea (20 Count) - Default Title
55033646580049,DRAFT,18.0,22.32,28.8,28.8,sin_cambio,OSULLOC Wedding Green Tea (20 count) - Default Title
55033646645585,DRAFT,11.0,13.64,17.6,17.6,sin_cambio,OSULLOC Hibiscus Sunshine (10 count) - Default Title
55033646743889,DRAFT,10.0,12.40,16.0,16.0,sin_cambio,OSULLOC Signature Earl Grey (10 count) - Default Title
55033646809425,DRAFT,22.0,27.28,35.2,35.2,sin_cambio,OSULLOC Premium Tea Collection 40ea - Default Title
55033646907729,DRAFT,16.0,19.84,25.6,25.6,sin_cambio,OSULLOC Organic Premium Matcha Powder 40g - Default Title
55033647006033,DRAFT,6.0,7.44,9.6,9.6,sin_cambio,[CHAMNDLE HTFARM] Tangle Collagen Montmorency Tart Cherry Jelly Stick 300g(1box/20gx15sticks) - Default Title
55033647300945,DRAFT,25.0,31.00,40.0,40.0,sin_cambio,REJURAN Inner Dot DNA Glow Jelly 14ea - Default Title
55033647399249,DRAFT,25.0,31.00,40.0,40.0,sin_cambio,REJURAN Inner Dot DNA Glow Jelly 14ea - Default Title
55033647464785,DRAFT,23.0,28.52,36.8,36.8,sin_cambio,[Jung Kwan Jang] Hwal Gi Ruk Korean Red Ginseng Vital Tonic Liquid (20mL*14 bottles/Tablets400mg*14 tablets) - Default Title
55033647530321,DRAFT,23.0,28.52,36.8,36.8,sin_cambio,[Jung Kwan Jang] Hwal Gi Ruk Korean Red Ginseng Vital Tonic Liquid (20mL*14 bottles/Tablets400mg*14 tablets) - Default Title
55033647628625,DRAFT,33.0,40.92,52.8,52.8,sin_cambio,[Jung Kwan Jang] Good Base Korean Red Ginseng with Elderberry 10ml*30Sticks - Default Title
55033647694161,DRAFT,33.0,40.92,52.8,52.8,sin_cambio,[Jung Kwan Jang] Good Base Korean Red Ginseng with Elderberry 10ml*30Sticks - Default Title
55033647759697,DRAFT,22.0,27.28,35.2,35.2,sin_cambio,[Jung Kwan Jang] Kid Multivitamin & Mineral Gummies #Mango Flavor 2.5g*60ea - Default Title
55033647858001,DRAFT,22.0,27.28,35.2,35.2,sin_cambio,[Jung Kwan Jang] Kid Multivitamin & Mineral Gummies #Mango Flavor 2.5g*60ea - Default Title
55033647923537,DRAFT,29.0,35.96,46.4,46.4,sin_cambio,[Jung Kwan Jang] Korean Red Ginseng Extract Every Time FILM (260mg*20Sheets) - Default Title
55033648021841,DRAFT,29.0,35.96,46.4,46.4,sin_cambio,[Jung Kwan Jang] Korean Red Ginseng Extract Every Time FILM (260mg*20Sheets) - Default Title
55033648087377,DRAFT,23.0,28.52,36.8,36.8,sin_cambio,[Jung Kwan Jang] Korean Red Ginseng Extract Hong Sam Won Delight 50ml*30ea - Default Title
55033648152913,DRAFT,23.0,28.52,36.8,36.8,sin_cambio,[Jung Kwan Jang] Korean Red Ginseng Extract Hong Sam Won Delight 50ml*30ea - Default Title
55033648218449,DRAFT,16.0,19.84,25.6,25.6,sin_cambio,[Jung Kwan Jang] Korean Red Ginseng Extract Hong Sam Won to be heated and consumed 120ml*12ea - Default Title
55033648283985,DRAFT,16.0,19.84,25.6,25.6,sin_cambio,[Jung Kwan Jang] Korean Red Ginseng Extract Hong Sam Won to be heated and consumed 120ml*12ea - Default Title
55033648349521,DRAFT,24.0,29.76,38.4,38.4,sin_cambio,[Jung Kwan Jang] Korean Red Ginseng Extract Jin Go IMMUNE Stick 10g*30ea - Default Title
55033648447825,DRAFT,24.0,29.76,38.4,38.4,sin_cambio,[Jung Kwan Jang] Korean Red Ginseng Extract Jin Go IMMUNE Stick 10g*30ea - Default Title
55033648513361,DRAFT,22.0,27.28,35.2,35.2,sin_cambio,[Cell Fusion C] UV Care Formula Jelly 20g X 14ea - Default Title
55033648709969,DRAFT,22.0,27.28,35.2,35.2,sin_cambio,[Cell Fusion C] UV Care Formula Jelly 20g X 14ea - Default Title
55033648775505,DRAFT,17.0,21.08,27.2,27.2,sin_cambio,[Cell Fusion C] UV Formula Powder 2.2g X 30ea - Default Title
55033648841041,DRAFT,17.0,21.08,27.2,27.2,sin_cambio,[Cell Fusion C] UV Formula Powder 2.2g X 30ea - Default Title
55033648906577,DRAFT,18.0,22.32,28.8,28.8,sin_cambio,"OSULLOC Lovely Tea Gift Box Set (12 count, 4 flavors X 3ea) - Default Title"
55033648972113,DRAFT,18.0,22.32,28.8,28.8,sin_cambio,"OSULLOC Lovely Tea Gift Box Set (12 count, 4 flavors X 3ea) - Default Title"
55033649037649,DRAFT,8.0,9.92,12.8,12.8,sin_cambio,OSULLOC Mellow Mint (20 count) - Default Title
55033649103185,DRAFT,8.0,9.92,12.8,12.8,sin_cambio,OSULLOC Mellow Mint (20 count) - Default Title
55033649168721,DRAFT,8.0,9.92,12.8,12.8,sin_cambio,OSULLOC Chamomile Lavender Tea (20 count) - Default Title
55033649267025,DRAFT,8.0,9.92,12.8,12.8,sin_cambio,OSULLOC Chamomile Lavender Tea (20 count) - Default Title
55033649332561,DRAFT,8.0,9.92,12.8,12.8,sin_cambio,OSULLOC Cherry Rooibos Tea (20 count) - Default Title
55033649398097,DRAFT,8.0,9.92,12.8,12.8,sin_cambio,OSULLOC Cherry Rooibos Tea (20 count) - Default Title
55033649463633,DRAFT,19.0,23.56,30.4,30.4,sin_cambio,"OSULLOC Herbal Tea Life Set (60 count, 3 flavors X 20ea) - Default Title"
55033649561937,DRAFT,19.0,23.56,30.4,30.4,sin_cambio,"OSULLOC Herbal Tea Life Set (60 count, 3 flavors X 20ea) - Default Title"
55033649660241,DRAFT,20.0,24.80,32.0,32.0,sin_cambio,OSULLOC Berry Garden Green Tea (20 count) - Default Title
55033649725777,DRAFT,20.0,24.80,32.0,32.0,sin_cambio,OSULLOC Berry Garden Green Tea (20 count) - Default Title
55033649791313,DRAFT,13.0,16.12,20.8,20.8,sin_cambio,OSULLOC Berry Garden Green Tea (10 count) - Default Title
55033649856849,DRAFT,13.0,16.12,20.8,20.8,sin_cambio,OSULLOC Marron Cream Black Tea (10 count) - Default Title
55033650250065,DRAFT,20.0,24.80,32.0,32.0,sin_cambio,OSULLOC Marron Cream Black Tea (20 count) - Default Title
55033650315601,DRAFT,10.0,12.40,16.0,16.0,sin_cambio,OSULLOC Sweet Hibiscus Cold Brew Tea (20 count) - Default Title
55033650479441,DRAFT,22.0,27.28,35.2,35.2,sin_cambio,"OSULLOC Tea Edition Herb Gift Box Set (16 count, 4 flavors X 4ea) - Default Title"
55033651036497,DRAFT,13.0,16.12,20.8,20.8,sin_cambio,OSULLOC Fig Apple Black Tea (10 count) - Default Title
55033651102033,DRAFT,20.0,24.80,32.0,32.0,sin_cambio,OSULLOC Fig Apple Black Tea (20 count) - Default Title
55033651167569,DRAFT,7.0,8.68,11.2,11.2,sin_cambio,OSULLOC Berry Vanilla Green Tea (20 count) - Default Title
55033651233105,DRAFT,7.0,8.68,11.2,11.2,sin_cambio,OSULLOC Peach Chamomile (20 count) - Default Title
55033651331409,DRAFT,22.0,27.28,35.2,35.2,sin_cambio,"OSULLOC Premium Tea Collection (40 count, 10 flavors X 4ea) - Default Title"
55033651396945,DRAFT,10.0,12.40,16.0,16.0,sin_cambio,OSULLOC Camelia Forest Tea (10 count) - Default Title
55033651462481,DRAFT,8.0,9.92,12.8,12.8,sin_cambio,OSULLOC Jeju Matcha Milk Tea (10 count) - Default Title
55033651626321,DRAFT,8.0,9.92,12.8,12.8,sin_cambio,OSULLOC Earl Grey Milk Tea (10 count) - Default Title
55033651691857,DRAFT,21.0,26.04,33.6,33.6,sin_cambio,"OSULLOC Tea Variation Essence (42 count, 6 flavors X 7ea) - Default Title"
55033651822929,DRAFT,11.0,13.64,17.6,17.6,sin_cambio,OSULLOC Tangerine Blossom Oolong Tea (10 count) - Default Title
55033651921233,DRAFT,12.0,14.88,19.2,19.2,sin_cambio,OSULLOC Cherry Blossom Blended Tea (10 count) - Default Title
55033651986769,DRAFT,11.0,13.64,17.6,17.6,sin_cambio,OSULLOC Wedding Green Tea (10 count) - Default Title
55033652052305,DRAFT,17.0,21.08,27.2,27.2,sin_cambio,OSULLOC Jeju Tangerine Blended Tea (20 count) - Default Title
55033652216145,DRAFT,10.0,12.40,16.0,16.0,sin_cambio,OSULLOC Moon Walk Tea (10 count) - Default Title
55033652412753,DRAFT,16.0,19.84,25.6,25.6,sin_cambio,OSULLOC Tangerine Blossom Oolong Tea (20 count) - Default Title
55033652609361,DRAFT,17.0,21.08,27.2,27.2,sin_cambio,OSULLOC Organic Sejak Green Tea (20 count) - Default Title
55033652674897,DRAFT,13.0,16.12,20.8,20.8,sin_cambio,OSULLOC Organic Sejak Green Tea (10 count) - Default Title
55033652871505,DRAFT,11.0,13.64,17.6,17.6,sin_cambio,OSULLOC Jeju Orchid Green Tea (10 count) - Default Title
55033653002577,DRAFT,10.0,12.40,16.0,16.0,sin_cambio,OSULLOC Chamomile Blend (10 count) - Default Title
55033653133649,DRAFT,8.0,9.92,12.8,12.8,sin_cambio,OSULLOC Jeju Camellia Tea (20 count) - Default Title
55033653264721,DRAFT,7.0,8.68,11.2,11.2,sin_cambio,OSULLOC Sweet Hibiscus (20 count) - Default Title
55033653756241,DRAFT,17.0,21.08,27.2,27.2,sin_cambio,OSULLOC Jeju Volcanic Rock Tea (20 count) - Default Title
55033653920081,DRAFT,11.0,13.64,17.6,17.6,sin_cambio,OSULLOC Jeju Volcanic Rock Tea (10 count) - Default Title
55033654247761,DRAFT,7.0,8.68,11.2,11.2,sin_cambio,OSULLOC Fig Chocolat Black Tea (20 count) - Default Title
55033654903121,DRAFT,7.0,8.68,11.2,11.2,sin_cambio,OSULLOC Marron Glace Black Tea (20 count) - Default Title
55033655296337,DRAFT,11.0,13.64,17.6,17.6,sin_cambio,OSULLOC Peach Papaya Black Tea (10 count) - Default Title
55033655591249,DRAFT,16.0,19.84,25.6,25.6,sin_cambio,OSULLOC Peach Papaya Black Tea (20 count) - Default Title
55033655918929,DRAFT,10.0,12.40,16.0,16.0,sin_cambio,OSULLOC Rooibos Caramel Berry (10 count) - Default Title
55033656050001,DRAFT,19.0,23.56,30.4,30.4,sin_cambio,OSULLOC Rooibos Caramel Berry (20 count) - Default Title
55033656181073,DRAFT,16.0,19.84,25.6,25.6,sin_cambio,OSULLOC Rooibos Moonlight (20 count) - Default Title
55033656377681,DRAFT,10.0,12.40,16.0,16.0,sin_cambio,OSULLOC Rooibos Moonlight (10 count) - Default Title
55033656508753,DRAFT,11.0,13.64,17.6,17.6,sin_cambio,OSULLOC Moroccan Mint Tea (10 count) - Default Title
55033656803665,DRAFT,14.0,17.36,22.4,22.4,sin_cambio,OSULLOC Milky Oolong Tea (10 count) - Default Title
55033656934737,DRAFT,11.0,13.64,17.6,17.6,sin_cambio,OSULLOC Green Oolong (10 count) - Default Title
55033657164113,DRAFT,20.0,24.80,32.0,32.0,sin_cambio,"OSULLOC Tea Variation O Gift Set (36 count, 6 flavors X 6ea) - Default Title"
55033657295185,DRAFT,21.0,26.04,33.6,33.6,sin_cambio,"OSULLOC Tea Variation 30 Gift Set (30 count, 6 flavors X 5ea) - Default Title"
55033657426257,DRAFT,8.0,9.92,12.8,12.8,sin_cambio,OSULLOC Tangerine Blossom Tea (20 count) - Default Title
55033657557329,DRAFT,8.0,9.92,12.8,12.8,sin_cambio,OSULLOC Vanilla Honey Black Tea (20 Count) - Default Title
55033657655633,DRAFT,21.0,26.04,33.6,33.6,sin_cambio,"OSULLOC Tea Edition Island Gift Set (18 count, 6 flavors X 3ea) - Default Title"
55033657721169,DRAFT,6.0,7.44,9.6,9.6,sin_cambio,NutrioneLife Pure Organic Lemon Juice 100% 20g X 14ea - Default Title
55033659195729,ACTIVE,22.0,39.95,35.2,39.95,subir_a_base,belif Aqua Bomb Panthenol EGF Soothing Barrier Gel Mask 30ml X 5ea - Default Title
55033659326801,ACTIVE,41.0,73.95,65.6,73.95,subir_a_base,belif Manology Protective Ectoin Basic Skincare SET (Toner 150ml + Emulsion 125ml) - Default Title
55033659425105,ACTIVE,19.0,34.95,30.4,34.95,subir_a_base,[SOME BY MI] Galactomyces Glutathione Brightening Cream 40ml - Default Title
55033659556177,ACTIVE,15.0,27.95,24.0,27.95,subir_a_base,[SOME BY MI] Yuja Niacin Anti Blemish Daily Mask 370ml/30ea - Default Title
55033659687249,ACTIVE,13.0,23.95,20.8,23.95,subir_a_base,[SOME BY MI] Lacto Soy Enzyme Deep Cleansing Foam 100ml - Default Title
55033660014929,ACTIVE,15.0,27.95,24.0,27.95,subir_a_base,[SOME BY MI] AHA BHA PHA Miracle Daily Mask 350ml/30ea - Default Title
55033660932433,ACTIVE,17.0,30.95,27.2,30.95,subir_a_base,3CE Glazy Lip Glow 3.2g (11colors) - MELTING SMORE
55033660965201,ACTIVE,17.0,30.95,27.2,30.95,subir_a_base,3CE Glazy Lip Glow 3.2g (11colors) - LAVENDER CREAM
55033660997969,ACTIVE,17.0,30.95,27.2,30.95,subir_a_base,3CE Glazy Lip Glow 3.2g (11colors) - PEACHY FILLING
55033661030737,ACTIVE,17.0,30.95,27.2,30.95,subir_a_base,3CE Glazy Lip Glow 3.2g (11colors) - COOL SWEETIE
55033661063505,ACTIVE,17.0,30.95,27.2,30.95,subir_a_base,3CE Glazy Lip Glow 3.2g (11colors) - ROSE GLAZE
55033661096273,ACTIVE,17.0,30.95,27.2,30.95,subir_a_base,3CE Glazy Lip Glow 3.2g (11colors) - PINK TUBE
55033661129041,ACTIVE,17.0,30.95,27.2,30.95,subir_a_base,3CE Glazy Lip Glow 3.2g (11colors) - DOUBLE GRAPE
55033661161809,ACTIVE,17.0,30.95,27.2,30.95,subir_a_base,3CE Glazy Lip Glow 3.2g (11colors) - RASPBERRY COATED
55033661194577,ACTIVE,17.0,30.95,27.2,30.95,subir_a_base,3CE Glazy Lip Glow 3.2g (11colors) - SALTY SWEET
55033661227345,ACTIVE,17.0,30.95,27.2,30.95,subir_a_base,3CE Glazy Lip Glow 3.2g (11colors) - BAKED PEACH
55033661260113,ACTIVE,17.0,30.95,27.2,30.95,subir_a_base,3CE Glazy Lip Glow 3.2g (11colors) - BUTTER SPREAD
55033661620561,ACTIVE,25.0,45.95,40.0,45.95,subir_a_base,3CE Multi Eye Color Palette The Textile 8g (9colors) - Butter Mousse
55033661653329,ACTIVE,25.0,45.95,40.0,45.95,subir_a_base,3CE Multi Eye Color Palette The Textile 8g (9colors) - Cooltral Pink
55033661686097,ACTIVE,25.0,45.95,40.0,45.95,subir_a_base,3CE Multi Eye Color Palette The Textile 8g (9colors) - Take Over
55033661718865,ACTIVE,25.0,45.95,40.0,45.95,subir_a_base,3CE Multi Eye Color Palette The Textile 8g (9colors) - All Def
55033661751633,ACTIVE,25.0,45.95,40.0,45.95,subir_a_base,3CE Multi Eye Color Palette The Textile 8g (9colors) - Smoother Yet
55033661784401,ACTIVE,25.0,45.95,40.0,45.95,subir_a_base,3CE Multi Eye Color Palette The Textile 8g (9colors) - Mauve Focus
55033661817169,ACTIVE,25.0,45.95,40.0,45.95,subir_a_base,3CE Multi Eye Color Palette The Textile 8g (9colors) - A Still Ash
55033661849937,ACTIVE,25.0,45.95,40.0,45.95,subir_a_base,3CE Multi Eye Color Palette The Textile 8g (9colors) - Bare Nude
55033661882705,ACTIVE,25.0,45.95,40.0,45.95,subir_a_base,3CE Multi Eye Color Palette The Textile 8g (9colors) - Cross The Lime
55033666830673,ACTIVE,13.0,23.95,20.8,23.95,subir_a_base,3CE Eye Switch Stick 1.3g (6colors) - IVORY BREEZE
55033666863441,ACTIVE,13.0,23.95,20.8,23.95,subir_a_base,3CE Eye Switch Stick 1.3g (6colors) - PINK SHEEN
55033666896209,ACTIVE,13.0,23.95,20.8,23.95,subir_a_base,3CE Eye Switch Stick 1.3g (6colors) - ORANGE BAKE
55033666928977,ACTIVE,13.0,23.95,20.8,23.95,subir_a_base,3CE Eye Switch Stick 1.3g (6colors) - DOUBLE NOTE
55033666961745,ACTIVE,13.0,23.95,20.8,23.95,subir_a_base,3CE Eye Switch Stick 1.3g (6colors) - BLUE CAPTURE
55033666994513,ACTIVE,13.0,23.95,20.8,23.95,subir_a_base,3CE Eye Switch Stick 1.3g (6colors) - LAVENDER DAZE
55033667158353,ACTIVE,21.0,37.95,33.6,37.95,subir_a_base,3CE Fitting Mesh Cover Cushion SPF40 PA+++ 11g (5colors) - P01
55033667191121,ACTIVE,21.0,37.95,33.6,37.95,subir_a_base,3CE Fitting Mesh Cover Cushion SPF40 PA+++ 11g (5colors) - N01
55033667223889,ACTIVE,21.0,37.95,33.6,37.95,subir_a_base,3CE Fitting Mesh Cover Cushion SPF40 PA+++ 11g (5colors) - N02
55033667256657,ACTIVE,21.0,37.95,33.6,37.95,subir_a_base,3CE Fitting Mesh Cover Cushion SPF40 PA+++ 11g (5colors) - N03
55033667289425,ACTIVE,21.0,37.95,33.6,37.95,subir_a_base,3CE Fitting Mesh Cover Cushion SPF40 PA+++ 11g (5colors) - W02
55033667486033,ACTIVE,13.0,23.95,20.8,23.95,subir_a_base,3CE Cashmere Hug Lipstick 3.5g (12colors) - 01 OAT
55033667518801,ACTIVE,13.0,23.95,20.8,23.95,subir_a_base,3CE Cashmere Hug Lipstick 3.5g (12colors) - 02 PURE BLENDING
55033667551569,ACTIVE,13.0,23.95,20.8,23.95,subir_a_base,3CE Cashmere Hug Lipstick 3.5g (12colors) - 03 YOUR SIDE
55033667584337,ACTIVE,13.0,23.95,20.8,23.95,subir_a_base,3CE Cashmere Hug Lipstick 3.5g (12colors) - 04 TEXT ME
55033667617105,ACTIVE,13.0,23.95,20.8,23.95,subir_a_base,3CE Cashmere Hug Lipstick 3.5g (12colors) - 05 COZY WHISPER
55033667649873,ACTIVE,13.0,23.95,20.8,23.95,subir_a_base,3CE Cashmere Hug Lipstick 3.5g (12colors) - 06 BUDDY
55033667682641,ACTIVE,13.0,23.95,20.8,23.95,subir_a_base,3CE Cashmere Hug Lipstick 3.5g (12colors) - 07 KNIT
55033667715409,ACTIVE,13.0,23.95,20.8,23.95,subir_a_base,3CE Cashmere Hug Lipstick 3.5g (12colors) - 08 HUSH RED
55033667748177,ACTIVE,13.0,23.95,20.8,23.95,subir_a_base,3CE Cashmere Hug Lipstick 3.5g (12colors) - 09 TAUPE BEIGE
55033667780945,ACTIVE,13.0,23.95,20.8,23.95,subir_a_base,3CE Cashmere Hug Lipstick 3.5g (12colors) - 10 DREAMY
55033667813713,ACTIVE,13.0,23.95,20.8,23.95,subir_a_base,3CE Cashmere Hug Lipstick 3.5g (12colors) - 13 MORE PLEASE
55033667846481,ACTIVE,13.0,23.95,20.8,23.95,subir_a_base,3CE Cashmere Hug Lipstick 3.5g (12colors) - 14 SO SHY
55033668534609,ACTIVE,13.0,23.95,20.8,23.95,subir_a_base,3CE Misty Lip Bare 4.6g (10colors) - Milky Illusion
55033668567377,ACTIVE,13.0,23.95,20.8,23.95,subir_a_base,3CE Misty Lip Bare 4.6g (10colors) - Pink Scheme
55033668600145,ACTIVE,13.0,23.95,20.8,23.95,subir_a_base,3CE Misty Lip Bare 4.6g (10colors) - Chili Flame
55033668632913,ACTIVE,13.0,23.95,20.8,23.95,subir_a_base,3CE Misty Lip Bare 4.6g (10colors) - Rose Sigh
55033668665681,ACTIVE,13.0,23.95,20.8,23.95,subir_a_base,3CE Misty Lip Bare 4.6g (10colors) - Driftwood
55033668698449,ACTIVE,13.0,23.95,20.8,23.95,subir_a_base,3CE Misty Lip Bare 4.6g (10colors) - Quiet Taupe
55033668731217,ACTIVE,13.0,23.95,20.8,23.95,subir_a_base,3CE Misty Lip Bare 4.6g (10colors) - Sun Pause
55033668763985,ACTIVE,13.0,23.95,20.8,23.95,subir_a_base,3CE Misty Lip Bare 4.6g (10colors) - Coral Drench
55033668796753,ACTIVE,13.0,23.95,20.8,23.95,subir_a_base,3CE Misty Lip Bare 4.6g (10colors) - Earlier
55033668829521,ACTIVE,13.0,23.95,20.8,23.95,subir_a_base,3CE Misty Lip Bare 4.6g (10colors) - Nude Whisper
55033668960593,ACTIVE,12.0,21.95,19.2,21.95,subir_a_base,3CE Gummy Oil Tint 4g (10colors) - BAGEL PEACH
55033668993361,ACTIVE,12.0,21.95,19.2,21.95,subir_a_base,3CE Gummy Oil Tint 4g (10colors) - MELTING GUMMY
55033669026129,ACTIVE,12.0,21.95,19.2,21.95,subir_a_base,3CE Gummy Oil Tint 4g (10colors) - ROSE GUMMY
55033669058897,ACTIVE,12.0,21.95,19.2,21.95,subir_a_base,3CE Gummy Oil Tint 4g (10colors) - MAUVE JELLY
55033669091665,ACTIVE,12.0,21.95,19.2,21.95,subir_a_base,3CE Gummy Oil Tint 4g (10colors) - SUMMER BITE
55033669124433,ACTIVE,12.0,21.95,19.2,21.95,subir_a_base,3CE Gummy Oil Tint 4g (10colors) - DEW ON
55033669157201,ACTIVE,12.0,21.95,19.2,21.95,subir_a_base,3CE Gummy Oil Tint 4g (10colors) - TAUPE DROP
55033669189969,ACTIVE,12.0,21.95,19.2,21.95,subir_a_base,3CE Gummy Oil Tint 4g (10colors) - SWEETEN
55033669222737,ACTIVE,12.0,21.95,19.2,21.95,subir_a_base,3CE Gummy Oil Tint 4g (10colors) - HONEY BEAR
55033669255505,ACTIVE,12.0,21.95,19.2,21.95,subir_a_base,3CE Gummy Oil Tint 4g (10colors) - PEARL CLOUD
