variant_id,sku,producto,marca,coste_eur,precio_actual_eur,precio_propuesto_eur,subida_eur,subida_pct,margen_bruto_actual_pct,margen_bruto_nuevo_pct,accion
55028214563153,9096653519,Sulwhasoo The Ultimate S cream (REFILL) 30ml,Sulwhasoo,220.00,272.80,396.95,124.15,45.5,19.4,44.6,SUBE
55029463548241,6400291637,d'Alba White Truffle Double Mask Pack [Nutritive/Hydrating] 32.5g X 20ea,d'Alba,52.00,64.48,93.95,29.47,45.7,19.4,44.7,SUBE
55033659326801,12899703814,belif Manology Protective Ectoin Basic Skincare SET (Toner 150ml + Emulsion 125m,belif,41.00,50.84,73.95,23.11,45.5,19.4,44.6,SUBE
55028214169937,9601554167,bravity Daily STEMCELL Ampoule Skin 120ml,bravity,34.00,42.16,61.95,19.79,46.9,19.4,45.1,SUBE
55028214301009,12005937665,belif Classic Collagen Firming Cream 50ml,belif,34.00,42.16,61.95,19.79,46.9,19.4,45.1,SUBE
55029252489553,11424842754,DERMALINE Bio Hydro Refresh Ampoule 75ml,DERMALINE,34.00,42.16,61.95,19.79,46.9,19.4,45.1,SUBE
55029255045457,4997503899,DERMALINE Bio Activing PDRN Ampoule 75ml,DERMALINE,34.00,42.16,61.95,19.79,46.9,19.4,45.1,SUBE
55029264449873,A255273,REJUDERMA EX Repairing Cream 20g,REJUDERMA,34.00,42.16,61.95,19.79,46.9,19.4,45.1,SUBE
55028106330449,4434687449,AHC Renew Age Total 4 Type Gift Set,AHC,33.00,40.92,59.95,19.03,46.5,19.4,45.0,SUBE
55028106395985,9167451606,KLAIRS Freshly Juiced Line SET (Serum 35ml + Mask 90ml),KLAIRS,33.00,40.92,59.95,19.03,46.5,19.4,45.0,SUBE
55028211482961,9601603988,bravity Daily STEMCELL Ampoule Lotion 100g,bravity,33.00,40.92,59.95,19.03,46.5,19.4,45.0,SUBE
55028212007249,PURCELL210,PURCELL Pixcell Biom Booster Shot Powder 0.2g X 10ea,PURCELL,33.00,40.92,59.95,19.03,46.5,19.4,45.0,SUBE
55028212072785,8040589870,Dr.G Revital Enhancer EGF Ampoule Program 10ml X 4ea,Dr.G,33.00,40.92,59.95,19.03,46.5,19.4,45.0,SUBE
55028212203857,270199589,Re:NK Cell to Cell Skin Softener 150ml,Re:NK,33.00,40.92,59.95,19.03,46.5,19.4,45.0,SUBE
55028212433233,5586937781,belif Herb Bouquet Concentrate 50ml,belif,33.00,40.92,59.95,19.03,46.5,19.4,45.0,SUBE
55028212597073,5279426691,IOPE SUPER VITAL SOFTENER 150ml,IOPE,33.00,40.92,59.95,19.03,46.5,19.4,45.0,SUBE
55028212662609,5225563241,[The History of Whoo] GONGJINHYANG SEOL Radiant White Emulsion 110ml,The History of Whoo,33.00,40.92,59.95,19.03,46.5,19.4,45.0,SUBE
55028212826449,5091767396,belif The White Decoction – Ultimate Brightening Cream 50ml,belif,33.00,40.92,59.95,19.03,46.5,19.4,45.0,SUBE
55028213285201,5087958190,belif CREAMY MOISTURIZER DEEP MOIST 125mL,belif,33.00,40.92,59.95,19.03,46.5,19.4,45.0,SUBE
55028213449041,5091903785,belif The True Cream Aqua Bomb tube 75ml,belif,33.00,40.92,59.95,19.03,46.5,19.4,45.0,SUBE
55029192753489,11498879796,d'Alba Vita Toning Capsule Serum 100ml,d'Alba,33.00,40.92,59.95,19.03,46.5,19.4,45.0,SUBE
55029237809489,13140899933,MIZON Black Snail All In One Cream 75ml,MIZON,33.00,40.92,59.95,19.03,46.5,19.4,45.0,SUBE
55029254095185,4997436213,DERMALINE Bio Cell Boosting Ampoule 75ml,DERMALINE,33.00,40.92,59.95,19.03,46.5,19.4,45.0,SUBE
55028084736337,10272992911,ROOTON Manantio Body Lotion 300ml,ROOTON,32.00,39.68,57.95,18.27,46.0,19.4,44.8,SUBE
55028095779153,5117196585,YUNJAC Whole Plant Effect Essential Body Lotion 250ml,YUNJAC,32.00,39.68,57.95,18.27,46.0,19.4,44.8,SUBE
55028208795985,11329472040,bravity Skin Reboot Spicule Serum 30ml,bravity,32.00,39.68,57.95,18.27,46.0,19.4,44.8,SUBE
55028209254737,PURCELL174-30,PURCELL 88B/ml L-Glutathione Flexible Liposome 30ml,PURCELL,32.00,39.68,57.95,18.27,46.0,19.4,44.8,SUBE
55028209385809,Elizavecca949,Elizavecca Witch Piggy Hell-Pore Marine Collagen Ampoule 50ml,Elizavecca,32.00,39.68,57.95,18.27,46.0,19.4,44.8,SUBE
55028209582417,6829206823,YUNJAC Calming & Comforting Emulsion 125ml,YUNJAC,32.00,39.68,57.95,18.27,46.0,19.4,44.8,SUBE
55028209779025,5600070313,YUNJAC Calming & Comforting Toner Pad 50pads/150ml,YUNJAC,32.00,39.68,57.95,18.27,46.0,19.4,44.8,SUBE
55028209975633,5116545493,YUNJAC Hydrating & Soothing Mist 100ml,YUNJAC,32.00,39.68,57.95,18.27,46.0,19.4,44.8,SUBE
55028210073937,Elizavecca797,Elizavecca Milky Piggy Real White Time Milk Cream 100ml,Elizavecca,32.00,39.68,57.95,18.27,46.0,19.4,44.8,SUBE
55028210172241,Elizavecca1000000051,Elizavecca Aqua Water Snail Mucin Cream 50ml,Elizavecca,32.00,39.68,57.95,18.27,46.0,19.4,44.8,SUBE
55028210270545,9454556534,Easydew Barrier Repair Toner 200ml,Easydew,32.00,39.68,57.95,18.27,46.0,19.4,44.8,SUBE
55028210434385,10567699694,d'Alba White Truffle First Oil Capsule Serum 100ml,d'Alba,32.00,39.68,57.95,18.27,46.0,19.4,44.8,SUBE
55028210565457,5410207090,NATURE REPUBLIC Snail Solution Skin Booster 130ml,NATURE REPUBLIC,32.00,39.68,57.95,18.27,46.0,19.4,44.8,SUBE
55028210696529,1406854376,[The History of Whoo] GONGJINHYANG INYANG Essential Nourishing Emulsion 110ml,The History of Whoo,32.00,39.68,57.95,18.27,46.0,19.4,44.8,SUBE
55028210794833,5201954959,NATURE REPUBLIC Ginseng Royal Silk Essence 40ml,NATURE REPUBLIC,32.00,39.68,57.95,18.27,46.0,19.4,44.8,SUBE
55028210893137,260773092,isoi Bulgarian Rose Intensive Energizing Oil 15ml,isoi,32.00,39.68,57.95,18.27,46.0,19.4,44.8,SUBE
55028211024209,5087956908,belif MILKY MOISTURIZER HYDRA BALANCING 125mL,belif,32.00,39.68,57.95,18.27,46.0,19.4,44.8,SUBE
55029252620625,11232623984,DERMALINE Dr.TJ Anti-Aging & Brightening Clear Ampoule 30ml,DERMALINE,32.00,39.68,57.95,18.27,46.0,19.4,44.8,SUBE
55029462991185,4633103121,d'Alba Waterfull Vegan Sleeping Pack 4ml X 24ea,d'Alba,32.00,39.68,57.95,18.27,46.0,19.4,44.8,SUBE
55029463286097,4888750349,IWLT PURIFYING CENTELLA SOOTHING MASK 25ml x 6ea,IWLT,32.00,39.68,57.95,18.27,46.0,19.4,44.8,SUBE
55033169674577,10769757561,Huxley Conditioning Shampoo 750ml #Moroccan Gardener,Huxley,32.00,39.68,57.95,18.27,46.0,19.4,44.8,SUBE
55028079755601,2252892964,Huxley Body Oil ; Moroccan Gardener 100ml,Huxley,30.00,37.20,54.95,17.75,47.7,19.4,45.4,SUBE
55028134445393,5037245515,heimish Marine Care Eye Cream 30ml,heimish,30.00,37.20,54.95,17.75,47.7,19.4,45.4,SUBE
55028160692561,10759570418,NEOGEN SUR.MEDIC+ Perfection 100 All In One Facial Eye Cream 35ml,NEOGEN,30.00,37.20,54.95,17.75,47.7,19.4,45.4,SUBE
55028190150993,12294855730,REJURAN Healer Triple Radiance Cream 50ml,REJURAN,30.00,37.20,54.95,17.75,47.7,19.4,45.4,SUBE
55028190282065,10709985798,O HUI Extreme White MelaToning Dark Spot Ampoule Essence 30 ml,O HUI,30.00,37.20,54.95,17.75,47.7,19.4,45.4,SUBE
55028190806353,11692181031,O HUI 3 Hour Blurring Sun Powder SPF30 PA++ 20g (2colors),O HUI,30.00,37.20,54.95,17.75,47.7,19.4,45.4,SUBE
55028190839121,11692181031,O HUI 3 Hour Blurring Sun Powder SPF30 PA++ 20g (2colors),O HUI,30.00,37.20,54.95,17.75,47.7,19.4,45.4,SUBE
55028191166801,11819612246,REJURAN Derma Healer Pore Tightening Ampoule 30ml,REJURAN,30.00,37.20,54.95,17.75,47.7,19.4,45.4,SUBE
55028191658321,6829201931,YUNJAC Calming & Comforting Toner 150ml,YUNJAC,30.00,37.20,54.95,17.75,47.7,19.4,45.4,SUBE
55028191920465,6043312755,[Pyunkang Yul] Black Tea Deep Infusion Toner 130ml,Pyunkang Yul,30.00,37.20,54.95,17.75,47.7,19.4,45.4,SUBE
55028192018769,10218984774,coxir Intensive EGF Peptide Serum 50ml,coxir,30.00,37.20,54.95,17.75,47.7,19.4,45.4,SUBE
55028192215377,5028875387,heimish Bulgarian Rose Satin Cream 50ml,heimish,30.00,37.20,54.95,17.75,47.7,19.4,45.4,SUBE
55028192477521,4499503171,REJURAN Healer Nutritive Cream 50ml,REJURAN,30.00,37.20,54.95,17.75,47.7,19.4,45.4,SUBE
55028199719249,10609464389,Easydew DW-EGF Peptide Clear Sun Patch 4 Packs,Easydew,30.00,37.20,54.95,17.75,47.7,19.4,45.4,SUBE
55028204896593,3442225098,AMPLE:N 24K Gold Shot Ampoule 100ml,AMPLE:N,30.00,37.20,54.95,17.75,47.7,19.4,45.4,SUBE
55028205125969,9047039141,MIGUHARA Hyalucollagen Essence Origin 50ml,MIGUHARA,30.00,37.20,54.95,17.75,47.7,19.4,45.4,SUBE
55028205388113,6938350891,MIGUHARA Hyalucollagen Moisturizing Cream 50ml,MIGUHARA,30.00,37.20,54.95,17.75,47.7,19.4,45.4,SUBE
55028205584721,5079267403,d'Alba White Truffle Double Layer Revitalizing Serum 30ml,d'Alba,30.00,37.20,54.95,17.75,47.7,19.4,45.4,SUBE
55028206076241,4968521215,KAHI Wrinkle Bounce Skin Fit Blending Essence 30ml,KAHI,30.00,37.20,54.95,17.75,47.7,19.4,45.4,SUBE
55028206305617,9565123238,Dr.Jart+ Ceramidin Skin Barrier Moisturizing Milky Lotion 50ml,Dr.Jart+,30.00,37.20,54.95,17.75,47.7,19.4,45.4,SUBE
55028206567761,154843614,isoi Bulgarian Rose Intensive Energizing Cream EX 60ml,isoi,30.00,37.20,54.95,17.75,47.7,19.4,45.4,SUBE
55029255733585,12079880191,DERMALINE D'LEXO Collagen Gel Cream 100g,DERMALINE,30.00,37.20,54.95,17.75,47.7,19.4,45.4,SUBE
55029461582161,9138159154,Dr.Jart+ CICAPAIR SLEEPAIR INTENSIVE REPAIR NIGHT MASK 75ml,Dr.Jart+,30.00,37.20,54.95,17.75,47.7,19.4,45.4,SUBE
55029461713233,5543870897,JHP 139 GOLD COLLAGEN MASK 30 Sheets,JHP,30.00,37.20,54.95,17.75,47.7,19.4,45.4,SUBE
55029462729041,4954538223,Sulwhasoo Overnight Vitalizing Mask 120ml,Sulwhasoo,30.00,37.20,54.95,17.75,47.7,19.4,45.4,SUBE
55029501821265,11470848185,IOPE Retinol Serum In Gel Mask 30g*7ea,IOPE,30.00,37.20,54.95,17.75,47.7,19.4,45.4,SUBE
55033011175761,9030828790,tooq No More Bother Cleansing Water 500ml,tooq,30.00,37.20,54.95,17.75,47.7,19.4,45.4,SUBE
55033011241297,5093252549,belif Aqua Bomb Smart Cleansing Oil Balm 100ml,belif,30.00,37.20,54.95,17.75,47.7,19.4,45.4,SUBE
55033123373393,5117148946,YUNJAC Whole Plant Effect Cleansing Infusion 200ml,YUNJAC,30.00,37.20,54.95,17.75,47.7,19.4,45.4,SUBE
55033123930449,5073310412,YUNJAC Whole Plant Effect Daily Foam & Exfoliant 2g X 30ea,YUNJAC,30.00,37.20,54.95,17.75,47.7,19.4,45.4,SUBE
55033124225361,8529943270,YUNJAC Whole Plant Effect Daily Foam & Exfoliant 80g (Bottle),YUNJAC,30.00,37.20,54.95,17.75,47.7,19.4,45.4,SUBE
55033148703057,9177614436,HEVEBLUE Black Yuja Bean Milk Cleanser 290ml,HEVEBLUE,30.00,37.20,54.95,17.75,47.7,19.4,45.4,SUBE
55026993004881,11315717787,O HUI Meister For Men Moisturizing All‑In‑One Special Set (110ml+80ml),O HUI,31.00,38.44,55.95,17.51,45.6,19.4,44.6,SUBE
55028174422353,13232483461,TONYMOLY Snail PDRN Recovery Eye Cream 30ml,TONYMOLY,31.00,38.44,55.95,17.51,45.6,19.4,44.6,SUBE
55028207485265,9143481775,bravity Derma Green 5 Calming Elixir 40ml,bravity,31.00,38.44,55.95,17.51,45.6,19.4,44.6,SUBE
55028207616337,10939135830,belif Youth Creator Age Knockdown Barrier Emulsion 100ml,belif,31.00,38.44,55.95,17.51,45.6,19.4,44.6,SUBE
55028207944017,530834815,[THANK YOU FARMER] Miracle Age Repair Serum 60ml,THANK YOU FARMER,31.00,38.44,55.95,17.51,45.6,19.4,44.6,SUBE
55028208959825,5091852390,belif The True Cream Moisturizing Bomb 75ml,belif,31.00,38.44,55.95,17.51,45.6,19.4,44.6,SUBE
55029252260177,11042096709,DERMALINE Hydro Refresh Emulsion 200ml,DERMALINE,31.00,38.44,55.95,17.51,45.6,19.4,44.6,SUBE
55029461975377,336657600,isoi Acni Dr. 1st Speedy Mask 20ml x 10ea,isoi,31.00,38.44,55.95,17.51,45.6,19.4,44.6,SUBE
55032543248721,12026596653,MEDIHEAL Hyper Hyaluronate Gel Mask 34g X 10ea,MEDIHEAL,31.00,38.44,55.95,17.51,45.6,19.4,44.6,SUBE
55033011306833,5235426779,[The History of Whoo] CHEONGIDAN HWAHYUN Radiant Cleansing Foam 200ml,The History of Whoo,31.00,38.44,55.95,17.51,45.6,19.4,44.6,SUBE
55033156436305,11842623821,TROIAREUKE Seoul Oxygen Toning Cleanser 150ml,TROIAREUKE,31.00,38.44,55.95,17.51,45.6,19.4,44.6,SUBE
55026965512529,5036928403,Sulwhasoo Men Skin Strengthening Emulsion 90ml,Sulwhasoo,29.00,35.96,52.95,16.99,47.2,19.4,45.2,SUBE
55026994676049,6969701895,O HUI The First Geniture For Men Refreshing Cream 50ml,O HUI,29.00,35.96,52.95,16.99,47.2,19.4,45.2,SUBE
55028091519313,11230861640,SENNOK Body Lotion Soap Clean Soap 300ml,SENNOK,29.00,35.96,52.95,16.99,47.2,19.4,45.2,SUBE
55028091683153,11230914355,SENNOK Body Lotion Baby Blusher 300ml,SENNOK,29.00,35.96,52.95,16.99,47.2,19.4,45.2,SUBE
55028091978065,8570729882,SENNOK Body Lotion After Bath 300ml,SENNOK,29.00,35.96,52.95,16.99,47.2,19.4,45.2,SUBE
55028096139601,7138409733,Huxley Body Lotion 300ml #Blue Medina Tangerine,Huxley,29.00,35.96,52.95,16.99,47.2,19.4,45.2,SUBE
55028096205137,7138406237,Huxley Body Wash 300ml #Blue Medina Tangerine,Huxley,29.00,35.96,52.95,16.99,47.2,19.4,45.2,SUBE
55028102431057,11145700802,nutseline Super Nut Nourishing Balm 110ml,nutseline,29.00,35.96,52.95,16.99,47.2,19.4,45.2,SUBE
55028106461521,8046397584,Innisfree Black Tea Youth Enhancing Ampoule Special Set,innisfree,29.00,35.96,52.95,16.99,47.2,19.4,45.2,SUBE
55028186153297,11868232294,IOPE XMD STEM III Clinical Recovery Softener 130ml,IOPE,29.00,35.96,52.95,16.99,47.2,19.4,45.2,SUBE
55028186251601,11868238437,IOPE XMD STEM III Clinical Recovery Emulsion 130ml,IOPE,29.00,35.96,52.95,16.99,47.2,19.4,45.2,SUBE
55028186480977,11047879949,Huxley BioSIS 360 Cream 30ml,Huxley,29.00,35.96,52.95,16.99,47.2,19.4,45.2,SUBE
55028186546513,10352329098,YUNJAC Calming And Comforting Ampoule 40ml,YUNJAC,29.00,35.96,52.95,16.99,47.2,19.4,45.2,SUBE
55028186644817,5037202642,heimish Marine Care Deep Moisture Nourishing Melting Cream 55ml,heimish,29.00,35.96,52.95,16.99,47.2,19.4,45.2,SUBE
55028186743121,9658074365,heimish Marine Care Retinol For Face Serum 50ml,heimish,29.00,35.96,52.95,16.99,47.2,19.4,45.2,SUBE
55028188315985,Elizavecca630,Elizavecca Silky Creamy Donkey Steam Moisture Milky Cream 100g,Elizavecca,29.00,35.96,52.95,16.99,47.2,19.4,45.2,SUBE
55028188414289,10939122770,belif Youth Creator Age Knockdown Barrier Toner 120ml,belif,29.00,35.96,52.95,16.99,47.2,19.4,45.2,SUBE
55028188512593,5888207001,d'Alba White Truffle Double Serum & Cream 70g,d'Alba,29.00,35.96,52.95,16.99,47.2,19.4,45.2,SUBE
55028188741969,10840747857,Easydew DW-EGF CLEAR ZINC SOS SPOT 15ml,Easydew,29.00,35.96,52.95,16.99,47.2,19.4,45.2,SUBE
55028188807505,8745466422,REJURAN Biome Healer Youth Formula Cream 50ml,REJURAN,29.00,35.96,52.95,16.99,47.2,19.4,45.2,SUBE
55028188873041,378382853,MIGUHARA Hyalucollagen Moisturizer Origin 50ml,MIGUHARA,29.00,35.96,52.95,16.99,47.2,19.4,45.2,SUBE
55028188971345,9019961193,primera Organience Barrier Repair Seed Peptide Reserve Cream 50ml,primera,29.00,35.96,52.95,16.99,47.2,19.4,45.2,SUBE
55028189069649,8277343544,innisfree Perfect 9 Intensive Serum 50ml,innisfree,29.00,35.96,52.95,16.99,47.2,19.4,45.2,SUBE
55028189299025,9014057556,ODELOI Retinol Paeonia Skin Redness Relief Ampoule Fyldig 50ml,ODELOI,29.00,35.96,52.95,16.99,47.2,19.4,45.2,SUBE
55028189725009,8046019633,innisfree Black Tea Youth Enhancing Ampoule 50ml (Black Tea + Adenosine),innisfree,29.00,35.96,52.95,16.99,47.2,19.4,45.2,SUBE
55028189856081,#2206942666,[The History of Whoo] GONGJINHYANG Essential Moisturizing Balancer 150ml,The History of Whoo,29.00,35.96,52.95,16.99,47.2,19.4,45.2,SUBE
55028189987153,154843607,isoi Bulgarian Rose Waterfull Cream 50ml,isoi,29.00,35.96,52.95,16.99,47.2,19.4,45.2,SUBE
55029252063569,4994775141,DERMALINE Hydrating Moisture Dew 150ml,DERMALINE,29.00,35.96,52.95,16.99,47.2,19.4,45.2,SUBE
55029460697425,OHUI194,O HUI Extreme White Sleeping Mask 100ml,O HUI,29.00,35.96,52.95,16.99,47.2,19.4,45.2,SUBE
55029460762961,4758860781,d'Alba White Truffle Nourishing Treatment Mask 25ml X 20ea,d'Alba,29.00,35.96,52.95,16.99,47.2,19.4,45.2,SUBE
55033150013777,8402571997,bravity Daily Toning All-In-One Peeling Gel 200g,bravity,29.00,35.96,52.95,16.99,47.2,19.4,45.2,SUBE
55033170297169,11647886688,Dr.Groot Clinical Relief Scalp Conditioner 350ml,Dr.Groot,29.00,35.96,52.95,16.99,47.2,19.4,45.2,SUBE
55033170919761,11647883183,Dr.Groot Clinical Relief Spot Gel 80ml,Dr.Groot,29.00,35.96,52.95,16.99,47.2,19.4,45.2,SUBE
55033171083601,11647880136,Dr.Groot Clinical Relief Scaler 250ml,Dr.Groot,29.00,35.96,52.95,16.99,47.2,19.4,45.2,SUBE
55026991235409,11494686598,belif Manology Ultra Rescue On-The-Go Sun Stick SPF 50+ PA++++ 17g,belif,28.00,34.72,50.95,16.23,46.7,19.4,45.0,SUBE
55028053311825,8266400211,Dr.Ceuracle Cica Regen Waterproof Sun SPF50+ PA++++ 100ml,Dr.Ceuracle,28.00,34.72,50.95,16.23,46.7,19.4,45.0,SUBE
55028091421009,9255494674,SENNOK Blue Wave Body Oil 120ml,SENNOK,28.00,34.72,50.95,16.23,46.7,19.4,45.0,SUBE
55028092043601,8570348102,SENNOK Body Wash After Bath 300ml,SENNOK,28.00,34.72,50.95,16.23,46.7,19.4,45.0,SUBE
55028095877457,5117201951,YUNJAC Whole Plant Effect Essential Body Wash 250ml,YUNJAC,28.00,34.72,50.95,16.23,46.7,19.4,45.0,SUBE
55028103905617,CHAHONG292,CHAHONG Snug Calming Body & Hand Wash 300ml,CHAHONG,28.00,34.72,50.95,16.23,46.7,19.4,45.0,SUBE
55028106264913,6205154570,TONYMOLY Intense Care Gold 24K Snail 2 Set,TONYMOLY,28.00,34.72,50.95,16.23,46.7,19.4,45.0,SUBE
55028134281553,530848506,[THANK YOU FARMER] Miracle Age Repair Eye Cream 20g,THANK YOU FARMER,28.00,34.72,50.95,16.23,46.7,19.4,45.0,SUBE
55028183400785,10305704557,d'Alba Vita Toning Capsule Cream 55g,d'Alba,28.00,34.72,50.95,16.23,46.7,19.4,45.0,SUBE
55028183531857,11383509743,[MANYO FACTORY] Galactomy Melacore Essence 50ml,Manyo Factory,28.00,34.72,50.95,16.23,46.7,19.4,45.0,SUBE
55028183695697,6242710099,d'Alba White Truffle Moisturizing Cream 50g,d'Alba,28.00,34.72,50.95,16.23,46.7,19.4,45.0,SUBE
55028184023377,11047860856,Huxley BioSIS 360 Ampoule 30ml,Huxley,28.00,34.72,50.95,16.23,46.7,19.4,45.0,SUBE
55028184219985,5106291287,YUNJAC Skin Perfecting Protective Base Prep 40ml,YUNJAC,28.00,34.72,50.95,16.23,46.7,19.4,45.0,SUBE
55028184416593,10169515337,innisfree Green Tea Enzyme Vitamin C Brightening Serum 50ml,innisfree,28.00,34.72,50.95,16.23,46.7,19.4,45.0,SUBE
55028184613201,9924882662,Dr.Jart+ Cicapair Intensive Soothing Repair Milky Lotion 100ml,Dr.Jart+,28.00,34.72,50.95,16.23,46.7,19.4,45.0,SUBE
55028184777041,320611288,isoi Blemish Care Sleeping Pack 50ml,isoi,28.00,34.72,50.95,16.23,46.7,19.4,45.0,SUBE
55028185006417,5518520585,IOPE Bio Conditioning Essence 168ml,IOPE,28.00,34.72,50.95,16.23,46.7,19.4,45.0,SUBE
55028185137489,5067095940,HERA HYDRO REFLECTING TONER 170ml,HERA,28.00,34.72,50.95,16.23,46.7,19.4,45.0,SUBE
55028185334097,7783126536,O HUI MIRACLE TONING glow serum 50ml,O HUI,28.00,34.72,50.95,16.23,46.7,19.4,45.0,SUBE
55028185432401,5203626120,O HUI Miracle Aqua Essence 45ml,O HUI,28.00,34.72,50.95,16.23,46.7,19.4,45.0,SUBE
55028185629009,9924882662,Dr.Jart+ CICAPAIR MILKY LOTION MOISTURIZER 100ml,Dr.Jart+,28.00,34.72,50.95,16.23,46.7,19.4,45.0,SUBE
55028185727313,5067098118,HERA HYDRO REFLECTING FLUID 140ml,HERA,28.00,34.72,50.95,16.23,46.7,19.4,45.0,SUBE
55028185891153,2234276614,Huxley Oil ; Light and More 30ml,Huxley,28.00,34.72,50.95,16.23,46.7,19.4,45.0,SUBE
55028185956689,5087986486,belif Numero 10 Essence 125ml,belif,28.00,34.72,50.95,16.23,46.7,19.4,45.0,SUBE
55028186087761,5890093165,belif THE TRUE CREAM AQUA BOMB 50ml,belif,28.00,34.72,50.95,16.23,46.7,19.4,45.0,SUBE
55029237383505,12664249816,Dr.Melaxin TX Astaxanthin Triple Jelly Serum 30ml,Dr.Melaxin,28.00,34.72,50.95,16.23,46.7,19.4,45.0,SUBE
55029460566353,Elizavecca901,Elizavecca Hell-Pore Longolongo Gronique Diamond Mask Pack 100ml,Elizavecca,28.00,34.72,50.95,16.23,46.7,19.4,45.0,SUBE
55029460926801,5114282170,Sulwhasoo Clarifying Mask 120ml,Sulwhasoo,28.00,34.72,50.95,16.23,46.7,19.4,45.0,SUBE
55032541086033,12465302837,REJURAN Ampoule Infused Lifting Mask 28g X 4ea,REJURAN,28.00,34.72,50.95,16.23,46.7,19.4,45.0,SUBE
55033011077457,5225927673,[The History of Whoo] GONGJINHYANG SEOL Brightening Peeling Gel 100ml,The History of Whoo,28.00,34.72,50.95,16.23,46.7,19.4,45.0,SUBE
55028054065489,5073282233,YUNJAC Babyhood Mineral Based Sun Protection SPF43 PA+++ 50ml,YUNJAC,27.00,33.48,48.95,15.47,46.2,19.4,44.8,SUBE
55028077494609,12133971766,TROIAREUKE Seoul Ectoin Tone-Up Sun Serum SPF50+ PA++++ 50ml,TROIAREUKE,27.00,33.48,48.95,15.47,46.2,19.4,44.8,SUBE
55028106592593,8273810835,Innisfree Black Tea Youth Enhancing Skincare Set,innisfree,27.00,33.48,48.95,15.47,46.2,19.4,44.8,SUBE
55028162232657,7076391452,SKINFOOD Gold Caviar Collagen Plus Eye Cream 30g,SKINFOOD,27.00,33.48,48.95,15.47,46.2,19.4,44.8,SUBE
55028178551121,7784665794,nutseline Super Nut Cream Ampoule 150ml,nutseline,27.00,33.48,48.95,15.47,46.2,19.4,44.8,SUBE
55028178714961,6795813732,d'Alba White Truffle Refresh Aqua Serum (Moisturizing & Cooling) 100ml,d'Alba,27.00,33.48,48.95,15.47,46.2,19.4,44.8,SUBE
55028178878801,PURCELL107,PURCELL Pixcell Biom After Rebooting Cream 50ml,PURCELL,27.00,33.48,48.95,15.47,46.2,19.4,44.8,SUBE
55028178977105,12271638557,NEOGEN Agecure One Minute Wrinkle Lift Cream 3ml X 4ea,NEOGEN,27.00,33.48,48.95,15.47,46.2,19.4,44.8,SUBE
55028179108177,10842808385-100,[DEAR DAHLIA] Endless Skin Cream Mist 100ml,DEAR DAHLIA,27.00,33.48,48.95,15.47,46.2,19.4,44.8,SUBE
55028179239249,5735939463,Dr.G Revital Enhancer EGF Ageless Cream 50ml,Dr.G,27.00,33.48,48.95,15.47,46.2,19.4,44.8,SUBE
55028179435857,401187109,[Pyunkang Yul] Balancing Gel 100ml,Pyunkang Yul,27.00,33.48,48.95,15.47,46.2,19.4,44.8,SUBE
55028181270865,11126245688,innisfree Green Tea Seed Hyaluronic Serum 130ml,innisfree,27.00,33.48,48.95,15.47,46.2,19.4,44.8,SUBE
55028181467473,9468728762,Easydew Barrier Repair Cream 105ml,Easydew,27.00,33.48,48.95,15.47,46.2,19.4,44.8,SUBE
55028181598545,9908722554,su:m37 Fermentalift Moisturizing Emulsion 130ml,su:m37,27.00,33.48,48.95,15.47,46.2,19.4,44.8,SUBE
55028181762385,8899371967,primera Organience Barrier Repair Seed Peptide Reserve Serum 30ml,primera,27.00,33.48,48.95,15.47,46.2,19.4,44.8,SUBE
55028181893457,8090246467,ODELOI Carnosine Lifting Serum Luftig 50ml,ODELOI,27.00,33.48,48.95,15.47,46.2,19.4,44.8,SUBE
55028181991761,6475106014,MISSHA CHOGONGJIN SULBON JIN DARK SPOT CORRECTING CREAM 60ml,MISSHA,27.00,33.48,48.95,15.47,46.2,19.4,44.8,SUBE
55028182122833,6455286918,MISSHA CHOGONGJIN GEUMSUL JIN BOOSTING ESSENCE 90ml,MISSHA,27.00,33.48,48.95,15.47,46.2,19.4,44.8,SUBE
55028182286673,184551173,isoi Bulgarian Rose Pore Tightening Fresh Gel Cream 50ml,isoi,27.00,33.48,48.95,15.47,46.2,19.4,44.8,SUBE
55028182450513,217376048,isoi Bulgarian Rose Whitening Laser Spot 20ml,isoi,27.00,33.48,48.95,15.47,46.2,19.4,44.8,SUBE
55028182647121,5201972693,O HUI PRIME ADVANCER skin softener 150ml,O HUI,27.00,33.48,48.95,15.47,46.2,19.4,44.8,SUBE
55028182843729,530842212,[THANK YOU FARMER] Miracle Age Repair Cream 50ml,THANK YOU FARMER,27.00,33.48,48.95,15.47,46.2,19.4,44.8,SUBE
55028183007569,234269902,isoi Bulgarian Rose Pore Tightening Control Serum 50ml,isoi,27.00,33.48,48.95,15.47,46.2,19.4,44.8,SUBE
55028183171409,2668176777,isoi Bulgarian Rose Intensive Lifting Serum 35ml,isoi,27.00,33.48,48.95,15.47,46.2,19.4,44.8,SUBE
55028183269713,2234276615,"Huxley Oil Essence ; Essence-like, Oil-like 30ml",Huxley,27.00,33.48,48.95,15.47,46.2,19.4,44.8,SUBE
55029250031953,11034692170,DERMALINE Hydro Refresh Toner 200ml,DERMALINE,27.00,33.48,48.95,15.47,46.2,19.4,44.8,SUBE
55029254291793,4867474216,DERMALINE PDRN Solution Activing Toner 200ml,DERMALINE,27.00,33.48,48.95,15.47,46.2,19.4,44.8,SUBE
55029254553937,4904479105,DERMALINE PDRN Solution Activating Emulsion 200ml,DERMALINE,27.00,33.48,48.95,15.47,46.2,19.4,44.8,SUBE
55029460304209,10865990867,primera Vitatinol Serum Mega-Shot Gel Mask Sheet 34g X 5ea,primera,27.00,33.48,48.95,15.47,46.2,19.4,44.8,SUBE
55029460402513,154843617,isoi Bulgarian Rose Intensive Lifting Mask Pack 50ml,isoi,27.00,33.48,48.95,15.47,46.2,19.4,44.8,SUBE
55029460500817,4926388876,[One-day's you] Oh! So Cool Calming Mask 25ml x 10ea,One-day's you,27.00,33.48,48.95,15.47,46.2,19.4,44.8,SUBE
55029527150929,11364460052,MEDIPEEL Cell Toxing Dermajours Black Truffle Repair Mask 30ml X 5ea,MEDIPEEL,27.00,33.48,48.95,15.47,46.2,19.4,44.8,SUBE
55032546754897,10747071994,MEDIHEAL Derma Seal Mask Retinol Collagen 28ml X 10ea,MEDIHEAL,27.00,33.48,48.95,15.47,46.2,19.4,44.8,SUBE
55033010913617,9455105576,Easydew Barrier Repair Cleanser 150ml,Easydew,27.00,33.48,48.95,15.47,46.2,19.4,44.8,SUBE
55033011011921,2145251108,[YURI PIBU] Grante Cleansing Oil 300ml + 300ml,YURI PIBU,27.00,33.48,48.95,15.47,46.2,19.4,44.8,SUBE
55033615417681,9688432,ATOPALM MLE Baby Lotion 300ml,ATOPALM,27.00,33.48,48.95,15.47,46.2,19.4,44.8,SUBE
55026988286289,12053776486,belif Manology Protective Ectoin Emulsion 125ml,belif,25.00,31.00,45.95,14.95,48.2,19.4,45.6,SUBE
55026993758545,12071219744,O HUI Meister for Men Fresh 3pcs Special Set,O HUI,25.00,31.00,45.95,14.95,48.2,19.4,45.6,SUBE
55027028525393,6473525470,MISSHA Chogongjin Sulbon Jin Tone Up Sun Cream 50ml,MISSHA,25.00,31.00,45.95,14.95,48.2,19.4,45.6,SUBE
55027167002961,7889811808,HERA UV PROTECTOR MULTI-DEFENSE FRESH SPF50+/PA++++ 50ml,HERA,25.00,31.00,45.95,14.95,48.2,19.4,45.6,SUBE
55027172409681,6204726230,HERA UV PROTECTOR MULTI-DEFENSE SPF50+ / PA++++ 50ml,HERA,25.00,31.00,45.95,14.95,48.2,19.4,45.6,SUBE
55027217858897,8496027961,REJURAN SUNSCREEN 50ml SPF50+ PA+++,REJURAN,25.00,31.00,45.95,14.95,48.2,19.4,45.6,SUBE
55028058947921,10048129435-50,REJURAN Water Capsule Sun Serum SPF50+ PA+++ 40ml,REJURAN,25.00,31.00,45.95,14.95,48.2,19.4,45.6,SUBE
55028076544337,12995130121,HERA UV Protector Tone-Up SPF50+ PA++++ 50ml #Lavender,HERA,25.00,31.00,45.95,14.95,48.2,19.4,45.6,SUBE
55028080968017,5545930797,Dr.FORHAIR Folligen Plus Shampoo SET 500ml x 2P + 100ml,Dr.FORHAIR,25.00,31.00,45.95,14.95,48.2,19.4,45.6,SUBE
55028084146513,8709145506,CHAHONG Snug Calming Body Lotion 250ml,CHAHONG,25.00,31.00,45.95,14.95,48.2,19.4,45.6,SUBE
55028090339665,6576555417,belif Off Body Lotion 250ml (2-type),belif,25.00,31.00,45.95,14.95,48.2,19.4,45.6,SUBE
55028090372433,6576555417,belif Off Body Lotion 250ml (2-type),belif,25.00,31.00,45.95,14.95,48.2,19.4,45.6,SUBE
55028092141905,10562181025,AROMATICA Circulating Massage Cream Juniper Berry & Lemon 100ml,AROMATICA,25.00,31.00,45.95,14.95,48.2,19.4,45.6,SUBE
55028102562129,10528811735,nutseline Cica Nut Calming Balm 110ml,nutseline,25.00,31.00,45.95,14.95,48.2,19.4,45.6,SUBE
55028102857041,7789455772,nutseline Super Nut All In One Milk 300ml,nutseline,25.00,31.00,45.95,14.95,48.2,19.4,45.6,SUBE
55028105871697,4749008592,TONYMOLY Premium RX Swallow Nest Essence 55ml + Eye Cream 30ml x 2p Set,TONYMOLY,25.00,31.00,45.95,14.95,48.2,19.4,45.6,SUBE
55028109050193,4946807282,CHAHONG Snug Calming Hand Wash 300ml,CHAHONG,25.00,31.00,45.95,14.95,48.2,19.4,45.6,SUBE
55028151320913,8495796391,REJURAN Healing Eye Gel 15ml,REJURAN,25.00,31.00,45.95,14.95,48.2,19.4,45.6,SUBE
55028167311697,9126388712,AESTURA REGEDERM 365 INTENSIVE LIFTING CAPSULE CREAM 50ml,AESTURA,25.00,31.00,45.95,14.95,48.2,19.4,45.6,SUBE
55029221785937,7025112904,primera VITA TINOL SERUM 30g,primera,25.00,31.00,45.95,14.95,48.2,19.4,45.6,SUBE
55029236367697,12474624376,Dr.Melaxin Peel Shot Glow White Rice Serum 30ml,Dr.Melaxin,25.00,31.00,45.95,14.95,48.2,19.4,45.6,SUBE
55029236793681,10909743145,Dr.Melaxin Necklinephalt Neck Cream 20ml,Dr.Melaxin,25.00,31.00,45.95,14.95,48.2,19.4,45.6,SUBE
55029264777553,8789774270,CNP Mugener Phyto Soothing Ampule 35ml+35ml,CNP,25.00,31.00,45.95,14.95,48.2,19.4,45.6,SUBE
55029458207057,4770859324,JHP 139 DERMA REPAIR MASK 30 Sheets,JHP,25.00,31.00,45.95,14.95,48.2,19.4,45.6,SUBE
55029458305361,4622869036,JHP 139 HYALURONIC ACID MASK 30 Sheets,JHP,25.00,31.00,45.95,14.95,48.2,19.4,45.6,SUBE
55029458469201,4967925169-,JHP 139 TEA-TREE CARE SOLUTION MASK 30 Sheets,JHP,25.00,31.00,45.95,14.95,48.2,19.4,45.6,SUBE
55029459157329,9988084731,IOPE Skin Booster Ampoule Peel Pad 3.5ml 8ea,IOPE,25.00,31.00,45.95,14.95,48.2,19.4,45.6,SUBE
55029459288401,4622866562,JHP 139 COLLAGEN IMPACT MASK 30 Sheets,JHP,25.00,31.00,45.95,14.95,48.2,19.4,45.6,SUBE
55029459681617,2207012796,DEWYCEL Private Care Mask 10set,DEWYCEL,25.00,31.00,45.95,14.95,48.2,19.4,45.6,SUBE
55029465776465,5819963138,[Pyunkang Yul] Calming Mask Pack 25ml*30 Sheets,Pyunkang Yul,25.00,31.00,45.95,14.95,48.2,19.4,45.6,SUBE
55029496938833,10759452960,NEOGEN SUR.MEDIC Super Hyaluronic 100 Aqua Mask 30g X 10ea,NEOGEN,25.00,31.00,45.95,14.95,48.2,19.4,45.6,SUBE
55032532894033,11493690438,Parnell Niacinamide Rice Brightening Wash Off Pack 100ml,Parnell,25.00,31.00,45.95,14.95,48.2,19.4,45.6,SUBE
55032536367441,9763421988,HEVEBLUE Black Yuja Bean Makeup Spa Mask Pack 23ml X 10ea,HEVEBLUE,25.00,31.00,45.95,14.95,48.2,19.4,45.6,SUBE
55033010848081,10840759249,Easydew DW-EGF CLEAR BHA Cleanser 100ml,Easydew,25.00,31.00,45.95,14.95,48.2,19.4,45.6,SUBE
55033148899665,12083871746,HEVEBLUE Phyton Squa Hyal Blue Cleansing Balm 100ml,HEVEBLUE,25.00,31.00,45.95,14.95,48.2,19.4,45.6,SUBE
55033148997969,12210894737,HEVEBLUE Red Bean Pore-Tightening Peptamin Podo Chaltteok Cleansing Foam 100ml,HEVEBLUE,25.00,31.00,45.95,14.95,48.2,19.4,45.6,SUBE
55033159024977,5592617924,ROOTON Alpha Erguen Shampoo 500ml,ROOTON,25.00,31.00,45.95,14.95,48.2,19.4,45.6,SUBE
55033169838417,8430397205,Huxley Moisture Shampoo 300ml #Moroccan Gardener,Huxley,25.00,31.00,45.95,14.95,48.2,19.4,45.6,SUBE
55033179701585,6965853486,Dr.Groot Microbiome Beer Yeast Shampoo 400ml,Dr.Groot,25.00,31.00,45.95,14.95,48.2,19.4,45.6,SUBE
55033661620561,13518251801,3CE Multi Eye Color Palette The Textile 8g (9colors),3CE,25.00,31.00,45.95,14.95,48.2,19.4,45.6,SUBE
55033661653329,13518251801,3CE Multi Eye Color Palette The Textile 8g (9colors),3CE,25.00,31.00,45.95,14.95,48.2,19.4,45.6,SUBE
55033661686097,13518251801,3CE Multi Eye Color Palette The Textile 8g (9colors),3CE,25.00,31.00,45.95,14.95,48.2,19.4,45.6,SUBE
55033661718865,13518251801,3CE Multi Eye Color Palette The Textile 8g (9colors),3CE,25.00,31.00,45.95,14.95,48.2,19.4,45.6,SUBE
55033661751633,13518251801,3CE Multi Eye Color Palette The Textile 8g (9colors),3CE,25.00,31.00,45.95,14.95,48.2,19.4,45.6,SUBE
55033661784401,13518251801,3CE Multi Eye Color Palette The Textile 8g (9colors),3CE,25.00,31.00,45.95,14.95,48.2,19.4,45.6,SUBE
55033661817169,13518251801,3CE Multi Eye Color Palette The Textile 8g (9colors),3CE,25.00,31.00,45.95,14.95,48.2,19.4,45.6,SUBE
55033661849937,13518251801,3CE Multi Eye Color Palette The Textile 8g (9colors),3CE,25.00,31.00,45.95,14.95,48.2,19.4,45.6,SUBE
55033661882705,13518251801,3CE Multi Eye Color Palette The Textile 8g (9colors),3CE,25.00,31.00,45.95,14.95,48.2,19.4,45.6,SUBE
55027192889681,10366409787,belif UV Protector Aqua Bomb Sun Serum AD 50ml (SPF50+/PA++++),belif,26.00,32.24,46.95,14.71,45.6,19.4,44.6,SUBE
55028121305425,9911113680,Sulwhasoo Glowing Lip Balm 3g,Sulwhasoo,26.00,32.24,46.95,14.71,45.6,19.4,44.6,SUBE
55028121338193,9911113680,Sulwhasoo Glowing Lip Balm 3g,Sulwhasoo,26.00,32.24,46.95,14.71,45.6,19.4,44.6,SUBE
55028175044945,Elizavecca979,Elizavecca Hwa Yu Hong Flower Essence Lotion 200ml,Elizavecca,26.00,32.24,46.95,14.71,45.6,19.4,44.6,SUBE
55028175143249,Elizavecca416,Elizavecca Hyaluronic Acid Pure 100 200ml,Elizavecca,26.00,32.24,46.95,14.71,45.6,19.4,44.6,SUBE
55028175241553,10898867507,Dr.G R.E.D BLEMISH Repair Soothing Cream 50ml,Dr.G,26.00,32.24,46.95,14.71,45.6,19.4,44.6,SUBE
55028175339857,8565624279,papa recipe Mild Derma Ectoin 1% Cream 150ml,papa recipe,26.00,32.24,46.95,14.71,45.6,19.4,44.6,SUBE
55028175503697,9134496215,FATION Nosca9 Trouble Toning Repair Cream 70ml,FATION,26.00,32.24,46.95,14.71,45.6,19.4,44.6,SUBE
55028175667537,9046941969,MIGUHARA Hyalucollagen Moisture Toner Origin 120ml,MIGUHARA,26.00,32.24,46.95,14.71,45.6,19.4,44.6,SUBE
55028176453969,9546090807,[THANK YOU FARMER] Bakuvita Revitalizing Ampoule 50ml,THANK YOU FARMER,26.00,32.24,46.95,14.71,45.6,19.4,44.6,SUBE
55028176650577,265394075,isoi Blemish Care Up Cream 55ml,isoi,26.00,32.24,46.95,14.71,45.6,19.4,44.6,SUBE
55028177011025,7060432766,IOPE PDRN Caffeine Shot Ampoule 30ml,IOPE,26.00,32.24,46.95,14.71,45.6,19.4,44.6,SUBE
55028177469777,6545695403,JUNGSAEMMOOL Essential Mool Cream Light 50ml,JUNGSAEMMOOL,26.00,32.24,46.95,14.71,45.6,19.4,44.6,SUBE
55028177797457,8277362627,innisfree Perfect 9 Intensive Cream 60ml,innisfree,26.00,32.24,46.95,14.71,45.6,19.4,44.6,SUBE
55028177961297,8325540780,d’Alba White Truffle Purifying Calming Serum 150ml,d'Alba,26.00,32.24,46.95,14.71,45.6,19.4,44.6,SUBE
55028178092369,10064635231,AHC Colla-Juvenation Lift 4 Treatment Essence 130ml,AHC,26.00,32.24,46.95,14.71,45.6,19.4,44.6,SUBE
55028178256209,343725343,isoi Bulgarian Rose MoisturiZIP 45ml,isoi,26.00,32.24,46.95,14.71,45.6,19.4,44.6,SUBE
55028178452817,5087963329,belif Hungarian Water Essence - Moisture Binder 75ml,belif,26.00,32.24,46.95,14.71,45.6,19.4,44.6,SUBE
55029459779921,4618775759,isoi Bulgarian Rose Refresh Mask 80g,isoi,26.00,32.24,46.95,14.71,45.6,19.4,44.6,SUBE
55029459845457,5881879967,REJURAN Healer Perfect Healing V Tighter 20g X 4ea,REJURAN,26.00,32.24,46.95,14.71,45.6,19.4,44.6,SUBE
55029459976529,4743011715,Huxley Mask ; Glow and Brightness 25ml 5P,Huxley,26.00,32.24,46.95,14.71,45.6,19.4,44.6,SUBE
55029460107601,154843608,isoi Bulgarian Rose Pore Tightening Clay Pack 100ml,isoi,26.00,32.24,46.95,14.71,45.6,19.4,44.6,SUBE
55029521252689,10829362447,It'S SKIN Prestige Intense Firming Snail Collagen Gel Mask 30g X 10ea,It'S SKIN,26.00,32.24,46.95,14.71,45.6,19.4,44.6,SUBE
55029523120465,10829333580,It'S SKIN Prestige Intense Calming Tea Tree Cica Gel Mask 30g X 10ea,It'S SKIN,26.00,32.24,46.95,14.71,45.6,19.4,44.6,SUBE
55032551047505,11983780143,MEDIHEAL Hyper Collagen Gel Mask 35ml X 10ea,MEDIHEAL,26.00,32.24,46.95,14.71,45.6,19.4,44.6,SUBE
55033168560465,11533268458,Dr.Groot Microbiome Ampoule Treatment 250ml,Dr.Groot,26.00,32.24,46.95,14.71,45.6,19.4,44.6,SUBE
55033168757073,11533280934,Dr.Groot Microbiome Anti-Aging Tonic 150ml,Dr.Groot,26.00,32.24,46.95,14.71,45.6,19.4,44.6,SUBE
55033171149137,11647875252,Dr.Groot Clinical Relief Scalp Shampoo 350ml,Dr.Groot,26.00,32.24,46.95,14.71,45.6,19.4,44.6,SUBE
55033197232465,A000000254191,[mise en scene] Salon 10 Peptide Repair Treatment 990ml,mise en scene,19.00,20.56,34.95,14.39,70.0,7.6,45.6,SUBE
55027027542353,4469108369,[THANK YOU FARMER] Safe Sun Fluid Age 0880 100ml,THANK YOU FARMER,24.00,29.76,43.95,14.19,47.7,19.4,45.4,SUBE
55027167887697,5203668030,O HUI Day Shield Perfect Sun Black SPF50+ / PA++++ 50ml,O HUI,24.00,29.76,43.95,14.19,47.7,19.4,45.4,SUBE
55027193577809,10257699454,IOPE UV shield Sun Ampoule SPF50+ PA+++ 40ml,IOPE,24.00,29.76,43.95,14.19,47.7,19.4,45.4,SUBE
55028064518481,10532466749,9wishes VB Tone-Up Sun Cream Signature SPF50+ PA++++ 50ml,9wishes,24.00,29.76,43.95,14.19,47.7,19.4,45.4,SUBE
55028072644945,10957117357,HEVEBLUE Makeup Pro Ecto Namu Tone Up Sun Base SPF50+ PA++++ 60ml,HEVEBLUE,24.00,29.76,43.95,14.19,47.7,19.4,45.4,SUBE
55028073562449,12148154189,bravity Calming STEMCELL Sunscreen SPF50+ PA++++ 40ml,bravity,24.00,29.76,43.95,14.19,47.7,19.4,45.4,SUBE
55028084900177,10198393859,ROOTON Manantio Body Cleanser 300ml,ROOTON,24.00,29.76,43.95,14.19,47.7,19.4,45.4,SUBE
55028090077521,10045243758,[Pyunkang Yul] Body Lotion Dancheong 350ml,Pyunkang Yul,24.00,29.76,43.95,14.19,47.7,19.4,45.4,SUBE
55028096074065,10824362774,Huxley Body Scrub 250ml #Moroccan Gardener,Huxley,24.00,29.76,43.95,14.19,47.7,19.4,45.4,SUBE
55028102168913,12248611008,nutseline Aroma Nut Slim Fit Body GuaSha Serum 60ml,nutseline,24.00,29.76,43.95,14.19,47.7,19.4,45.4,SUBE
55028107608401,4731358500,Huxley Hand Cream Trio 30ml x 3ea SET,Huxley,24.00,29.76,43.95,14.19,47.7,19.4,45.4,SUBE
55028159676753,11102019822,belif Aqua Bomb Eye Gel 15ml,belif,24.00,29.76,43.95,14.19,47.7,19.4,45.4,SUBE
55029224374609,11609490871,heimish RX Multi Vitamin Glow Serum 35ml,heimish,24.00,29.76,43.95,14.19,47.7,19.4,45.4,SUBE
55029226013009,11609517437,heimish RX Retinol Bakuchiol Booster Oil 35ml,heimish,24.00,29.76,43.95,14.19,47.7,19.4,45.4,SUBE
55029228142929,11609465922,heimish RX AHA BHA Peeling Serum 35ml,heimish,24.00,29.76,43.95,14.19,47.7,19.4,45.4,SUBE
55029228929361,11609507261,heimish RX Hyaluronic Acid 2% Hydrating Serum 35ml,heimish,24.00,29.76,43.95,14.19,47.7,19.4,45.4,SUBE
55029236203857,10598221109,Dr.Melaxin Cemenrete Cyano Pink Spicule Serum 30ml,Dr.Melaxin,24.00,29.76,43.95,14.19,47.7,19.4,45.4,SUBE
55029458108753,297307113,isoi Bulgarian Rose Blemish Care Mask 20ml x 10ea,isoi,24.00,29.76,43.95,14.19,47.7,19.4,45.4,SUBE
55029508800849,11793658583,Dr.G RED BLEMISH HYAL CICA Cooling Gel Mask 27g X 10ea,Dr.G,24.00,29.76,43.95,14.19,47.7,19.4,45.4,SUBE
55029512405329,4951455171,Dr.G Royal Black Snail Cream Mask 16g X 10ea,Dr.G,24.00,29.76,43.95,14.19,47.7,19.4,45.4,SUBE
55029527380305,12071168604,O HUI Age Recovery Wrinkle Collagen Wrapping Mask 70ml,O HUI,24.00,29.76,43.95,14.19,47.7,19.4,45.4,SUBE
55032535548241,11631614275,HEVEBLUE Salmon Caring Centella Green Mask Pack 25ml X 7ea,HEVEBLUE,24.00,29.76,43.95,14.19,47.7,19.4,45.4,SUBE
55033010422097,6072805503,make p:rem Safe Me. Relief Moisture Cleansing Milk 500ml,make p:rem,24.00,29.76,43.95,14.19,47.7,19.4,45.4,SUBE
55033010520401,4953995550,Sulwhasoo Gentle Cleansing Oil 200ml,Sulwhasoo,24.00,29.76,43.95,14.19,47.7,19.4,45.4,SUBE
55033010618705,,[YURI PIBU] Bifida Cleansing Oil 300ml + 300ml,YURI PIBU,24.00,29.76,43.95,14.19,47.7,19.4,45.4,SUBE
55033010684241,5092098129,belif Cleansing Herb Water 300ml,belif,24.00,29.76,43.95,14.19,47.7,19.4,45.4,SUBE
55033010749777,5093153656,belif Aqua Bomb Jelly Cleanser 160ml,belif,24.00,29.76,43.95,14.19,47.7,19.4,45.4,SUBE
55033060426065,9595954436,ilso Super Melting Sebum Softener Special Set,ilso,24.00,29.76,43.95,14.19,47.7,19.4,45.4,SUBE
55033148604753,7779430799,HEVEBLUE Salmon Caring Centella Bubble Cleanser 200ml,HEVEBLUE,24.00,29.76,43.95,14.19,47.7,19.4,45.4,SUBE
55033149325649,12442365409,bravity Daily NMN Lacto Collagen Cleansing Foam 200g,bravity,24.00,29.76,43.95,14.19,47.7,19.4,45.4,SUBE
55033168331089,11533210468,Dr.Groot Bio Exosome Scalp Hair Loss Total Care Conditioner 400ml,Dr.Groot,24.00,29.76,43.95,14.19,47.7,19.4,45.4,SUBE
55033171214673,11581521524,Dr.Groot Density Care Shampoo Pear & Freesia 400ml,Dr.Groot,24.00,29.76,43.95,14.19,47.7,19.4,45.4,SUBE
55033192743249,12683270864,Dr.Groot MICROBIOME BIOEXOSOME Shampoo 330ml,Dr.Groot,24.00,29.76,43.95,14.19,47.7,19.4,45.4,SUBE
55033200542033,6805527445,OBgE Natural Cover Foundation SPF50+ PA++++ 13g (3colors),OBgE,24.00,29.76,43.95,14.19,47.7,19.4,45.4,SUBE
55033200574801,6805527445,OBgE Natural Cover Foundation SPF50+ PA++++ 13g (3colors),OBgE,24.00,29.76,43.95,14.19,47.7,19.4,45.4,SUBE
55033200607569,6805527445,OBgE Natural Cover Foundation SPF50+ PA++++ 13g (3colors),OBgE,24.00,29.76,43.95,14.19,47.7,19.4,45.4,SUBE
55033623052625,5528937153,belif Happy Bo Soothing Cream 150ml,belif,24.00,29.76,43.95,14.19,47.7,19.4,45.4,SUBE
55026975998289,5294503440,d'Alba White Truffle Balancing Water Cream 50ml,d'Alba,23.00,28.52,41.95,13.43,47.1,19.4,45.2,SUBE
55027029147985,5093131677,belif UV Protector Leports Waterproof (SPF50+/PA++++) 80ml,belif,23.00,28.52,41.95,13.43,47.1,19.4,45.2,SUBE
55027170148689,6204724956,HERA UV PROTECTOR TONE-UP SPF50+ / PA++++ 50ml,HERA,23.00,28.52,41.95,13.43,47.1,19.4,45.2,SUBE
55028048036177,8496284462,d'Alba Waterfull Tone-Up Sun Cushion 15g SPF50+/PA++++,d'Alba,23.00,28.52,41.95,13.43,47.1,19.4,45.2,SUBE
55028075823441,209917,ZEROID Daily Sun Cream SPF50+ PA++++ 50ml,ZEROID,23.00,28.52,41.95,13.43,47.1,19.4,45.2,SUBE
55028076609873,6204724956,HERA UV Protector Tone-Up SPF50+ PA++++ 50ml #Peach,HERA,23.00,28.52,41.95,13.43,47.1,19.4,45.2,SUBE
55028100202833,10196864147,HERA ZEAL BLOOMING PERFUMED BODY LOTION 230ml,HERA,23.00,28.52,41.95,13.43,47.1,19.4,45.2,SUBE
55028102005073,11415147485,nutseline Aroma Nut Gray Body Mist 130ml,nutseline,23.00,28.52,41.95,13.43,47.1,19.4,45.2,SUBE
55028103020881,9564651160,nutseline Aroma Nut Firming Balm 50ml,nutseline,23.00,28.52,41.95,13.43,47.1,19.4,45.2,SUBE
55028105740625,11870104559,Scentlier Orange Blossom Body Wash 320ml,Scentlier,23.00,28.52,41.95,13.43,47.1,19.4,45.2,SUBE
55028105937233,swanicoco Herb Snail Basic Set Skin Toner + Emulsion,swanicoco Herb Snail Basic Set Skin Toner + Emulsion,swanicoco,23.00,28.52,41.95,13.43,47.1,19.4,45.2,SUBE
55029235220817,10598194532,Dr.Melaxin Cemenrete Cyano Pink Spicule Cream 50ml,Dr.Melaxin,23.00,28.52,41.95,13.43,47.1,19.4,45.2,SUBE
55029237514577,12492772567,primera Vita-tinol Intense Bouncy Lifty Mask-Cream 30ml,primera,23.00,28.52,41.95,13.43,47.1,19.4,45.2,SUBE
55029457813841,Elizavecca528,Elizavecca Milky Piggy Herb Soul Hydro Aqua Jella Pack 250ml,Elizavecca,23.00,28.52,41.95,13.43,47.1,19.4,45.2,SUBE
55029464170833,Elizavecca950,Elizavecca Witch Piggy Hell Black Solution Bubble Serum Mask Pack 28g*5pcs,Elizavecca,23.00,28.52,41.95,13.43,47.1,19.4,45.2,SUBE
55029497266513,10527561099,MISSHA 24K Prime Gold Collagen Hydrogel Mask 32g x 5ea,MISSHA,23.00,28.52,41.95,13.43,47.1,19.4,45.2,SUBE
55032535646545,10950202100,HEVEBLUE Pot Pore Peptamin Wash Off Pack 100g,HEVEBLUE,23.00,28.52,41.95,13.43,47.1,19.4,45.2,SUBE
55032535974225,9595051549,molvany Mugwort Heating Therapy Pack 100g,molvany,23.00,28.52,41.95,13.43,47.1,19.4,45.2,SUBE
55033148801361,10445272097,HEVEBLUE Salmon Caring Centella Light Cleansing Oil 250ml,HEVEBLUE,23.00,28.52,41.95,13.43,47.1,19.4,45.2,SUBE
55033150308689,11232564554,nutseline Aroma Nut Gray Scrub 200g,nutseline,23.00,28.52,41.95,13.43,47.1,19.4,45.2,SUBE
55033165480273,5266281530,d'Alba Professional Repairing Hair Perfume Serum 100ml,d'Alba,23.00,28.52,41.95,13.43,47.1,19.4,45.2,SUBE
55033179963729,11764450802,AMUSE Hair Perfume Mist 30ml (3 Types),AMUSE,23.00,28.52,41.95,13.43,47.1,19.4,45.2,SUBE
55033179996497,11764450802,AMUSE Hair Perfume Mist 30ml (3 Types),AMUSE,23.00,28.52,41.95,13.43,47.1,19.4,45.2,SUBE
55033180029265,11764450802,AMUSE Hair Perfume Mist 30ml (3 Types),AMUSE,23.00,28.52,41.95,13.43,47.1,19.4,45.2,SUBE
55033192972625,12896547636,GRAFEN Collagen Volume Ampoule 100ml,GRAFEN,23.00,28.52,41.95,13.43,47.1,19.4,45.2,SUBE
55033198379345,8528048446,belif Brave Bo All In One Facial Lotion 125ml,belif,23.00,28.52,41.95,13.43,47.1,19.4,45.2,SUBE
55033633177937,10285352588,belif Happy Bo Total Gel Wash 350ml,belif,23.00,28.52,41.95,13.43,47.1,19.4,45.2,SUBE
55033634259281,5145848584,[Live orals] PureDia Teeth Whitening Kit,Live orals,23.00,28.52,41.95,13.43,47.1,19.4,45.2,SUBE
55033634390353,11007517878,nutseline Hoho Nut Baby Cure Lotion 300ml,nutseline,23.00,28.52,41.95,13.43,47.1,19.4,45.2,SUBE
55026977767761,7820581078,belif Manology 101 Deepclean Pore Cleansing Soap 160ml,belif,22.00,27.28,39.95,12.67,46.4,19.4,44.9,SUBE
55026979373393,5226827158,[THE WHOO] Gongjinhyang Kun Nourishing Balancer for Men 140ml,THE WHOO,22.00,27.28,39.95,12.67,46.4,19.4,44.9,SUBE
55027005718865,3935112654,TONYMOLY Regencia Homme Skincare SET,TONYMOLY,22.00,27.28,39.95,12.67,46.4,19.4,44.9,SUBE
55027011486033,12309469478,belif Manology Collagen Extreme All In One 100ml,belif,22.00,27.28,39.95,12.67,46.4,19.4,44.9,SUBE
55027205341521,5411263565,JUNGSAEMMOOL Masterclass Ampoule Sun 50ml (SPF50+ / PA++++),JUNGSAEMMOOL,22.00,27.28,39.95,12.67,46.4,19.4,44.9,SUBE
55027217006929,6882388079,REJURAN Healer UV Protection Balm SPF 50+ PA++++ 19g,REJURAN,22.00,27.28,39.95,12.67,46.4,19.4,44.9,SUBE
55028047642961,10453426713,d'Alba Waterfull Fresh Sun Cushion 15g SPF50+/PA++++,d'Alba,22.00,27.28,39.95,12.67,46.4,19.4,44.9,SUBE
55028053213521,5607743015,Dr.Ceuracle Cica Regen Vegan Sun SPF50+ PA++++ 50ml,Dr.Ceuracle,22.00,27.28,39.95,12.67,46.4,19.4,44.9,SUBE
55028076675409,5045530505,HERA UV Protector Extreme-Force SPF50+ PA++++ 70ml,HERA,22.00,27.28,39.95,12.67,46.4,19.4,44.9,SUBE
55028079919441,5300121086,isoi CICAGO Cica Vegan Family Lotion 350ml,isoi,22.00,27.28,39.95,12.67,46.4,19.4,44.9,SUBE
55028091191633,10603740809,SENNOK Blue Soda Body Scrub 180ml,SENNOK,22.00,27.28,39.95,12.67,46.4,19.4,44.9,SUBE
55028102299985,10155960924,HEVEBLUE Salmon Fruity Centella Body Cream 300g,HEVEBLUE,22.00,27.28,39.95,12.67,46.4,19.4,44.9,SUBE
55028102791505,9564935857,nutseline Aroma Nut Slim Fit Oil Wash 315ml,nutseline,22.00,27.28,39.95,12.67,46.4,19.4,44.9,SUBE
55028106035537,3920695380,TONYMOLY Floria Nutra Energy Skin Care Set,TONYMOLY,22.00,27.28,39.95,12.67,46.4,19.4,44.9,SUBE
55028107280721,11235255354,Dr.Belmeur Advanced Cica Skincare Set (Toner 150ml + Emulsion 150ml),Dr.Belmeur,22.00,27.28,39.95,12.67,46.4,19.4,44.9,SUBE
55028112654673,9708450414,d'Alba White Truffle Aromatic Double Hand Cream 50ml,d'Alba,22.00,27.28,39.95,12.67,46.4,19.4,44.9,SUBE
55028141621585,5186556631,Benton Snail Bee Ultimate Eye Cream 30g,Benton,22.00,27.28,39.95,12.67,46.4,19.4,44.9,SUBE
55028146667857,8277368210,innisfree Perfect 9 Intensive Eye Cream 30ml,innisfree,22.00,27.28,39.95,12.67,46.4,19.4,44.9,SUBE
55028158562641,Elizavecca434,Elizavecca Milky Piggy Hydro-gel Bouncy Eye Patch 20pcs,Elizavecca,22.00,27.28,39.95,12.67,46.4,19.4,44.9,SUBE
55029194916177,12070548500,innisfree Vitamin C Green Tea Enzyme Brightening Cream 80ml,innisfree,22.00,27.28,39.95,12.67,46.4,19.4,44.9,SUBE
55029195669841,8561341303,AIDA Glutathione Brightnening Ampoule Mist 60ml,AIDA,22.00,27.28,39.95,12.67,46.4,19.4,44.9,SUBE
55029457715537,26578724,natureby Essence Mask Pack B Type 23g x 100ea,natureby,22.00,27.28,39.95,12.67,46.4,19.4,44.9,SUBE
55032541315409,12384594816,MEDIHEAL Derma Synergy Wrapping Mask Toning Care (Madecassoside X Vitamin C) 25m,MEDIHEAL,22.00,27.28,39.95,12.67,46.4,19.4,44.9,SUBE
55032541806929,12384597310,MEDIHEAL Derma Synergy Wrapping Mask Calming Care (Tea Tree X Cica) 25ml X 14ea,MEDIHEAL,22.00,27.28,39.95,12.67,46.4,19.4,44.9,SUBE
55032542495057,12384603861,MEDIHEAL Derma Synergy Wrapping Mask Pore Care (Retinol X LHA) 25ml X 14ea,MEDIHEAL,22.00,27.28,39.95,12.67,46.4,19.4,44.9,SUBE
55032543052113,11978696621,MEDIHEAL Rose PDRN Bio Seconderm Mask Pore Tightening (Ampoule 4ml + Mask 23ml) ,MEDIHEAL,22.00,27.28,39.95,12.67,46.4,19.4,44.9,SUBE
55032544297297,11978682282,MEDIHEAL Madecassoside Bio Seconderm Mask Blemish Soothing (Ampoule 4ml + Mask 2,MEDIHEAL,22.00,27.28,39.95,12.67,46.4,19.4,44.9,SUBE
55032544723281,11978361143,MEDIHEAL Hyaluronate Bio Seconderm Mask Deep Moisturizing (Ampoule 4ml + Mask 23,MEDIHEAL,22.00,27.28,39.95,12.67,46.4,19.4,44.9,SUBE
55033010094417,9925123417,Dr.Jart+ Cicapair Gentle Cleansing Foam 150ml,Dr.Jart+,22.00,27.28,39.95,12.67,46.4,19.4,44.9,SUBE
55033010159953,7471348518,belif Herb Bouquet Gel Cleanser 250ml,belif,22.00,27.28,39.95,12.67,46.4,19.4,44.9,SUBE
55033010225489,10476566537,Jumiso Double Cleansing Duo (Pore Purifying Cleanser 120g + Clearing Cleansing O,Jumiso,22.00,27.28,39.95,12.67,46.4,19.4,44.9,SUBE
55033010291025,10627140428,REJURAN Refining Foam Cleanser 120ml,REJURAN,22.00,27.28,39.95,12.67,46.4,19.4,44.9,SUBE
55033010356561,2917050896,NEOGEN Canadian Clay Pore Cleanser 120g,NEOGEN,22.00,27.28,39.95,12.67,46.4,19.4,44.9,SUBE
55033158762833,5594743066,ROOTON Alpha Erguen Treatment 500ml,ROOTON,22.00,27.28,39.95,12.67,46.4,19.4,44.9,SUBE
55033171837265,8289882799,Dr.Groot Density Care Shampoo Basil & Neroli 400ml,Dr.Groot,22.00,27.28,39.95,12.67,46.4,19.4,44.9,SUBE
55033175540049,8044495050,Dr.Groot Microbiome Beer Yeast Treatment 250ml,Dr.Groot,22.00,27.28,39.95,12.67,46.4,19.4,44.9,SUBE
55033608175953,6805521311,OBgE Perfect Homme Cushion SPF50+ PA+++ 15g (3colors),OBgE,22.00,27.28,39.95,12.67,46.4,19.4,44.9,SUBE
55033608208721,6805521311,OBgE Perfect Homme Cushion SPF50+ PA+++ 15g (3colors),OBgE,22.00,27.28,39.95,12.67,46.4,19.4,44.9,SUBE
55033608241489,6805521311,OBgE Perfect Homme Cushion SPF50+ PA+++ 15g (3colors),OBgE,22.00,27.28,39.95,12.67,46.4,19.4,44.9,SUBE
55033608405329,12368606909,GRAFEN Tip Sketch Multi Cover Foundation SPF+ PA+++ 20ml (2colors),GRAFEN,22.00,27.28,39.95,12.67,46.4,19.4,44.9,SUBE
55033608438097,12368606909,GRAFEN Tip Sketch Multi Cover Foundation SPF+ PA+++ 20ml (2colors),GRAFEN,22.00,27.28,39.95,12.67,46.4,19.4,44.9,SUBE
55033615810897,@ATOPALM MLE Cream 100ml,ATOPALM Baby MLE Cream 100ml,ATOPALM,22.00,27.28,39.95,12.67,46.4,19.4,44.9,SUBE
55033659195729,13667056523,belif Aqua Bomb Panthenol EGF Soothing Barrier Gel Mask 30ml X 5ea,belif,22.00,27.28,39.95,12.67,46.4,19.4,44.9,SUBE
55026980192593,5226829106,[THE WHOO] Gongjinhyang Kun Nourishing Emulsion for Men 100ml,THE WHOO,20.00,24.80,36.95,12.15,49.0,19.4,45.9,SUBE
55027195052369,5735980731,IOPE UV Shield Essential Sun Protector SPF 50+ PA++++ 50ml,IOPE,20.00,24.80,36.95,12.15,49.0,19.4,45.9,SUBE
55027222577489,8565623871,papa recipe Mild Derma Waterfull Sun Lotion 50ml (SPF 50+ PA++++),papa recipe,20.00,24.80,36.95,12.15,49.0,19.4,45.9,SUBE
55028047839569,8496267482,d'Alba Waterful Fresh Sun Cushion 25g,d'Alba,20.00,24.80,36.95,12.15,49.0,19.4,45.9,SUBE
55028052656465,9902398957,"belif Super Drops Multi Vitamin Sunquid 50ml (SPF 50+, PA++++)",belif,20.00,24.80,36.95,12.15,49.0,19.4,45.9,SUBE
55028055966033,11590965189,d'Alba Clean Tea Tree Liposome Tone-Up Sun Cream (Green) SPF50+ PA++++ 50ml,d'Alba,20.00,24.80,36.95,12.15,49.0,19.4,45.9,SUBE
55028056064337,11644674471,d'Alba Vita Anti-Aging Sun Cream SPF50+ PA++++ 50ml,d'Alba,20.00,24.80,36.95,12.15,49.0,19.4,45.9,SUBE
55028065534289,6448451073,O HUI The First Geniture Vitamin UV Defense SPF50+ PA++++ 50ml,O HUI,20.00,24.80,36.95,12.15,49.0,19.4,45.9,SUBE
55028072776017,9362185109,HEVEBLUE Black Yuja Bean Water Sun 50ml,HEVEBLUE,20.00,24.80,36.95,12.15,49.0,19.4,45.9,SUBE
55028073267537,11835692426,HEVEBLUE Phyton Squa Hyal Blue Tone Up Sun Cushion SPF30 PA++ 15g,HEVEBLUE,20.00,24.80,36.95,12.15,49.0,19.4,45.9,SUBE
55028099154257,10196873507,HERA ZEAL BLOOMING PERFUMED SHOWER GEL 250g,HERA,20.00,24.80,36.95,12.15,49.0,19.4,45.9,SUBE
55028103446865,11631306959,Abib Body Wash Fragrant Bottle 300ml [Type G],Abib,20.00,24.80,36.95,12.15,49.0,19.4,45.9,SUBE
55028112556369,8305352105,d'Alba Scented Mood Hand Wash 290ml,d'Alba,20.00,24.80,36.95,12.15,49.0,19.4,45.9,SUBE
55028114587985,9128021174,Huxley Hand Cream 75ml #Berber Portrait,Huxley,20.00,24.80,36.95,12.15,49.0,19.4,45.9,SUBE
55028119634257,8241634877,tooq Return To Bebe Lip Balm 8g,tooq,20.00,24.80,36.95,12.15,49.0,19.4,45.9,SUBE
55028131430737,4706725568,Dr.G Royal Black Snail Eye Cream 30ml,Dr.G,20.00,24.80,36.95,12.15,49.0,19.4,45.9,SUBE
55028132446545,324194417,Isfren Rx Magic Eye Solution Ex - ISFREN Dark Circle Eye Cream 20g,Isfren,20.00,24.80,36.95,12.15,49.0,19.4,45.9,SUBE
55028147781969,10129621347,AHC Pro Shot GlutA-ctivation Bright 3 Capsule-Infused Eye Cream For Face 30ml,AHC,20.00,24.80,36.95,12.15,49.0,19.4,45.9,SUBE
55028148076881,9657197864,AHC Premier Ampoule In Eye Cream 35ml+35ml,AHC,20.00,24.80,36.95,12.15,49.0,19.4,45.9,SUBE
55028153811281,5898689493,PETITFEE Aura Quartz Eye Mask Pure Opal 80g (40 Patches),PETITFEE,20.00,24.80,36.95,12.15,49.0,19.4,45.9,SUBE
55028159480145,3808347669,[Pyunkang Yul] Eye Cream (1ml X 50ea),Pyunkang Yul,20.00,24.80,36.95,12.15,49.0,19.4,45.9,SUBE
55028171080017,11493867688,Parnell Bakuchiol Retinol Wild Yam Firming Eye Patch 72g/60ea,Parnell,20.00,24.80,36.95,12.15,49.0,19.4,45.9,SUBE
55029233385809,10909690284,Dr.Melaxin Peel Shot Glow White Rice Ampoule 80ml,Dr.Melaxin,20.00,24.80,36.95,12.15,49.0,19.4,45.9,SUBE
55029235810641,10597841501,Dr.Melaxin Picotonic Shot Pigmentation Ampoule 30ml,Dr.Melaxin,20.00,24.80,36.95,12.15,49.0,19.4,45.9,SUBE
55029454438737,10986441897,[ONE THING] CICA B5 MASK 310ml (30 sheets),ONE THING,20.00,24.80,36.95,12.15,49.0,19.4,45.9,SUBE
55029454504273,6985364055,One-day's you Collagen 30 Days Mask 310g (30pcs),One-day's you,20.00,24.80,36.95,12.15,49.0,19.4,45.9,SUBE
55029454831953,4622864498,JHP 139 TONE-UP MOISTURE MASK 30 Sheets,JHP,20.00,24.80,36.95,12.15,49.0,19.4,45.9,SUBE
55029455159633,7697503857,[JEJU INDI] Vitamin C Daily Morning Care Mask 380g,JEJU INDI,20.00,24.80,36.95,12.15,49.0,19.4,45.9,SUBE
55029456142673,9138130889,Dr.Jart+ CICAPAIR™ SENSITIVE SKIN SERUM FACE MASK FOR REDNESS (5 Sheets),Dr.Jart+,20.00,24.80,36.95,12.15,49.0,19.4,45.9,SUBE
55029456929105,8467098530,Dr.Jart+ Dermask Vital Hydra Solution Pro (5 Sheets),Dr.Jart+,20.00,24.80,36.95,12.15,49.0,19.4,45.9,SUBE
55029457092945,7982638574,belif Super Knights Regenerating Night Mask 75ml,belif,20.00,24.80,36.95,12.15,49.0,19.4,45.9,SUBE
55029526888785,12177120180,MEDIPEEL Collagen Glow Wrapping Mask 100ml,MEDIPEEL,20.00,24.80,36.95,12.15,49.0,19.4,45.9,SUBE
55029530493265,11687700866,WELLAGE Hyper Peptide Firming Booster Collagen Mask 25ml X 5ea,WELLAGE,20.00,24.80,36.95,12.15,49.0,19.4,45.9,SUBE
55029530820945,11687723201,WELLAGE Real Hyaluronic Glow Booster PDRN Mask 38ml X 5ea,WELLAGE,20.00,24.80,36.95,12.15,49.0,19.4,45.9,SUBE
55032533221713,11497571387-10,Parnell Panthenol Heartleaf Cool Calming Mask 20ml X 10ea,Parnell,20.00,24.80,36.95,12.15,49.0,19.4,45.9,SUBE
55032533647697,11494586178,Parnell Squalane Mineral Water Moisture Mask 20ml X 10ea,Parnell,20.00,24.80,36.95,12.15,49.0,19.4,45.9,SUBE
55032550359377,8022929892,MENOKIN 30 Seconds Quick Bubble Mask 95ml #MOIST,MENOKIN,20.00,24.80,36.95,12.15,49.0,19.4,45.9,SUBE
55032550621521,9652690008,MENOKIN 30 Seconds Quick Bubble Mask 95ml #REPAIR,MENOKIN,20.00,24.80,36.95,12.15,49.0,19.4,45.9,SUBE
55032550687057,9652696199,MENOKIN 30 Seconds Quick Bubble Mask 95ml #CLEAR,MENOKIN,20.00,24.80,36.95,12.15,49.0,19.4,45.9,SUBE
55032551211345,8022750919,MENOKIN 30 Seconds Quick Bubble Mask 95ml #LIFT,MENOKIN,20.00,24.80,36.95,12.15,49.0,19.4,45.9,SUBE
55032551506257,8022885986,MENOKIN 30 Seconds Quick Bubble Mask 95ml #BRIGHT,MENOKIN,20.00,24.80,36.95,12.15,49.0,19.4,45.9,SUBE
55033009537361,10679214716,[THANK YOU FARMER] Back to Pure Daily Foaming Gel Cleanser 200ml,THANK YOU FARMER,20.00,24.80,36.95,12.15,49.0,19.4,45.9,SUBE
55033144115537,11895656642,FULLY GREEN TOMATO CLEANSING OIL 250ml,FULLY,20.00,24.80,36.95,12.15,49.0,19.4,45.9,SUBE
55033148375377,9195329705,ongredients Perfect Melting Cleansing Balm 100ml,ongredients,20.00,24.80,36.95,12.15,49.0,19.4,45.9,SUBE
55033156567377,A258034,REJURAN Pore Tightening Cleansing Balm 50ml,REJURAN,20.00,24.80,36.95,12.15,49.0,19.4,45.9,SUBE
55033156665681,9275234845,moremo Caffeine Biome Shampoo 1000ml,moremo,20.00,24.80,36.95,12.15,49.0,19.4,45.9,SUBE
55033182454097,718233298,[NATURE REPUBLIC] Argan Essential Deep Care Shampoo 1000ml,NATURE REPUBLIC,20.00,24.80,36.95,12.15,49.0,19.4,45.9,SUBE
55033616335185,4715340002,isoi ATO Calming Cream 130ml,isoi,20.00,24.80,36.95,12.15,49.0,19.4,45.9,SUBE
55033622135121,5528995137,belif Happy Bo Face & Body Emulsion 250ml,belif,20.00,24.80,36.95,12.15,49.0,19.4,45.9,SUBE
55033634783569,11007488482,nutseline Hoho Nut Baby Top To Toe Wash 300ml,nutseline,20.00,24.80,36.95,12.15,49.0,19.4,45.9,SUBE
55026967544145,5463383149,Sulwhasoo MEN UV Defense Protector 50ml SPF50+ PA++++,Sulwhasoo,21.00,26.04,37.95,11.91,45.7,19.4,44.7,SUBE
55026992218449,11601163121,A'pieu Men's All Cover Calming Foundation 12g (2 Colors),A'pieu,21.00,26.04,37.95,11.91,45.7,19.4,44.7,SUBE
55026992251217,11601163121,A'pieu Men's All Cover Calming Foundation 12g (2 Colors),A'pieu,21.00,26.04,37.95,11.91,45.7,19.4,44.7,SUBE
55027166085457,8363334348,HERA UV PROTECTOR ACTIVE SUN BALM SPF 50+/PA++++ 10g,HERA,21.00,26.04,37.95,11.91,45.7,19.4,44.7,SUBE
55027194102097,5586756979,IOPE UV Shield Essential Tone-up Sun SPF 50+ PA++++ 50ml,IOPE,21.00,26.04,37.95,11.91,45.7,19.4,44.7,SUBE
55027210715473,8282912587,primera Reparing Cera Capsule UV Protector 40ml,primera,21.00,26.04,37.95,11.91,45.7,19.4,44.7,SUBE
55028053082449,4194450506,Dr.Ceuracle 5α Control No Sebum Sun Lotion SPF50+ PA++++ 50ml,Dr.Ceuracle,21.00,26.04,37.95,11.91,45.7,19.4,44.7,SUBE
55028068188497,2012798462,[NATURE REPUBLIC] California Aloe Aqua Jumbo Sunscreen SPF50+ PA++++ 250ml,NATURE REPUBLIC,21.00,26.04,37.95,11.91,45.7,19.4,44.7,SUBE
55028069957969,12139696040,Genabelle Mild Teca UV Defense Sunscreen SPF+ PA++++ 40ml,Genabelle,21.00,26.04,37.95,11.91,45.7,19.4,44.7,SUBE
55028073070929,9390735988,molvany Triple Defense Daily Sun Cream SPF50+ PA++++ 50ml,molvany,21.00,26.04,37.95,11.91,45.7,19.4,44.7,SUBE
55028082999633,10375675483,ODELOI Apple Amino Acids LHA Bodywash 250ml,ODELOI,21.00,26.04,37.95,11.91,45.7,19.4,44.7,SUBE
55028083589457,2621344828,S.NATURE Blanche All In One Lotion 200ml,S.NATURE,21.00,26.04,37.95,11.91,45.7,19.4,44.7,SUBE
55028103577937,11631319149,Abib Body Emulsion Fragrant Bottle 300ml [Type G],Abib,21.00,26.04,37.95,11.91,45.7,19.4,44.7,SUBE
55028105675089,11870087811,Scentlier English Daisy Body Wash 320ml,Scentlier,21.00,26.04,37.95,11.91,45.7,19.4,44.7,SUBE
55028108951889,8889011238,Abib Hand wash type S Wash pump 240ml,Abib,21.00,26.04,37.95,11.91,45.7,19.4,44.7,SUBE
55028114030929,6576560702,belif Off Hand Wash 250ml (2-type),belif,21.00,26.04,37.95,11.91,45.7,19.4,44.7,SUBE
55028114063697,6576560702,belif Off Hand Wash 250ml (2-type),belif,21.00,26.04,37.95,11.91,45.7,19.4,44.7,SUBE
55028131594577,5038716966,KLAIRS Fundamental Eye Awakening Gel 35ml,KLAIRS,21.00,26.04,37.95,11.91,45.7,19.4,44.7,SUBE
55028163084625,10739524582,AESTURA REGEDERM 365 RETINOID EYE SERUM 15ml,AESTURA,21.00,26.04,37.95,11.91,45.7,19.4,44.7,SUBE
55028170555729,PURCELL82,PURCELL Eye Mask Pack Set 3g X 6ea (2-type),PURCELL,21.00,26.04,37.95,11.91,45.7,19.4,44.7,SUBE
55028170588497,PURCELL82,PURCELL Eye Mask Pack Set 3g X 6ea (2-type),PURCELL,21.00,26.04,37.95,11.91,45.7,19.4,44.7,SUBE
55028171866449,9460309491,HEVEBLUE Black Yuja Bean Lifting Auto Eye Cream 15ml,HEVEBLUE,21.00,26.04,37.95,11.91,45.7,19.4,44.7,SUBE
55028174324049,11745776697,Dr.Melaxin Retinol Eyebag Cream 10ml,Dr.Melaxin,21.00,26.04,37.95,11.91,45.7,19.4,44.7,SUBE
55029457289553,6225863660,belif Super Knights Multi Vitamin Mask 75ml,belif,21.00,26.04,37.95,11.91,45.7,19.4,44.7,SUBE
55029457420625,2234276624,Huxley Sleep Mask Good Night 150g,Huxley,21.00,26.04,37.95,11.91,45.7,19.4,44.7,SUBE
55029457551697,6225879552,belif Super Knights Clear Soothing Mask 75ml,belif,21.00,26.04,37.95,11.91,45.7,19.4,44.7,SUBE
55029457617233,100241179,Benton Snail Bee High Content Sheet Mask 20g X 10ea,Benton,21.00,26.04,37.95,11.91,45.7,19.4,44.7,SUBE
55029527675217,11648666595,O HUI Prime Advancer De-Aging PDRN Collagen Gelfting Mask Sheet 28g X 4ea,O HUI,21.00,26.04,37.95,11.91,45.7,19.4,44.7,SUBE
55032530796881,PURCELL211,PURCELL Pixcell Biom O2 Enhancer Modeling Mask 240g,PURCELL,21.00,26.04,37.95,11.91,45.7,19.4,44.7,SUBE
55032537317713,8388778781,bravity Daily STEMCELL Sleeping Pack 100g,bravity,21.00,26.04,37.95,11.91,45.7,19.4,44.7,SUBE
55032615371089,13523709546,REJURAN C-PDRN Booster Shot Gel Mask 35g X 5ea,REJURAN,21.00,26.04,37.95,11.91,45.7,19.4,44.7,SUBE
55033009996113,4624619197,CNP Cleansing Perfecta 300ml,CNP,21.00,26.04,37.95,11.91,45.7,19.4,44.7,SUBE
55033112691025,10045238596,[Pyunkang Yul] Body Wash Dancheong 350ml,Pyunkang Yul,21.00,26.04,37.95,11.91,45.7,19.4,44.7,SUBE
55033113379153,10045251010,[Pyunkang Yul] Hand Wash Dancheong 350ml,Pyunkang Yul,21.00,26.04,37.95,11.91,45.7,19.4,44.7,SUBE
55033148506449,10126334514,HEVEBLUE Salmon Fruity Centella Body Wash 300g,HEVEBLUE,21.00,26.04,37.95,11.91,45.7,19.4,44.7,SUBE
55033149456721,11494248335,bravity DNAERO LumiAge Bubble Foam Cleanser 150ml,bravity,21.00,26.04,37.95,11.91,45.7,19.4,44.7,SUBE
55033155486033,11027994054,DERMALINE Aloe Vera Deep Clean Moisture Cleansing Cream 300ml,DERMALINE,21.00,26.04,37.95,11.91,45.7,19.4,44.7,SUBE
55033157124433,6235996444,moremo Water Treatment Miracle 100 400ml,moremo,21.00,26.04,37.95,11.91,45.7,19.4,44.7,SUBE
55033163776337,8745487679,KUNDAL HAIR LOSS RELIEF TREATMENT Real Beer Yeast Hair & Scalp Care 200ml #CITRU,KUNDAL,21.00,26.04,37.95,11.91,45.7,19.4,44.7,SUBE
55033167216977,8528068578,belif Brave Bo Mild Jelly Shampoo 250ml,belif,21.00,26.04,37.95,11.91,45.7,19.4,44.7,SUBE
55033169772881,8430401883,Huxley Intense Moisture Treatment 200ml #Moroccan Gardener,Huxley,21.00,26.04,37.95,11.91,45.7,19.4,44.7,SUBE
55033171345745,8644563346,Dr.Groot Density Care Shampoo Jasmine 400ml,Dr.Groot,21.00,26.04,37.95,11.91,45.7,19.4,44.7,SUBE
55033667158353,13374965220,3CE Fitting Mesh Cover Cushion SPF40 PA+++ 11g (5colors),3CE,21.00,26.04,37.95,11.91,45.7,19.4,44.7,SUBE
55033667191121,13374965220,3CE Fitting Mesh Cover Cushion SPF40 PA+++ 11g (5colors),3CE,21.00,26.04,37.95,11.91,45.7,19.4,44.7,SUBE
55033667223889,13374965220,3CE Fitting Mesh Cover Cushion SPF40 PA+++ 11g (5colors),3CE,21.00,26.04,37.95,11.91,45.7,19.4,44.7,SUBE
55033667256657,13374965220,3CE Fitting Mesh Cover Cushion SPF40 PA+++ 11g (5colors),3CE,21.00,26.04,37.95,11.91,45.7,19.4,44.7,SUBE
55033667289425,13374965220,3CE Fitting Mesh Cover Cushion SPF40 PA+++ 11g (5colors),3CE,21.00,26.04,37.95,11.91,45.7,19.4,44.7,SUBE
55026961514833,8471735103,[ONE THING] FOR MEN All in One Deo Wash 500ml,ONE THING,19.00,23.56,34.95,11.39,48.3,19.4,45.6,SUBE
55026990612817,12053640530,belif Manology Protective Ectoin Toner 150ml,belif,19.00,23.56,34.95,11.39,48.3,19.4,45.6,SUBE
55026997231953,6055137263,O HUI The First Geniture For Men Moisturizer 110ml,O HUI,19.00,23.56,34.95,11.39,48.3,19.4,45.6,SUBE
55027007684945,7108836953,OBgE All in One Double Essence 100ml,OBgE,19.00,23.56,34.95,11.39,48.3,19.4,45.6,SUBE
55027174179153,5488978234,O HUI ULTRA SUNBLOCK UV FORCE SPF50+ / PA++++ 50ml,O HUI,19.00,23.56,34.95,11.39,48.3,19.4,45.6,SUBE
55027207471441,10012432096,JUNGSAEMMOOL Sunsual Vita Capsule Sun 50ml SPF50+ / PA++++,JUNGSAEMMOOL,19.00,23.56,34.95,11.39,48.3,19.4,45.6,SUBE
55027209765201,9945654702,primera Reparing Cera Capsule UV Protector Tone Up Priming 40ml,primera,19.00,23.56,34.95,11.39,48.3,19.4,45.6,SUBE
55027216482641,5939688804,REJURAN Healer UV Proteciton Cream SPF50+ PA+++ 40ml,REJURAN,19.00,23.56,34.95,11.39,48.3,19.4,45.6,SUBE
55028048757073,9423606002,heimish Artless Glow Tinted Sunscreen SPF50+ PA++++ 40ml,heimish,19.00,23.56,34.95,11.39,48.3,19.4,45.6,SUBE
55028061012305,11754055103,TONYMOLY Gimiya Spot Toning Sun Ampoule SPF50+ PA++++ 30ml,TONYMOLY,19.00,23.56,34.95,11.39,48.3,19.4,45.6,SUBE
55028090700113,9897848823,EUNYUL Carefull YACHO Herb Soothing Body Mist 150ml,EUNYUL,19.00,23.56,34.95,11.39,48.3,19.4,45.6,SUBE
55028091093329,6576548180,belif Off Body Wash 250ml (2-type),belif,19.00,23.56,34.95,11.39,48.3,19.4,45.6,SUBE
55028091126097,6576548180,belif Off Body Wash 250ml (2-type),belif,19.00,23.56,34.95,11.39,48.3,19.4,45.6,SUBE
55028092371281,9701619338,AROMATICA Mellowness Oil In Body Cream Magnolia & Sandanwood 200g,AROMATICA,19.00,23.56,34.95,11.39,48.3,19.4,45.6,SUBE
55028102922577,9564924460,nutseline Aroma Nut Slim Fit Body Lotion 200ml,nutseline,19.00,23.56,34.95,11.39,48.3,19.4,45.6,SUBE
55028103512401,11631326684,Abib Body Wash Fragrant Bottle 300ml [Type R],Abib,19.00,23.56,34.95,11.39,48.3,19.4,45.6,SUBE
55028103676241,11631339611,Abib Body Emulsion Fragrant Bottle 300ml [Type R],Abib,19.00,23.56,34.95,11.39,48.3,19.4,45.6,SUBE
55028103774545,12776066967,Dr.Melaxin Peel Shot Exfoliating TX Spray 200ml,Dr.Melaxin,19.00,23.56,34.95,11.39,48.3,19.4,45.6,SUBE
55028103840081,12211050225,Dr.Melaxin Peel Shot Exfoliating Kojic Acid Turmeric Spray 200ml,Dr.Melaxin,19.00,23.56,34.95,11.39,48.3,19.4,45.6,SUBE
55028106658129,8788470563,Innisfree Green Tea Hyaluronic Skincare Set,innisfree,19.00,23.56,34.95,11.39,48.3,19.4,45.6,SUBE
55028107379025,10180183680,Dr.Belmeur Clarifying Skincare Set (Toner 200ml + Moisturizer 120ml),Dr.Belmeur,19.00,23.56,34.95,11.39,48.3,19.4,45.6,SUBE
55028112785745,5530124513,d'Alba White Truffle Nourishing Hand Serum In Cream 30ml,d'Alba,19.00,23.56,34.95,11.39,48.3,19.4,45.6,SUBE
55028120355153,9873532386,primera Retinol Volume Lip Serum 12g,primera,19.00,23.56,34.95,11.39,48.3,19.4,45.6,SUBE
55028120387921,9873532386,primera Retinol Volume Lip Serum 12g,primera,19.00,23.56,34.95,11.39,48.3,19.4,45.6,SUBE
55028147126609,3663664812,Benton Fermentation Eye Cream 30g,Benton,19.00,23.56,34.95,11.39,48.3,19.4,45.6,SUBE
55028150108497,9546861617,[THANK YOU FARMER] Bakuvita Intensive Eye Serum 30ml,THANK YOU FARMER,19.00,23.56,34.95,11.39,48.3,19.4,45.6,SUBE
55028174225745,10073568966,Dr.Melaxin Eyephalt Eyebag Cream Plus 10ml,Dr.Melaxin,19.00,23.56,34.95,11.39,48.3,19.4,45.6,SUBE
55029210743121,5967782603,The Harnay Cicaide Cream 100ml,The Harnay,19.00,23.56,34.95,11.39,48.3,19.4,45.6,SUBE
55029232927057,9424050556,Dr.Melaxin Exosome Repair Cream 50ml,Dr.Melaxin,19.00,23.56,34.95,11.39,48.3,19.4,45.6,SUBE
55029235417425,10597867428,Dr.Melaxin Picotonic Shot Pigmentation Cream 25g,Dr.Melaxin,19.00,23.56,34.95,11.39,48.3,19.4,45.6,SUBE
55029237219665,,Dr.Melaxin Cactox Pore Relief Jelly Toner Pad 170ml/60ea,Dr.Melaxin,19.00,23.56,34.95,11.39,48.3,19.4,45.6,SUBE
55029250621777,4988338191,DERMALINE Always Bright Whitening Cream 50g,DERMALINE,19.00,23.56,34.95,11.39,48.3,19.4,45.6,SUBE
55029452964177,7191201713,V&A BEAUTY Antioxidant Ampoule Mask Sheet 25ml x 5EA,V&A BEAUTY,19.00,23.56,34.95,11.39,48.3,19.4,45.6,SUBE
55029453062481,7982657768,belif Super Knights Purifying Clay Mask 75ml,belif,19.00,23.56,34.95,11.39,48.3,19.4,45.6,SUBE
55029453783377,4951455171,Dr.G Royal Black Snail Cream Mask 10ea 16g,Dr.G,19.00,23.56,34.95,11.39,48.3,19.4,45.6,SUBE
55029466923345,6050187274,EUNYUL Clean & Fresh Sheet Mask 22ml*30ea (10-type),EUNYUL,19.00,23.56,34.95,11.39,48.3,19.4,45.6,SUBE
55029466956113,6050187274,EUNYUL Clean & Fresh Sheet Mask 22ml*30ea (10-type),EUNYUL,19.00,23.56,34.95,11.39,48.3,19.4,45.6,SUBE
55029466988881,6050187274,EUNYUL Clean & Fresh Sheet Mask 22ml*30ea (10-type),EUNYUL,19.00,23.56,34.95,11.39,48.3,19.4,45.6,SUBE
55029467021649,6050187274,EUNYUL Clean & Fresh Sheet Mask 22ml*30ea (10-type),EUNYUL,19.00,23.56,34.95,11.39,48.3,19.4,45.6,SUBE
55029467054417,6050187274,EUNYUL Clean & Fresh Sheet Mask 22ml*30ea (10-type),EUNYUL,19.00,23.56,34.95,11.39,48.3,19.4,45.6,SUBE
55029467087185,6050187274,EUNYUL Clean & Fresh Sheet Mask 22ml*30ea (10-type),EUNYUL,19.00,23.56,34.95,11.39,48.3,19.4,45.6,SUBE
55029467119953,6050187274,EUNYUL Clean & Fresh Sheet Mask 22ml*30ea (10-type),EUNYUL,19.00,23.56,34.95,11.39,48.3,19.4,45.6,SUBE
55029467152721,6050187274,EUNYUL Clean & Fresh Sheet Mask 22ml*30ea (10-type),EUNYUL,19.00,23.56,34.95,11.39,48.3,19.4,45.6,SUBE
55029467185489,6050187274,EUNYUL Clean & Fresh Sheet Mask 22ml*30ea (10-type),EUNYUL,19.00,23.56,34.95,11.39,48.3,19.4,45.6,SUBE
55029467218257,6050187274,EUNYUL Clean & Fresh Sheet Mask 22ml*30ea (10-type),EUNYUL,19.00,23.56,34.95,11.39,48.3,19.4,45.6,SUBE
55029480390993,10861446133,MEDIPEEL Extra Super 9+ Glow lifting Wrapping Mask 70ml,MEDIPEEL,19.00,23.56,34.95,11.39,48.3,19.4,45.6,SUBE
55029523808593,8751934795,It'S SKIN Power 10 Formula LI Jelly Mask Sheet 22g X 10ea,It'S SKIN,19.00,23.56,34.95,11.39,48.3,19.4,45.6,SUBE
55029533049169,4772964383,ROVECTIN Dr. Mask Aqua 25ml X 10ea,ROVECTIN,19.00,23.56,34.95,11.39,48.3,19.4,45.6,SUBE
55032553472337,10062801430,CKD Retino Collagen Small Molecule 300 Pore & Elasticity Mask 31g X 10ea,CKD,19.00,23.56,34.95,11.39,48.3,19.4,45.6,SUBE
55032657871185,6022837985,REJURAN Derma Healer Moisture Bubble Cleansing Water 150ml,REJURAN,19.00,23.56,34.95,11.39,48.3,19.4,45.6,SUBE
55032658035025,2234276620,Huxley Cleansing Water Be Clean Be Moist 300ml,Huxley,19.00,23.56,34.95,11.39,48.3,19.4,45.6,SUBE
55032658166097,4764770003,S.NATURE Blanche Cleanser 260ml,S.NATURE,19.00,23.56,34.95,11.39,48.3,19.4,45.6,SUBE
55032658264401,4752078424,primera Natural Rich Cleansing Foam 150ml,primera,19.00,23.56,34.95,11.39,48.3,19.4,45.6,SUBE
55032658395473,8135876749,O HUI MIRACLE TONING jelly cleanser 180ml,O HUI,19.00,23.56,34.95,11.39,48.3,19.4,45.6,SUBE
55032658493777,3734845473,isoi Bulgarian Rose Mild Peeling Gel 120ml,isoi,19.00,23.56,34.95,11.39,48.3,19.4,45.6,SUBE
55033009340753,10003895954,IOPE Bio Conditioning Cleansing Oil In Gel 150ml,IOPE,19.00,23.56,34.95,11.39,48.3,19.4,45.6,SUBE
55033009439057,2234276621,"Huxley Cleansing Gel ; Be Clean, Be Moist 200ml",Huxley,19.00,23.56,34.95,11.39,48.3,19.4,45.6,SUBE
55033104793937,10482831268,d'Alba White Truffle Return Oil Cream Cleanser (Tube) 100ml X 2ea,d'Alba,19.00,23.56,34.95,11.39,48.3,19.4,45.6,SUBE
55033122423121,10578541763,AROMATICA Glow Vita Oil-in-Gel Cleanser Orange & Neroli 150ml,AROMATICA,19.00,23.56,34.95,11.39,48.3,19.4,45.6,SUBE
55033153749329,2422371572,LANBELLE Natural Deep Cleansing Oil 205ml,LANBELLE,19.00,23.56,34.95,11.39,48.3,19.4,45.6,SUBE
55033158369617,5673700375,moremo Recovery Balm B 230ml,moremo,19.00,23.56,34.95,11.39,48.3,19.4,45.6,SUBE
55033158566225,9255685117,ViveLab Recovery Clinic Sensitive Scalp SOS Solution Hair Tonic 120ml,ViveLab,19.00,23.56,34.95,11.39,48.3,19.4,45.6,SUBE
55033158631761,5594814189,ROOTON Alpha Erguen Hair Tonic 150ml,ROOTON,19.00,23.56,34.95,11.39,48.3,19.4,45.6,SUBE
55033158697297,6970160020,ROOTON Limpio Capsule Regeneration Cream Hair Pack 13ml X 6ea,ROOTON,19.00,23.56,34.95,11.39,48.3,19.4,45.6,SUBE
55033160794449,10356611921,Dr.Groot MULTI-PERFECTION HAIR LOSS CARE Cooling SHAMPOO 400ml,Dr.Groot,19.00,23.56,34.95,11.39,48.3,19.4,45.6,SUBE
55033198149969,5702104215,belif Happy Bo Easy Wash Sunstick (SPF50+/PA++++) 18g,belif,19.00,23.56,34.95,11.39,48.3,19.4,45.6,SUBE
55033200312657,10310142352,OBgE Natural Cover Lotion SPF50+ PA++++ 50g,OBgE,19.00,23.56,34.95,11.39,48.3,19.4,45.6,SUBE
55033608733009,10634846445,GRAFEN Match Up Tone Cover Lotion SPF50+ PA++++ 50ml,GRAFEN,19.00,23.56,34.95,11.39,48.3,19.4,45.6,SUBE
55033608765777,10634846445,GRAFEN Match Up Tone Cover Lotion SPF50+ PA++++ 50ml,GRAFEN,19.00,23.56,34.95,11.39,48.3,19.4,45.6,SUBE
55033618399569,4715742379,isoi ATO Smile Oil 100ml,isoi,19.00,23.56,34.95,11.39,48.3,19.4,45.6,SUBE
55033659425105,11469531036,[SOME BY MI] Galactomyces Glutathione Brightening Cream 40ml,SOME BY MI,19.00,23.56,34.95,11.39,48.3,19.4,45.6,SUBE
55027213926737,8745408404,REJURAN Biome Healer Youth Formula Suncream 50ml,REJURAN,20.00,25.80,36.95,11.15,43.2,22.5,45.9,SUBE
55028173504849,9455395740,Dr.Melaxin Cemenrete Calcium Dark Spot Eye Cream 15g,Dr.Melaxin,16.00,17.84,28.95,11.11,62.3,10.3,44.7,SUBE
55026973999441,10453425177,d'Alba Waterfull Balancing Sun Cream 50ml SPF50+PA++++,d'Alba,18.00,22.32,32.95,10.63,47.6,19.4,45.4,SUBE
55027030065489,534317036,[THANK YOU FARMER] Sun Project Shimmer Sun Essence SPF30 PA++ 40ml,THANK YOU FARMER,18.00,22.32,32.95,10.63,47.6,19.4,45.4,SUBE
55027190628689,9398121249,ROVECTIN AQUA SOOTHING SUN CREAM SPF50+ PA++++ 50ml,ROVECTIN,18.00,22.32,32.95,10.63,47.6,19.4,45.4,SUBE
55027195838801,6562483490,IOPE Men Compound Sunscreen SPF50+ PA++++ 50ml,IOPE,18.00,22.32,32.95,10.63,47.6,19.4,45.4,SUBE
55028046823761,8525982926,TONYMOLY UV Master Kids & Mom Mild Sun Cream SPF50+ PA++++ 45ml,TONYMOLY,18.00,22.32,32.95,10.63,47.6,19.4,45.4,SUBE
55028053999953,10337556131,KAHI Aqua Shield Sun Lotion SPF50+PA++++ 50ml,KAHI,18.00,22.32,32.95,10.63,47.6,19.4,45.4,SUBE
55028064420177,11941470989,A'pieu Waterlock Tone Up Sun Cushion Lavender SPF50+ PA++++ 15g,A'pieu,18.00,22.32,32.95,10.63,47.6,19.4,45.4,SUBE
55028073333073,7779371868,HEVEBLUE Salmon Caring Centella Toner 200ml,HEVEBLUE,18.00,22.32,32.95,10.63,47.6,19.4,45.4,SUBE
55028073890129,11910388677,MENOKIN 30 Seconds Glow & Clear Gel Sunscreen SPF50+ PA++++ 50ml #BRIGHT,MENOKIN,18.00,22.32,32.95,10.63,47.6,19.4,45.4,SUBE
55028074316113,11764084127,MENOKIN 30 Seconds Glow & Clear Gel Sunscreen SPF50+ PA++++ 50ml #MOIST,MENOKIN,18.00,22.32,32.95,10.63,47.6,19.4,45.4,SUBE
55028083163473,9454665982,MIGUHARA Moisturizing Body Lotion Origin 300ml,MIGUHARA,18.00,22.32,32.95,10.63,47.6,19.4,45.4,SUBE
55028090765649,9897814582,EUNYUL Carefull YACHO Herb Soothing Body Lotion 150ml,EUNYUL,18.00,22.32,32.95,10.63,47.6,19.4,45.4,SUBE
55028092240209,10119425603,AROMATICA Eucalyptus Body Wash 15 Amino 1000ml,AROMATICA,18.00,22.32,32.95,10.63,47.6,19.4,45.4,SUBE
55028092600657,10119403537,AROMATICA Lemongrass 7 Vita Body Wash 1000ml,AROMATICA,18.00,22.32,32.95,10.63,47.6,19.4,45.4,SUBE
55028093223249,9701640624,AROMATICA Mellowness Oil In Body Wash Magnolia & Sandalwood 290ml,AROMATICA,18.00,22.32,32.95,10.63,47.6,19.4,45.4,SUBE
55028102070609,11952350681,nutseline Cica Nut Calming Balm Strong 50ml,nutseline,18.00,22.32,32.95,10.63,47.6,19.4,45.4,SUBE
55028106756433,8950194843,O HUI Day Shield Perfect Sun Black Special Set,O HUI,18.00,22.32,32.95,10.63,47.6,19.4,45.4,SUBE
55028106854737,8950202849,O HUI Day Shield Perfect Sun Red Special Set,O HUI,18.00,22.32,32.95,10.63,47.6,19.4,45.4,SUBE
55028151714129,10332951683,The SAEM Urban Eco Golden Berry C Eye Cream 30ml,The SAEM,18.00,22.32,32.95,10.63,47.6,19.4,45.4,SUBE
55028157120849,8469183213,TONYMOLY Intense Care Gold 24K Snail Eye Serum Ball 15ml,TONYMOLY,18.00,22.32,32.95,10.63,47.6,19.4,45.4,SUBE
55028161478993,9878978350,SKINFOOD Black Cherry Retinol 0.1 Eye Cream 30ml,SKINFOOD,18.00,22.32,32.95,10.63,47.6,19.4,45.4,SUBE
55028169834833,10768740380,Genabelle Glutamin-C Luminous Eye Cream 10ml,Genabelle,18.00,22.32,32.95,10.63,47.6,19.4,45.4,SUBE
55029233189201,10534132943,Dr.Melaxin Cemenrete Calcium Intense Cream 50ml,Dr.Melaxin,18.00,22.32,32.95,10.63,47.6,19.4,45.4,SUBE
55029233516881,12144941967,Dr.Melaxin Peel Shot Glow Rice Toner 200ml,Dr.Melaxin,18.00,22.32,32.95,10.63,47.6,19.4,45.4,SUBE
55029238006097,10003953177,CNP Derma+ Answer Active Boost Ampoule 30ml,CNP,18.00,22.32,32.95,10.63,47.6,19.4,45.4,SUBE
55029450309969,Elizavecca849,Elizavecca Hell-Pore Bubble Black Boom Pore Pack 150ml,Elizavecca,18.00,22.32,32.95,10.63,47.6,19.4,45.4,SUBE
55029450408273,8467079926,Dr.Jart+ Dermask Soothing Hydra Solution Pro (5 Sheets),Dr.Jart+,18.00,22.32,32.95,10.63,47.6,19.4,45.4,SUBE
55029450572113,5037155221,heimish Black Tea Wash-Off Mask 110ml,heimish,18.00,22.32,32.95,10.63,47.6,19.4,45.4,SUBE
55029450735953,5940991166,MIZON Cicaluronic Water Fit Mask 24g X 10ea,MIZON,18.00,22.32,32.95,10.63,47.6,19.4,45.4,SUBE
55029450834257,4738066436,Benton Fermentation Mask Pack 20g x 10ea,Benton,18.00,22.32,32.95,10.63,47.6,19.4,45.4,SUBE
55029452341585,4590605788,[THANK YOU FARMER] Centella Balancing Star Mask 30ml X 10ea,THANK YOU FARMER,18.00,22.32,32.95,10.63,47.6,19.4,45.4,SUBE
55029452833105,53049305,MGDD Adsorbable Mask Sheet 28ml x 10ea,MGDD,18.00,22.32,32.95,10.63,47.6,19.4,45.4,SUBE
55029481013585,6387545597,Dr.Althea Last Minute Skin Rescue Anastatica Mask 30ea/310ml,Dr.Althea,18.00,22.32,32.95,10.63,47.6,19.4,45.4,SUBE
55029493236049,3471786661,CURESYS Trouble Clear Serum Mask 23g*10pcs,CURESYS,18.00,22.32,32.95,10.63,47.6,19.4,45.4,SUBE
55029533671761,6227407429,ROVECTIN Lotus Water Calming Sheet Mask 25ml X 10ea,ROVECTIN,18.00,22.32,32.95,10.63,47.6,19.4,45.4,SUBE
55029533966673,4774908988,ROVECTIN Dr. Mask Cica 25ml X 10ea,ROVECTIN,18.00,22.32,32.95,10.63,47.6,19.4,45.4,SUBE
55032533746001,10213718330,MEDITHERAPY Blue Layer Water Dome Mask 34g X 4ea,MEDITHERAPY,18.00,22.32,32.95,10.63,47.6,19.4,45.4,SUBE
55032615010641,13244861150,REJURAN Derma Healer Pore Tightening Gel Mask 32g X 5ea,REJURAN,18.00,22.32,32.95,10.63,47.6,19.4,45.4,SUBE
55032637456721,7156191255,primera Perfect Oil To Foam Cleanser 200ml,primera,18.00,22.32,32.95,10.63,47.6,19.4,45.4,SUBE
55032637620561,8928394589,[JEJU INDI] Vitamin C Bubble Powder Cleanser 30ea,JEJU INDI,18.00,22.32,32.95,10.63,47.6,19.4,45.4,SUBE
55032642306385,8461305911,[By Wishtrend] Green Tea & Enzyme Milky Foaming Wash 140ml,By Wishtrend,18.00,22.32,32.95,10.63,47.6,19.4,45.4,SUBE
55032657281361,5133154914,[THANK YOU FARMER] Pollufree Pore Deep Cleansing Oil 200ml,THANK YOU FARMER,18.00,22.32,32.95,10.63,47.6,19.4,45.4,SUBE
55032657445201,5225982003,[The History of Whoo] GONGJINHYANG SOO 'SOO YEON FOAM CLEANSER' Hydrating Foam C,The History of Whoo,18.00,22.32,32.95,10.63,47.6,19.4,45.4,SUBE
55032657510737,5091758769,belif The White Decoction Ultimate Brightening Cleansing Foam 100ml,belif,18.00,22.32,32.95,10.63,47.6,19.4,45.4,SUBE
55032657772881,5088003074,Belif Nose-shine Boy Black Edition 30ml,belif,18.00,22.32,32.95,10.63,47.6,19.4,45.4,SUBE
55033120129361,11153461149,acwell acwell Licorice pH Balancing Cleansing Toner 300ml,acwell,18.00,22.32,32.95,10.63,47.6,19.4,45.4,SUBE
55033125962065,7738448310,[THE WHOO] Jungyooncho Multi Cleanser 200ml,THE WHOO,18.00,22.32,32.95,10.63,47.6,19.4,45.4,SUBE
55033143329105,10337526214,O HUI The First Geniture Foam Cleanser 200ml,O HUI,18.00,22.32,32.95,10.63,47.6,19.4,45.4,SUBE
55033144050001,12265563897,FULLY GREEN TOMATO ACID 20 WASH OFF PEELING SERUM 50ml,FULLY,18.00,22.32,32.95,10.63,47.6,19.4,45.4,SUBE
55033150898513,11534484086,MENOKIN 30 Seconds Bubble Cleanser 150ml #DAILY COMFORT,MENOKIN,18.00,22.32,32.95,10.63,47.6,19.4,45.4,SUBE
55033151029585,11536034401,MENOKIN 30 Seconds Bubble Cleanser 150ml #PORE CLEAR,MENOKIN,18.00,22.32,32.95,10.63,47.6,19.4,45.4,SUBE
55033151160657,11536046608,MENOKIN 30 Seconds Bubble Cleanser 150ml #PERFECT,MENOKIN,18.00,22.32,32.95,10.63,47.6,19.4,45.4,SUBE
55033158435153,10032342666,ViveLab Active Biotin Peptide Solution Scalp Shampoo 550ml,ViveLab,18.00,22.32,32.95,10.63,47.6,19.4,45.4,SUBE
55033160663377,10356788414,Dr.Groot MULTI-PERFECTION HAIR LOSS CARE Cooling Scrub SHAMPOO 200ml,Dr.Groot,18.00,22.32,32.95,10.63,47.6,19.4,45.4,SUBE
55033167348049,10119260172,AROMATICA Lemongrass 7 Vita Shampoo 1L,AROMATICA,18.00,22.32,32.95,10.63,47.6,19.4,45.4,SUBE
55033167839569,11227988339,KAHI Extra Volume Booster Shampoo 500ml,KAHI,18.00,22.32,32.95,10.63,47.6,19.4,45.4,SUBE
55033169183057,7737821200,[Daeng Gi Meo Ri] Ki Gold Shampoo 500ml,Daeng Gi Meo Ri,18.00,22.32,32.95,10.63,47.6,19.4,45.4,SUBE
55033199919441,9469766322,AROMATICA Sleep Tight Pillow Mist 100ml,AROMATICA,18.00,22.32,32.95,10.63,47.6,19.4,45.4,SUBE
55033616531793,4715818266,isoi ATO Cool Wash 250ml,isoi,18.00,22.32,32.95,10.63,47.6,19.4,45.4,SUBE
55033633112401,8553742753,belif Happy Bo Top To Toe All-In-One Wash 300ml,belif,18.00,22.32,32.95,10.63,47.6,19.4,45.4,SUBE
55027000181073,6055120772,O HUI The First Geniture For Men Skin Refresher 150ml,O HUI,17.00,21.08,30.95,9.87,46.8,19.4,45.1,SUBE
55027030851921,1675342644,AYODELE Natural Aloe Vera Sun Cream 500ml,AYODELE,17.00,21.08,30.95,9.87,46.8,19.4,45.1,SUBE
55027031572817,1944946724,EUNYUL Daily Care Fresh Sunscreen SPF46 PA+++ 300ml,EUNYUL,17.00,21.08,30.95,9.87,46.8,19.4,45.1,SUBE
55027181945169,10673130972,AESTURA DERMA UV365 BARRIER HYDRO MINERAL SUNSCREEN 40ml,AESTURA,17.00,21.08,30.95,9.87,46.8,19.4,45.1,SUBE
55027197477201,8435492271,IOPE UV Shield Sunstick SPF50+ PA++++ 20g,IOPE,17.00,21.08,30.95,9.87,46.8,19.4,45.1,SUBE
55028047249745,8496293599,d'Alba Air Fit Fresh Sun Stick 19g,d'Alba,17.00,21.08,30.95,9.87,46.8,19.4,45.1,SUBE
55028047970641,8496219634,d'Alba Waterfull Mild Sun Cream 50ml,d'Alba,17.00,21.08,30.95,9.87,46.8,19.4,45.1,SUBE
55028053377361,6258956710,Dr.Ceuracle Hyal Reyouth Moist Sun SPF50+ PA++++ 50ml,Dr.Ceuracle,17.00,21.08,30.95,9.87,46.8,19.4,45.1,SUBE
55028053868881,10448369796,AROMATICA Vitalizing Rosemary Moist Barrier Mineral Sunscreen SPF50+ PA++++ 50ml,AROMATICA,17.00,21.08,30.95,9.87,46.8,19.4,45.1,SUBE
55028062060881,11726529662,[Cell Fusion C] Laser UV Pore Sun Serum SPF50+ PA++++ 40ml,Cell Fusion C,17.00,21.08,30.95,9.87,46.8,19.4,45.1,SUBE
55028065272145,11615109373,Dr.Belmeur Family Easy Wash Sun Cream 190ml,Dr.Belmeur,17.00,21.08,30.95,9.87,46.8,19.4,45.1,SUBE
55028068286801,11667112880,[NATURE REPUBLIC] California Aloe Cooling Watery Sun Stick SPF50+ PA++++ 24g,NATURE REPUBLIC,17.00,21.08,30.95,9.87,46.8,19.4,45.1,SUBE
55028069695825,2899924173,ROVECTIN Vita Tone Up Sun Cream SPF50+ PA++++ 50ml,ROVECTIN,17.00,21.08,30.95,9.87,46.8,19.4,45.1,SUBE
55028070482257,10239439742,Shingmulnara Soft Face & Body Sun Stick SPF50+ PA++++ 30g+30g,Shingmulnara,17.00,21.08,30.95,9.87,46.8,19.4,45.1,SUBE
55028072513873,12076271124,ongredients Skin Barrier Moisture Sun Cream SPF50+ PA++++ 50ml,ongredients,17.00,21.08,30.95,9.87,46.8,19.4,45.1,SUBE
55028074250577,11784401311,nutseline Cica Nut Hyal Sun Serum SPF50+ PA++++ 50ml,nutseline,17.00,21.08,30.95,9.87,46.8,19.4,45.1,SUBE
55028075954513,8597086583,fromrier EGF Cica Water Sun Ampoule SPF50+ PA++++ 56ml,fromrier,17.00,21.08,30.95,9.87,46.8,19.4,45.1,SUBE
55028079001937,4749288142,AROMATICA Serene Body Wash Lavender & Marjoram 300ml,AROMATICA,17.00,21.08,30.95,9.87,46.8,19.4,45.1,SUBE
55028089651537,4523430960,d'Alba White Truffle Aromatic Body Mist Serum 180ml,d'Alba,17.00,21.08,30.95,9.87,46.8,19.4,45.1,SUBE
55028095385937,10470729996,AROMATICA Vitalizing Rosemary ALL-IN-ONE Lotion 300ml (Refill),AROMATICA,17.00,21.08,30.95,9.87,46.8,19.4,45.1,SUBE
55028107182417,2869210898,ETUDE Soonjung Skincare Duo Set,ETUDE,17.00,21.08,30.95,9.87,46.8,19.4,45.1,SUBE
55028107477329,10666929332,Dr.Belmeur Daily Repair Skincare Set (Toner 200ml + Moisturizer 120ml),Dr.Belmeur,17.00,21.08,30.95,9.87,46.8,19.4,45.1,SUBE
55028113211729,6576539102,belif Off Hand Cream 50ml (2-type),belif,17.00,21.08,30.95,9.87,46.8,19.4,45.1,SUBE
55028113244497,6576539102,belif Off Hand Cream 50ml (2-type),belif,17.00,21.08,30.95,9.87,46.8,19.4,45.1,SUBE
55028114162001,7820864134,belif Off Intense Hand Cream Calming White 50ml,belif,17.00,21.08,30.95,9.87,46.8,19.4,45.1,SUBE
55028124025169,10028085144,AROMATICA Glow Vita Lip Volumizer Orange & Neroli 10g,AROMATICA,17.00,21.08,30.95,9.87,46.8,19.4,45.1,SUBE
55028126024017,6944910418,YUNJAC Hydrating & Soothing Lip Care Balm 12g,YUNJAC,17.00,21.08,30.95,9.87,46.8,19.4,45.1,SUBE
55028139884881,5048307791,heimish Bulgarian Rose Water Hydrogel Eye Patch 60pcs,heimish,17.00,21.08,30.95,9.87,46.8,19.4,45.1,SUBE
55028146274641,4399139621,Benton Snail Bee Ultimate Hydro gel Eye Patch (60pcs),Benton,17.00,21.08,30.95,9.87,46.8,19.4,45.1,SUBE
55028146471249,4790575987,iUNIK Propolis Vitamin Eye Cream For Eye&Face 30ml,iUNIK,17.00,21.08,30.95,9.87,46.8,19.4,45.1,SUBE
55028148306257,10227786672,AHC Colla-Juvenation Lift 4 Capsule-Infused Eye Cream For Face 30ml,AHC,17.00,21.08,30.95,9.87,46.8,19.4,45.1,SUBE
55028148863313,3922774228,TONYMOLY INTENSE CARE Gold 24K Snail Eye Cream 30ml,TONYMOLY,17.00,21.08,30.95,9.87,46.8,19.4,45.1,SUBE
55028154138961,4508248483,PETITFEE B-Glucan Deep Firming Eye Mask 70g (60 Patches),PETITFEE,17.00,21.08,30.95,9.87,46.8,19.4,45.1,SUBE
55028156629329,4508267230,PETITFEE Pink Vita Brightening Eye Mask 70g (60 Patches),PETITFEE,17.00,21.08,30.95,9.87,46.8,19.4,45.1,SUBE
55028158300497,Elizavecca920,Elizavecca Milky Piggy Hell-Pore Gold Hyaluronic acid eye patch 60ea/90g,Elizavecca,17.00,21.08,30.95,9.87,46.8,19.4,45.1,SUBE
55028158726481,4900076704,[Pyunkang Yul] Black Tea Time Reverse Eye Cream 25ml,Pyunkang Yul,17.00,21.08,30.95,9.87,46.8,19.4,45.1,SUBE
55028160364881,11367211582,NEOGEN Dermalogy V.Biome Advanced Eye Cream 35ml,NEOGEN,17.00,21.08,30.95,9.87,46.8,19.4,45.1,SUBE
55028168491345,11573711682,[THANK YOU FARMER] Grape Aqua Hyaluron Biome Jelly Eye Patch 84g/60ea,THANK YOU FARMER,17.00,21.08,30.95,9.87,46.8,19.4,45.1,SUBE
55029192917329,10909687985,Dr.Melaxin Peel Shot Exfoliating Black Rice Ampoule 80ml,Dr.Melaxin,17.00,21.08,30.95,9.87,46.8,19.4,45.1,SUBE
55029207597393,11888168744,Cos De BAHA Nicotinamide Mononucleotide NMN 10% NN Serum 30ml,Cos De BAHA,17.00,21.08,30.95,9.87,46.8,19.4,45.1,SUBE
55029209268561,A227144,ODELOI Pore Tightening Cica 83.7 Collagen Mist Ampoule Luftig 100ml,ODELOI,17.00,21.08,30.95,9.87,46.8,19.4,45.1,SUBE
55029233910097,12780776335,Dr.Melaxin Peel Shot Exfoliating TX Serum 80ml,Dr.Melaxin,17.00,21.08,30.95,9.87,46.8,19.4,45.1,SUBE
55029234106705,6363535681,Dr.Melaxin TX Tranexamic Acid Cream 50ml,Dr.Melaxin,17.00,21.08,30.95,9.87,46.8,19.4,45.1,SUBE
55029410824529,6411275256,d'Alba Waterfull Vegan Sleeping Pack (Spout Type) 60ml,d'Alba,17.00,21.08,30.95,9.87,46.8,19.4,45.1,SUBE
55029410988369,10747984141,[ONE THING] Modeling Pack 1kg #Houttuynia Cordata,ONE THING,17.00,21.08,30.95,9.87,46.8,19.4,45.1,SUBE
55029411086673,10747984141,[ONE THING] Modeling Pack 1kg #Hyaluronic Acid,ONE THING,17.00,21.08,30.95,9.87,46.8,19.4,45.1,SUBE
55029411184977,4508510547,make p:rem Safe Me. Relief Moisture Mask 15 25ml x 10ea,make p:rem,17.00,21.08,30.95,9.87,46.8,19.4,45.1,SUBE
55029447917905,10747984141,[ONE THING] Modeling Pack 1kg #Collagen,ONE THING,17.00,21.08,30.95,9.87,46.8,19.4,45.1,SUBE
55029448016209,papa311,papa recipe Bombee Honey Mask Set 25g x 10 pcs,papa recipe,17.00,21.08,30.95,9.87,46.8,19.4,45.1,SUBE
55029448212817,9454669698,Easydew Barrier Repair Mask 25g X 4ea,Easydew,17.00,21.08,30.95,9.87,46.8,19.4,45.1,SUBE
55029448311121,9707999546,MEDIHEAL Derma Synergy Wrapping Mask Sheet 10P #Tea tree X Cica,MEDIHEAL,17.00,21.08,30.95,9.87,46.8,19.4,45.1,SUBE
55029448409425,9707615308,MEDIHEAL Derma Synergy Wrapping Mask Sheet 10P #Retinol X LHA,MEDIHEAL,17.00,21.08,30.95,9.87,46.8,19.4,45.1,SUBE
55029448540497,5446749119,Huxley Conditioning Mask : One Moment 5P,Huxley,17.00,21.08,30.95,9.87,46.8,19.4,45.1,SUBE
55029448638801,8535173299,Huxley Balance Mask; Hold Tight 18ml 10P,Huxley,17.00,21.08,30.95,9.87,46.8,19.4,45.1,SUBE
55029448737105,220715316,MEDIHEAL Tea Tree Nude Gel Mask Sheet 10p,MEDIHEAL,17.00,21.08,30.95,9.87,46.8,19.4,45.1,SUBE
55029448933713,6626790609,Dr.Jart+ Ceramidin Cream-Infused Mask 18g X 5ea,Dr.Jart+,17.00,21.08,30.95,9.87,46.8,19.4,45.1,SUBE
55029449032017,235523462,CQMONG Diamond Ampoule Sheet Mask 30ml X 10ea,CQMONG,17.00,21.08,30.95,9.87,46.8,19.4,45.1,SUBE
55029450178897,1998777605,Rokkiss Real Twinkle Mask Pack 20ea,Rokkiss,17.00,21.08,30.95,9.87,46.8,19.4,45.1,SUBE
55029464400209,10779496575,[Pyunkang Yul] Brightening Maskpack for Porcelain Skin 25ml*10ea,Pyunkang Yul,17.00,21.08,30.95,9.87,46.8,19.4,45.1,SUBE
55029484814673,5129458740,Dr.Ceuracle Ganghwa Rice Granule Pack 115ml,Dr.Ceuracle,17.00,21.08,30.95,9.87,46.8,19.4,45.1,SUBE
55029495267665,4890399003,NEOGEN Black Caviar Essential Mask 23ml x 10ea,NEOGEN,17.00,21.08,30.95,9.87,46.8,19.4,45.1,SUBE
55029518991697,11774839801,belif Super Knights Vita Collagen Wrapping Mask 70ml,belif,17.00,21.08,30.95,9.87,46.8,19.4,45.1,SUBE
55032537088337,10470861455,bravity PDRN Stem Cell Skin Booster Mask 40ml X 5ea,bravity,17.00,21.08,30.95,9.87,46.8,19.4,45.1,SUBE
55032557633873,12707579389,Dr.Melaxin TX Astaxanthin Overnight Wrapping Mask 80ml,Dr.Melaxin,17.00,21.08,30.95,9.87,46.8,19.4,45.1,SUBE
55032632344913,4745226882,AMPLE:N Hyalruon Shot Bubble Cleanser 450ml,AMPLE:N,17.00,21.08,30.95,9.87,46.8,19.4,45.1,SUBE
55032632541521,4652125899,[so natural] Ampoule In Cleansing Oil 200ml,so natural,17.00,21.08,30.95,9.87,46.8,19.4,45.1,SUBE
55032632672593,3501206184,[By Wishtrend] Green Tea & Enzyme Powder Wash 110g,By Wishtrend,17.00,21.08,30.95,9.87,46.8,19.4,45.1,SUBE
55032635064657,4731385261,"Huxley Cleansing Foam ; Deep Clean, Deep Moist 150g",Huxley,17.00,21.08,30.95,9.87,46.8,19.4,45.1,SUBE
55032636309841,9930805246,IOPE Bio Conditioning Essence Foam 180ml,IOPE,17.00,21.08,30.95,9.87,46.8,19.4,45.1,SUBE
55032636473681,4954609894,Sulwhasoo Gentle Cleansing Foam 200ml,Sulwhasoo,17.00,21.08,30.95,9.87,46.8,19.4,45.1,SUBE
55032636604753,3432655277,iUNIK Calendula Complete Cleansing Oil 200ml,iUNIK,17.00,21.08,30.95,9.87,46.8,19.4,45.1,SUBE
55032637096273,5133158919,[THANK YOU FARMER] Pollufree Makeup Melting Cleansing Balm 90ml,THANK YOU FARMER,17.00,21.08,30.95,9.87,46.8,19.4,45.1,SUBE
55032637325649,5225935961,[The History of Whoo] GONGJINHYANG SEOL Brightening Foam Cleansing 180ml,The History of Whoo,17.00,21.08,30.95,9.87,46.8,19.4,45.1,SUBE
55033103352145,4928582199,d'Alba White Truffle Deep Clean Foam Cleanser 80ml,d'Alba,17.00,21.08,30.95,9.87,46.8,19.4,45.1,SUBE
55033104892241,9539747920,heimish Matcha Biome Perfect Cleansing Oil 150ml,heimish,17.00,21.08,30.95,9.87,46.8,19.4,45.1,SUBE
55033120948561,11107089021,FULLY GREEN TOMATO GELATO PACK CLEANSER 100ml,FULLY,17.00,21.08,30.95,9.87,46.8,19.4,45.1,SUBE
55033122586961,10169817466,AROMATICA Vitalizing Rosemary Pore Cleansing Oil 200ml,AROMATICA,17.00,21.08,30.95,9.87,46.8,19.4,45.1,SUBE
55033135038801,11528937931,belif Super Drops Vita Deep Cleansing Oil 150ml,belif,17.00,21.08,30.95,9.87,46.8,19.4,45.1,SUBE
55033143198033,11433547585,O HUI Prime Advancer Gel to Foam Deep Cleanser 200ml,O HUI,17.00,21.08,30.95,9.87,46.8,19.4,45.1,SUBE
55033148211537,10139694464,ongredients Pore Cleansing Pads 160g/60ea,ongredients,17.00,21.08,30.95,9.87,46.8,19.4,45.1,SUBE
55033150177617,12248489141,nutseline Mint Choco Cleansing Pack Foam 130g,nutseline,17.00,21.08,30.95,9.87,46.8,19.4,45.1,SUBE
55033155944785,13280215605,[MANYO FACTORY] Pure Soybean Cleansing Water 500ml,Manyo Factory,17.00,21.08,30.95,9.87,46.8,19.4,45.1,SUBE
55033167413585,10119341205,AROMATICA Eucalyptus Shampoo 15 Amino 1000ml,AROMATICA,17.00,21.08,30.95,9.87,46.8,19.4,45.1,SUBE
55033169281361,10928287581,[Daeng Gi Meo Ri] Mellow Perfume Shampoo 380ml,Daeng Gi Meo Ri,17.00,21.08,30.95,9.87,46.8,19.4,45.1,SUBE
55033169412433,8770975642,[Daeng Gi Meo Ri] Premium Black Garlic & Curcumin Shampoo 500ml,Daeng Gi Meo Ri,17.00,21.08,30.95,9.87,46.8,19.4,45.1,SUBE
55033609093457,10512516889,GRAFEN Match Up Cover Stick Foundation 12g #21 Light Beige,GRAFEN,17.00,21.08,30.95,9.87,46.8,19.4,45.1,SUBE
55033613779281,4674262458,GRAFEN Handsome Cover Cushion 14g (2colors),GRAFEN,17.00,21.08,30.95,9.87,46.8,19.4,45.1,SUBE
55033613812049,4674262458,GRAFEN Handsome Cover Cushion 14g (2colors),GRAFEN,17.00,21.08,30.95,9.87,46.8,19.4,45.1,SUBE
55033660932433,13269002427,3CE Glazy Lip Glow 3.2g (11colors),3CE,17.00,21.08,30.95,9.87,46.8,19.4,45.1,SUBE
55033660965201,13269002427,3CE Glazy Lip Glow 3.2g (11colors),3CE,17.00,21.08,30.95,9.87,46.8,19.4,45.1,SUBE
55033660997969,13269002427,3CE Glazy Lip Glow 3.2g (11colors),3CE,17.00,21.08,30.95,9.87,46.8,19.4,45.1,SUBE
55033661030737,13269002427,3CE Glazy Lip Glow 3.2g (11colors),3CE,17.00,21.08,30.95,9.87,46.8,19.4,45.1,SUBE
55033661063505,13269002427,3CE Glazy Lip Glow 3.2g (11colors),3CE,17.00,21.08,30.95,9.87,46.8,19.4,45.1,SUBE
55033661096273,13269002427,3CE Glazy Lip Glow 3.2g (11colors),3CE,17.00,21.08,30.95,9.87,46.8,19.4,45.1,SUBE
55033661129041,13269002427,3CE Glazy Lip Glow 3.2g (11colors),3CE,17.00,21.08,30.95,9.87,46.8,19.4,45.1,SUBE
55033661161809,13269002427,3CE Glazy Lip Glow 3.2g (11colors),3CE,17.00,21.08,30.95,9.87,46.8,19.4,45.1,SUBE
55033661194577,13269002427,3CE Glazy Lip Glow 3.2g (11colors),3CE,17.00,21.08,30.95,9.87,46.8,19.4,45.1,SUBE
55033661227345,13269002427,3CE Glazy Lip Glow 3.2g (11colors),3CE,17.00,21.08,30.95,9.87,46.8,19.4,45.1,SUBE
55033661260113,13269002427,3CE Glazy Lip Glow 3.2g (11colors),3CE,17.00,21.08,30.95,9.87,46.8,19.4,45.1,SUBE
55026964726097,8670433120,KUNDAL CLASSIC MEN'S AQUA SEBUM BALANCING ALL IN ONE LOTION 150ml,KUNDAL,15.00,18.60,27.95,9.35,50.3,19.4,46.3,SUBE
55026966659409,000359,ATOMY Homme Tone Up Moisturizer 33ml,ATOMY,15.00,18.60,27.95,9.35,50.3,19.4,46.3,SUBE
55026966692177,000359,ATOMY Homme Tone Up Moisturizer 33ml,ATOMY,15.00,18.60,27.95,9.35,50.3,19.4,46.3,SUBE
55026970886481,8637401442,TONYMOLY Intense Care Homme Gold 24K Snail Emulsion 130ml,TONYMOLY,15.00,18.60,27.95,9.35,50.3,19.4,46.3,SUBE
55026975015249,5294486021,d'Alba White Truffle Balancing Serum Skin 80ml,d'Alba,15.00,18.60,27.95,9.35,50.3,19.4,46.3,SUBE
55027015614801,10812202491,SENNOK Bbiyaki Guasha,SENNOK,15.00,18.60,27.95,9.35,50.3,19.4,46.3,SUBE
55027016565073,9984669584,HEVEBLUE Natural White Clay Homecare Relaxing Gua Sha,HEVEBLUE,15.00,18.60,27.95,9.35,50.3,19.4,46.3,SUBE
55027026493777,534316494,[THANK YOU FARMER] Sun Project Light Sun Essence SPF50+ PA+++ 40ml,THANK YOU FARMER,15.00,18.60,27.95,9.35,50.3,19.4,46.3,SUBE
55027032195409,121,HERA SUN MATE LEPORTS PRO WATERPROOF SPF 50+ / PA++++ 70ml,HERA,15.00,18.60,27.95,9.35,50.3,19.4,46.3,SUBE
55027164119377,6473259158,MISSHA Chogongjin Sulbon Sunscreen SPF50+ PA++++ 50ml,MISSHA,15.00,18.60,27.95,9.35,50.3,19.4,46.3,SUBE
55027176636753,5203665108,O HUI Day Shield Perfect Sun Red SPF50+ PA++++ 50ml,O HUI,15.00,18.60,27.95,9.35,50.3,19.4,46.3,SUBE
55027177652561,5203668030,O HUI Day Shield Perfect Sun Black SPF50+ PA++++ 50ml,O HUI,15.00,18.60,27.95,9.35,50.3,19.4,46.3,SUBE
55027181027665,8708857707,AESTURA Derma UV 365 Red Calming Tone-up Sunscreen 40ml,AESTURA,15.00,18.60,27.95,9.35,50.3,19.4,46.3,SUBE
55027189678417,3878109728,ROVECTIN INTENSE MOISTURE SUN CREAM SPF50+ PA++++ 50ml,ROVECTIN,15.00,18.60,27.95,9.35,50.3,19.4,46.3,SUBE
55027204850001,5465379810,ILLIYOON Mild Easy-wash Sunscreen 150ml,ILLIYOON,15.00,18.60,27.95,9.35,50.3,19.4,46.3,SUBE
55027207110993,10012419587,JUNGSAEMMOOL Sunsual Active Proof Sun 70ml SPF 50+ / PA++++,JUNGSAEMMOOL,15.00,18.60,27.95,9.35,50.3,19.4,46.3,SUBE
55027209339217,5694706375,[THANK YOU FARMER] Sun Project Silky Calming Sun Stick SPF50+ PA++++ 14g,THANK YOU FARMER,15.00,18.60,27.95,9.35,50.3,19.4,46.3,SUBE
55027228574033,5498205690,make p:rem UV Defense Me. Daily Sun Fluid 150ml,make p:rem,15.00,18.60,27.95,9.35,50.3,19.4,46.3,SUBE
55028069433681,10040734403,ROVECTIN Calming Lotus Sun Cream SPF50 PA++++ 50ml,ROVECTIN,15.00,18.60,27.95,9.35,50.3,19.4,46.3,SUBE
55028070023505,8894633441,Genabelle PDRN Dewy Tone-Up Sunscreen SPF50+ PA++++ 40ml,Genabelle,15.00,18.60,27.95,9.35,50.3,19.4,46.3,SUBE
55028073005393,8602249142,tfit Skin Fit Sun Fluid SPF50+ PA++++ 50ml,tfit,15.00,18.60,27.95,9.35,50.3,19.4,46.3,SUBE
55028075397457,7932867867,BUSHMAN Waterproof Surfing Sun Stick SPF50+ PA++++ 20g,BUSHMAN,15.00,18.60,27.95,9.35,50.3,19.4,46.3,SUBE
55028078674257,1319773082,Paul Madison Signature Body Wash White Musk fragrance 1077mL 2pc,PAUL MEDISON,15.00,18.60,27.95,9.35,50.3,19.4,46.3,SUBE
55028078772561,4843179666,"PAUL MEDISON Signature Large Capacity Perfume Body Lotion White Musk 1,077ml X 2",PAUL MEDISON,15.00,18.60,27.95,9.35,50.3,19.4,46.3,SUBE
55028080017745,324560680,Isfren Intensive Moisture Calming Solution Body Cream 450ml,Isfren,15.00,18.60,27.95,9.35,50.3,19.4,46.3,SUBE
55028084343121,8006386479,GROWUS Damage Therapy Body Scrub 280g,GROWUS,15.00,18.60,27.95,9.35,50.3,19.4,46.3,SUBE
55028089389393,10673916290,Innisfree Isle Number Body & Hand Wash 300ml #Green Tea Essence,innisfree,15.00,18.60,27.95,9.35,50.3,19.4,46.3,SUBE
55028092666193,10379692000,AROMATICA Inspirit Body Wash Basil & Bergamot 300ml,AROMATICA,15.00,18.60,27.95,9.35,50.3,19.4,46.3,SUBE
55028095484241,10254778724,AROMATICA Vitalizing Rosemary All-In-One Wash 300ml (Refill),AROMATICA,15.00,18.60,27.95,9.35,50.3,19.4,46.3,SUBE
55028101710161,6260463007,Parnell Cicamanu pH Balanced Body Wash 400ml,Parnell,15.00,18.60,27.95,9.35,50.3,19.4,46.3,SUBE
55028105806161,Rokkiss Calendula Skin Toner Emulsion SET 150ml +150ml Wrinkle Care,Rokkiss Calendula Skin Toner Emulsion SET 150ml +150ml Wrinkle Care,Rokkiss,15.00,18.60,27.95,9.35,50.3,19.4,46.3,SUBE
55028107542865,KLAIRS Daily Comfort Hand Cream 370g,KLAIRS Daily Comfort Hand Cream(Unscented) 370g,KLAIRS,15.00,18.60,27.95,9.35,50.3,19.4,46.3,SUBE
55028113113425,10310133228,[Pyunkang Yul] Hand Cream Dancheong 75ml,Pyunkang Yul,15.00,18.60,27.95,9.35,50.3,19.4,46.3,SUBE
55028118028625,5091943258,belif Moisturizing Lip Bomb 3g Pink,belif,15.00,18.60,27.95,9.35,50.3,19.4,46.3,SUBE
55028132282705,5489090710,isoi Blemish Care Eye Concentrate 17ml,isoi,15.00,18.60,27.95,9.35,50.3,19.4,46.3,SUBE
55028147388753,10064627251,AHC Pro Shot Hyaluro-Deep Volume 5 Capsule-Infused Eye Cream For Face 30ml,AHC,15.00,18.60,27.95,9.35,50.3,19.4,46.3,SUBE
55028148568401,6857559493,AHC Ten Revolution Real Eye Cream For Face 35ml+35ml,AHC,15.00,18.60,27.95,9.35,50.3,19.4,46.3,SUBE
55028157481297,10986503809,TONYMOLY Strong Eyelash Serum 5g,TONYMOLY,15.00,18.60,27.95,9.35,50.3,19.4,46.3,SUBE
55028157841745,9391862918,innisfree Jeju Orchid Eye Cream 30ml,innisfree,15.00,18.60,27.95,9.35,50.3,19.4,46.3,SUBE
55028162330961,10760652737,Dr.G Hydra Aqua Retinol Eye Cream 20ml,Dr.G,15.00,18.60,27.95,9.35,50.3,19.4,46.3,SUBE
55028174160209,9946240061,Dr.Melaxin Cemenrete Calcium Volume Eye Patch 72g/60ea,Dr.Melaxin,15.00,18.60,27.95,9.35,50.3,19.4,46.3,SUBE
55029208777041,9670755382,Cos De BAHA L3 Bakuchiol 2% + Retinol 1% Serum 30ml,Cos De BAHA,15.00,18.60,27.95,9.35,50.3,19.4,46.3,SUBE
55029211332945,8011291042,CKD Retino Collagen Small Molecule 300 Guasha Neck Cream 50ml,CKD,15.00,18.60,27.95,9.35,50.3,19.4,46.3,SUBE
55029214544209,9811398235,Green Finger FoRest Phyton Hydra Cica Serum 50ml,Green Finger FoRest,15.00,18.60,27.95,9.35,50.3,19.4,46.3,SUBE
55029236564305,9424340119,Dr.Melaxin Cemenrete Calcium Intense Ampoule Plus 30ml,Dr.Melaxin,15.00,18.60,27.95,9.35,50.3,19.4,46.3,SUBE
55029239873873,7316203619,DERMALINE PDX Cica EXO After Care Cream 40g,DERMALINE,15.00,18.60,27.95,9.35,50.3,19.4,46.3,SUBE
55029255930193,11075883158,GRAFEN Calming Green Serum 50ml,GRAFEN,15.00,18.60,27.95,9.35,50.3,19.4,46.3,SUBE
55029256061265,12990031433,[MANYO FACTORY] Glutathione 7 Dark Spot Serum Patch 72g/30ea,Manyo Factory,15.00,18.60,27.95,9.35,50.3,19.4,46.3,SUBE
55029262451025,5906864397,Isntree Onion Newpair Gel Cream Plus 50ml,Isntree,15.00,18.60,27.95,9.35,50.3,19.4,46.3,SUBE
55029403550033,Elizavecca518,Elizavecca Milky Piggy Water Coating Aqua Brightening Mask 100ml,Elizavecca,15.00,18.60,27.95,9.35,50.3,19.4,46.3,SUBE
55029403943249,8091482081,heimish Matcha Biomet Low Ph Hydrating Mask Sheet 30ml X 5ea,heimish,15.00,18.60,27.95,9.35,50.3,19.4,46.3,SUBE
55029404074321,10393972268,WELLAGE Real Hyaluronic Blue Ampoule Mask Sheet 27ml X 10P,WELLAGE,15.00,18.60,27.95,9.35,50.3,19.4,46.3,SUBE
55029404172625,5870075870,REJURAN Turnover Mask (Prev. Healing Mask) 40ml X 5ea,REJURAN,15.00,18.60,27.95,9.35,50.3,19.4,46.3,SUBE
55029404270929,7982972194,Isntree Ultra-Low Molecular Hyaluronic Acid Mask 25g X 10ea,Isntree,15.00,18.60,27.95,9.35,50.3,19.4,46.3,SUBE
55029404402001,5605412574,Dr.Jart+ Pore·remedy Purifying Mud Face Mask 13g X 5ea,Dr.Jart+,15.00,18.60,27.95,9.35,50.3,19.4,46.3,SUBE
55029404467537,7464567662,Dr.Jart+ Ceramidin Skin Barrier Moisturizing Mask 22g X 5ea,Dr.Jart+,15.00,18.60,27.95,9.35,50.3,19.4,46.3,SUBE
55029404631377,29141782624,[MARY & MAY] Niacinanide Vitamin C Brightening Sheets 30 Sheets,MARY & MAY,15.00,18.60,27.95,9.35,50.3,19.4,46.3,SUBE
55029404795217,2069051665,[MARY & MAY] Hyaluronic Panthenol Hydra Mask Sheets 30 Sheets,MARY & MAY,15.00,18.60,27.95,9.35,50.3,19.4,46.3,SUBE
55029404893521,6380013556,[MARY & MAY] Collagen Peptide Vital Mask Sheets 30 Sheets,MARY & MAY,15.00,18.60,27.95,9.35,50.3,19.4,46.3,SUBE
55029405155665,220213732,[MARY & MAY] CICA Houttuynia Tea Tree Calming Mask Sheets 30 Sheets,MARY & MAY,15.00,18.60,27.95,9.35,50.3,19.4,46.3,SUBE
55029405974865,5508849710,[Real Barrier] Aqua Soothing Cream Mask Sheet 30ml X 10ea,Real Barrier,15.00,18.60,27.95,9.35,50.3,19.4,46.3,SUBE
55029406105937,1133056081,[I'm Sorry For My Skin] Jelly Mask Revitalizing 33ml X 10ea,I'm Sorry For My Skin,15.00,18.60,27.95,9.35,50.3,19.4,46.3,SUBE
55029406335313,1133054336,[I'm Sorry For My Skin] pH 5.5 Soothing Jelly Mask Sheet 33ml X 10ea,I'm Sorry For My Skin,15.00,18.60,27.95,9.35,50.3,19.4,46.3,SUBE
55029407252817,5605412574,Dr.Jart+ PORE REMEDY PURIFYING MUD MASK 13g X 5ea,Dr.Jart+,15.00,18.60,27.95,9.35,50.3,19.4,46.3,SUBE
55029407383889,5508849457,[Real Barrier] Aqua Soothing Ampoule Mask Sheet 28ml X 10ea,Real Barrier,15.00,18.60,27.95,9.35,50.3,19.4,46.3,SUBE
55029407514961,188177334,VITAHALO Whitening & Hydrating Black Mask 25ml × 20ea,VITAHALO,15.00,18.60,27.95,9.35,50.3,19.4,46.3,SUBE
55029407646033,1272185216,"Vitahalo 50p Skin fit mask sheet Collagen, Aloe vera essential",VITAHALO,15.00,18.60,27.95,9.35,50.3,19.4,46.3,SUBE
55029467939153,8040106647,[I'm Sorry For My Skin] Black Mud Mask 18g*10ea #Tightening,I'm Sorry For My Skin,15.00,18.60,27.95,9.35,50.3,19.4,46.3,SUBE
55029479342417,10338009977,[I'm Sorry For My Skin] pH 5.5 Jelly Mask 33ml*10ea #Moisture,I'm Sorry For My Skin,15.00,18.60,27.95,9.35,50.3,19.4,46.3,SUBE
55029480161617,5898220763,[I'm Sorry For My Skin] Green Mud Mask - Soothing 18g*10ea,I'm Sorry For My Skin,15.00,18.60,27.95,9.35,50.3,19.4,46.3,SUBE
55029493891409,11363529865,[Real Barrier] Retinol Pore Tightening Serum Gel Mask 30g*5ea,Real Barrier,15.00,18.60,27.95,9.35,50.3,19.4,46.3,SUBE
55029501034833,11145961024,[Cell Fusion C] Glass Skin Collagen Mask Sheet 35g X 5ea,Cell Fusion C,15.00,18.60,27.95,9.35,50.3,19.4,46.3,SUBE
55029502181713,11601247431,SKINFOOD Rice Brightening Mask 25g x 10ea,SKINFOOD,15.00,18.60,27.95,9.35,50.3,19.4,46.3,SUBE
55029503328593,11351319607,SKINFOOD Blue Chamomile Hyaluronic Mask Sheet 25g X 10ea,SKINFOOD,15.00,18.60,27.95,9.35,50.3,19.4,46.3,SUBE
55029509947729,10510047153,Dr.G RED BLEMISH Quick PHA Mask Sheet 280g/30ea,Dr.G,15.00,18.60,27.95,9.35,50.3,19.4,46.3,SUBE
55029510373713,11688980337,Dr.G Revital Enhancer EGF Gel Mask 30g X 4ea,Dr.G,15.00,18.60,27.95,9.35,50.3,19.4,46.3,SUBE
55029511258449,6873219640,Dr.G Royal Black Snail Ampoule Mask Sheet 30g X 10ea,Dr.G,15.00,18.60,27.95,9.35,50.3,19.4,46.3,SUBE
55029514502481,11635657513,SUNGBOON EDITOR Deep Collagen Cica Tea Tree Soothing Mask 37g X 4ea,SUNGBOON EDITOR,15.00,18.60,27.95,9.35,50.3,19.4,46.3,SUBE
55029514895697,11635670313,SUNGBOON EDITOR Deep Collagen Hyalu-B5 Hydrating Mask 37ml X 4ea,SUNGBOON EDITOR,15.00,18.60,27.95,9.35,50.3,19.4,46.3,SUBE
55029515125073,11635677772,SUNGBOON EDITOR Deep Collagen Niacin-Vita C Brightening Mask 37g X 4ea,SUNGBOON EDITOR,15.00,18.60,27.95,9.35,50.3,19.4,46.3,SUBE
55029519548753,11705435723,Dr.Althea Cushion Veil Calming Mask Sheet 28g X 4ea,Dr.Althea,15.00,18.60,27.95,9.35,50.3,19.4,46.3,SUBE
55029532131665,6707155927,[NATURE REPUBLIC] Intense Multi Collagen Mucin Daily Mask Sheet 350ml/30ea,NATURE REPUBLIC,15.00,18.60,27.95,9.35,50.3,19.4,46.3,SUBE
55029532459345,11818291630,WELLAGE Hyper Toning Vita C Bubble Mask 25g X 5ea,WELLAGE,15.00,18.60,27.95,9.35,50.3,19.4,46.3,SUBE
55032532140369,11497571387-5,Parnell Panthenol Heartleaf Cool Calming Mask 20ml X 5ea,Parnell,15.00,18.60,27.95,9.35,50.3,19.4,46.3,SUBE
55032545116497,11525604159,MEDIHEAL Derma Ampoule Mask I.P.I 26ml X 10ea,MEDIHEAL,15.00,18.60,27.95,9.35,50.3,19.4,46.3,SUBE
55032546459985,11525589997,MEDIHEAL Derma Ampoule Mask H.P.A 26ml X 10ea,MEDIHEAL,15.00,18.60,27.95,9.35,50.3,19.4,46.3,SUBE
55032547410257,11525541108,MEDIHEAL Derma Ampoule Mask E.G.T 26ml X 10ea,MEDIHEAL,15.00,18.60,27.95,9.35,50.3,19.4,46.3,SUBE
55032550195537,12026596653_4,MEDIHEAL Hyper Hyaluronate Gel Mask 34g X 4ea,MEDIHEAL,15.00,18.60,27.95,9.35,50.3,19.4,46.3,SUBE
55032554291537,2639977042,LINDSAY Premium Modeling Pack 1kg #Cool Tea Tree,LINDSAY,15.00,18.60,27.95,9.35,50.3,19.4,46.3,SUBE
55032554389841,2639977042,LINDSAY Premium Modeling Pack 1kg #Pearl,LINDSAY,15.00,18.60,27.95,9.35,50.3,19.4,46.3,SUBE
55032554750289,2639977042,LINDSAY Premium Modeling Pack 1kg #Vitamin,LINDSAY,15.00,18.60,27.95,9.35,50.3,19.4,46.3,SUBE
55032554979665,2639977042,LINDSAY Premium Modeling Pack 1kg #Spirulina,LINDSAY,15.00,18.60,27.95,9.35,50.3,19.4,46.3,SUBE
55032555143505,2639977042,LINDSAY Premium Modeling Pack 1kg #Collagen,LINDSAY,15.00,18.60,27.95,9.35,50.3,19.4,46.3,SUBE
55032555274577,2639977042,LINDSAY Premium Modeling Pack 1kg #Gold,LINDSAY,15.00,18.60,27.95,9.35,50.3,19.4,46.3,SUBE
55032555503953,2639977042,LINDSAY Premium Modeling Pack 1kg #Charcoal,LINDSAY,15.00,18.60,27.95,9.35,50.3,19.4,46.3,SUBE
55032555602257,2639977042,LINDSAY Premium Modeling Pack 1kg #Cacao,LINDSAY,15.00,18.60,27.95,9.35,50.3,19.4,46.3,SUBE
55032555700561,2639977042,LINDSAY Premium Modeling Pack 1kg #Calendula,LINDSAY,15.00,18.60,27.95,9.35,50.3,19.4,46.3,SUBE
55032555897169,12842959779,MEDIHEAL PDRN Wrapping Serum Lifting Mask 25ml X 10ea,MEDIHEAL,15.00,18.60,27.95,9.35,50.3,19.4,46.3,SUBE
55032556061009,12842928683,MEDIHEAL Madecassoside Wrapping Serum Mask 25ml X 10ea,MEDIHEAL,15.00,18.60,27.95,9.35,50.3,19.4,46.3,SUBE
55032556519761,2639977042,LINDSAY Premium Modeling Pack 1kg #Herb Lavender,LINDSAY,15.00,18.60,27.95,9.35,50.3,19.4,46.3,SUBE
55032556814673,12842949878,MEDIHEAL Hyaluronate Wrapping Serum Mask 25ml X 10ea,MEDIHEAL,15.00,18.60,27.95,9.35,50.3,19.4,46.3,SUBE
55032556945745,12842944434,MEDIHEAL Teatree Wrapping Serum Mask 25ml X 10ea,MEDIHEAL,15.00,18.60,27.95,9.35,50.3,19.4,46.3,SUBE
55032557502801,12842938708,MEDIHEAL Vitamin C Wrapping Serum Mask 25ml X 10ea,MEDIHEAL,15.00,18.60,27.95,9.35,50.3,19.4,46.3,SUBE
55032626184529,9705925402,papa recipe Blemish Cleansing Oil 300ml,papa recipe,15.00,18.60,27.95,9.35,50.3,19.4,46.3,SUBE
55032626250065,10249685608,WELLAGE Real Hyaluronic Cleansing Water 400ml,WELLAGE,15.00,18.60,27.95,9.35,50.3,19.4,46.3,SUBE
55032626413905,9737385563,ilso Super Melting Sebum Softener 150ml,ilso,15.00,18.60,27.95,9.35,50.3,19.4,46.3,SUBE
55032626512209,7049957853,ilso Sensitive Bubble Relaxing Cleanser 200g,ilso,15.00,18.60,27.95,9.35,50.3,19.4,46.3,SUBE
55032626708817,5958576095,[THANK YOU FARMER] Pollufree 5.5 pH-Balancing Cleansing Foam 120ml,THANK YOU FARMER,15.00,18.60,27.95,9.35,50.3,19.4,46.3,SUBE
55032626807121,9945320797,HANYUL Pure Artemisia Calming Cleansing Oil 200ml,HANYUL,15.00,18.60,27.95,9.35,50.3,19.4,46.3,SUBE
55032626938193,7236534343,ODELOI Raspberry Salicylic Acid Foam Cleansing 200ml,ODELOI,15.00,18.60,27.95,9.35,50.3,19.4,46.3,SUBE
55032627495249,6720763585,Dr.Jart+ Pore·remedy Renewing Foam Cleanser 150ml,Dr.Jart+,15.00,18.60,27.95,9.35,50.3,19.4,46.3,SUBE
55032627626321,6891611030,Isntree Yam Root Vegan Milk Cleanser 220ml,Isntree,15.00,18.60,27.95,9.35,50.3,19.4,46.3,SUBE
55032627855697,2145251108,[YURI PIBU] Grante Cleansing Oil 300ml,YURI PIBU,15.00,18.60,27.95,9.35,50.3,19.4,46.3,SUBE
55032630018385,534309707,[THANK YOU FARMER] Back to Iceland Peeling Cream 150ml,THANK YOU FARMER,15.00,18.60,27.95,9.35,50.3,19.4,46.3,SUBE
55032630182225,2963423733,isoi CICAGO Cica Clearing Bubble Cleanser 200ml,isoi,15.00,18.60,27.95,9.35,50.3,19.4,46.3,SUBE
55032630575441,387992226,isoi Sensitive Skin Anti-Dust Cleansing Foam 100ml,isoi,15.00,18.60,27.95,9.35,50.3,19.4,46.3,SUBE
55032630640977,5225411714,[The History of Whoo] GONGJINHYANG Facial Cream Cleanser 210ml,The History of Whoo,15.00,18.60,27.95,9.35,50.3,19.4,46.3,SUBE
55032630870353,5225416929,[The History of Whoo] GONGJINHYANG Facial Foam Cleanser 180ml,The History of Whoo,15.00,18.60,27.95,9.35,50.3,19.4,46.3,SUBE
55032630935889,5087954702,belif CREAMY CLEANSING FOAM MOIST 160mL,belif,15.00,18.60,27.95,9.35,50.3,19.4,46.3,SUBE
55033104007505,6891686086,heimish All Clean Balm Mandarin 120ml,heimish,15.00,18.60,27.95,9.35,50.3,19.4,46.3,SUBE
55033111347537,Elizavecca931,Elizavecca Milky Piggy Hell-Pore Clean Up Enzyme Powder Wash 80g,Elizavecca,15.00,18.60,27.95,9.35,50.3,19.4,46.3,SUBE
55033128354129,10614627499,JUNGSAEMMOOL Essential Mool Micro Deep Cleansing Foam 200ml,JUNGSAEMMOOL,15.00,18.60,27.95,9.35,50.3,19.4,46.3,SUBE
55033130025297,11129919288,Dr.G RTX Pre-Cleansing Oil Paste 100ml,Dr.G,15.00,18.60,27.95,9.35,50.3,19.4,46.3,SUBE
55033133302097,7869143127,isoi ACNI Dr.1st Black Deep Cleansing Foam 75ml,isoi,15.00,18.60,27.95,9.35,50.3,19.4,46.3,SUBE
55033134874961,8758557571,SUNGBOON EDITOR Green Tomato Deep Pore Clean Enzyme Powder Wash 50g,SUNGBOON EDITOR,15.00,18.60,27.95,9.35,50.3,19.4,46.3,SUBE
55033141428561,11779815291,MEDIPEEL MELANON X AMPOULE CLEANSER 150ml,MEDIPEEL,15.00,18.60,27.95,9.35,50.3,19.4,46.3,SUBE
55033144312145,12215495920,[THANK YOU FARMER] Rice Pure Milky Cleansing Oil 200ml,THANK YOU FARMER,15.00,18.60,27.95,9.35,50.3,19.4,46.3,SUBE
55033149129041,9390580858,molvany Hypoallergenic LHA CIS Gel Cleanser 200ml,molvany,15.00,18.60,27.95,9.35,50.3,19.4,46.3,SUBE
55033152078161,7459265637,Hanskin Cleansing Oil & Blackhead BHA 300ml,Hanskin,15.00,18.60,27.95,9.35,50.3,19.4,46.3,SUBE
55033153159505,7363455447,Hanskin Cleansing Oil & Blackhead AHA 300ml,Hanskin,15.00,18.60,27.95,9.35,50.3,19.4,46.3,SUBE
55033156370769,13280212035,[MANYO FACTORY] Pure Soybean Cleansing Foam 160ml X 2ea,Manyo Factory,15.00,18.60,27.95,9.35,50.3,19.4,46.3,SUBE
55033160925521,10477005689,Dr.Groot Scalp Solution Shampoo 700ml,Dr.Groot,15.00,18.60,27.95,9.35,50.3,19.4,46.3,SUBE
55033163383121,8745483684,KUNDAL HAIR LOSS RELIEF TREATMENT Real Beer Yeast Hair & Scalp Care 200ml #HERD ,KUNDAL,15.00,18.60,27.95,9.35,50.3,19.4,46.3,SUBE
55033164366161,8952196808,KUNDAL Protein Bonding No Wash Treatment 130ml,KUNDAL,15.00,18.60,27.95,9.35,50.3,19.4,46.3,SUBE
55033164398929,8952196808,KUNDAL Protein Bonding No Wash Treatment 130ml,KUNDAL,15.00,18.60,27.95,9.35,50.3,19.4,46.3,SUBE
55033164431697,8952196808,KUNDAL Protein Bonding No Wash Treatment 130ml,KUNDAL,15.00,18.60,27.95,9.35,50.3,19.4,46.3,SUBE
55033164530001,8602534470,KUNDAL Protein Bonding Shampoo 500ml,KUNDAL,15.00,18.60,27.95,9.35,50.3,19.4,46.3,SUBE
55033164562769,8602534470,KUNDAL Protein Bonding Shampoo 500ml,KUNDAL,15.00,18.60,27.95,9.35,50.3,19.4,46.3,SUBE
55033164595537,8602534470,KUNDAL Protein Bonding Shampoo 500ml,KUNDAL,15.00,18.60,27.95,9.35,50.3,19.4,46.3,SUBE
55033167675729,9924997087,AROMATICA Replenishing Hair Mist Jasmine & Vetiver 100ml,AROMATICA,15.00,18.60,27.95,9.35,50.3,19.4,46.3,SUBE
55033168953681,7714933326,[Daeng Gi Meo Ri] Jin Gi Shampoo 500ml,Daeng Gi Meo Ri,15.00,18.60,27.95,9.35,50.3,19.4,46.3,SUBE
55033170133329,11184387593,NEOGEN Reforest Protein Treatment (Herbal Scent) 500ml,NEOGEN,15.00,18.60,27.95,9.35,50.3,19.4,46.3,SUBE
55033180160337,11778298709,Dr.Groot J Monsters Shampoo Rosy Musk 400ml,Dr.Groot,15.00,18.60,27.95,9.35,50.3,19.4,46.3,SUBE
55033180684625,8746881388,[mise en scene] Perfect Original Hair Essence Serum 200ml,mise en scene,15.00,18.60,27.95,9.35,50.3,19.4,46.3,SUBE
55033194709329,5577106746,GRAFEN Root Booster Tonic 160ml,GRAFEN,15.00,18.60,27.95,9.35,50.3,19.4,46.3,SUBE
55033194905937,4674381201,GRAFEN Remover Shampoo 500ml,GRAFEN,15.00,18.60,27.95,9.35,50.3,19.4,46.3,SUBE
55033196347729,13636138813,LABO-H UV Protector 365 Roll-On Sun Serum SPF50+ PA+++ 15ml,LABO-H,15.00,18.60,27.95,9.35,50.3,19.4,46.3,SUBE
55033196773713,13636140778,LABO-H UV Protector 365 Scalp Sun Mist SPF22 PA++ 80ml,LABO-H,15.00,18.60,27.95,9.35,50.3,19.4,46.3,SUBE
55033610895697,4959746886,GRAFEN Handsome Cover Cushion 14g [Refill] (2colors),GRAFEN,15.00,18.60,27.95,9.35,50.3,19.4,46.3,SUBE
55033610928465,4959746886,GRAFEN Handsome Cover Cushion 14g [Refill] (2colors),GRAFEN,15.00,18.60,27.95,9.35,50.3,19.4,46.3,SUBE
55033611387217,4982531779,GRAFEN Match Up Foundation SPF20 PA++ 40ml (4colors),GRAFEN,15.00,18.60,27.95,9.35,50.3,19.4,46.3,SUBE
55033611419985,4982531779,GRAFEN Match Up Foundation SPF20 PA++ 40ml (4colors),GRAFEN,15.00,18.60,27.95,9.35,50.3,19.4,46.3,SUBE
55033611452753,4982531779,GRAFEN Match Up Foundation SPF20 PA++ 40ml (4colors),GRAFEN,15.00,18.60,27.95,9.35,50.3,19.4,46.3,SUBE
55033611485521,4982531779,GRAFEN Match Up Foundation SPF20 PA++ 40ml (4colors),GRAFEN,15.00,18.60,27.95,9.35,50.3,19.4,46.3,SUBE
55033613877585,2196694340,[GREEN FINGER] Natural Moisture Baby Lotion 200ml x 2ea,GREEN FINGER,15.00,18.60,27.95,9.35,50.3,19.4,46.3,SUBE
55033659556177,11704648896,[SOME BY MI] Yuja Niacin Anti Blemish Daily Mask 370ml/30ea,SOME BY MI,15.00,18.60,27.95,9.35,50.3,19.4,46.3,SUBE
55033660014929,13751057085,[SOME BY MI] AHA BHA PHA Miracle Daily Mask 350ml/30ea,SOME BY MI,15.00,18.60,27.95,9.35,50.3,19.4,46.3,SUBE
55027012272465,13636895407,DEWYTREE AC Deep Men's Calming Pore All-In-One 200ml,DEWYTREE,16.00,19.84,28.95,9.11,45.9,19.4,44.7,SUBE
55027014959441,11107135871,FULLY PORE CLEANSING BRUSH,FULLY,16.00,19.84,28.95,9.11,45.9,19.4,44.7,SUBE
55027168903505,8135869579,O HUI MIRACLE TONING daily sun SPF 50+ / PA++++ 50ml,O HUI,16.00,19.84,28.95,9.11,45.9,19.4,44.7,SUBE
55027211862353,8514878878,MIGUHARA Natural Whitening Sun Guard Cream Origin SPF50+/PA++++ 50ml,MIGUHARA,16.00,19.84,28.95,9.11,45.9,19.4,44.7,SUBE
55028046496081,8676476466,THE FACE SHOP POWER LONG-LASTING SUN CREAM SPF50+ PA+++ 80ml,THE FACE SHOP,16.00,19.84,28.95,9.11,45.9,19.4,44.7,SUBE
55028047708497,8496094073,d'Alba Waterfull Essence Sun Cream SPF50+/PA++++ 50ml,d'Alba,16.00,19.84,28.95,9.11,45.9,19.4,44.7,SUBE
55028048134481,8496182672,"d'Alba Waterfull Tone-Up Sun Cream SPF 50+, PA++++ 50ml",d'Alba,16.00,19.84,28.95,9.11,45.9,19.4,44.7,SUBE
55028048200017,9933206755,d'Alba Waterfull Tone-Up Sun Cream (Purple) 50ml SPF50+ PA++++,d'Alba,16.00,19.84,28.95,9.11,45.9,19.4,44.7,SUBE
55028048822609,8496234398,d'Alba White Truffle Repair Sun Serum 35ml,d'Alba,16.00,19.84,28.95,9.11,45.9,19.4,44.7,SUBE
55028055310673,9999261194,[THE WHOO] Gongjinhyang Sunquid UV Protective Cream SPF50+ PA++++ 50ml,THE WHOO,16.00,19.84,28.95,9.11,45.9,19.4,44.7,SUBE
55028058489169,5092129591,belif UV Protector Multi Sunscreen+ SPF50+ PA++++ 50ml,belif,16.00,19.84,28.95,9.11,45.9,19.4,44.7,SUBE
55028064354641,11492854536,AESTURA DERMA UV 365 VITA-C RADIANCE SUNSCREEN SPF50+ PA++++ 40ml,AESTURA,16.00,19.84,28.95,9.11,45.9,19.4,44.7,SUBE
55028064813393,11514204045,O HUI DAY SHIELD NIACINAMIDE 5% Tone Up Sun SPF50+ PA++++ 50ml,O HUI,16.00,19.84,28.95,9.11,45.9,19.4,44.7,SUBE
55028072415569,7239412561,ongredients Blue Tone Up Sun Lotion SPF50+ PA++++ 50ml,ongredients,16.00,19.84,28.95,9.11,45.9,19.4,44.7,SUBE
55028083786065,8681782027,FATION Nosca 9 Trouble Body Wash 490ml,FATION,16.00,19.84,28.95,9.11,45.9,19.4,44.7,SUBE
55028089782609,6103821205,d'Alba White Truffle Oil Serum Body Cleanser 275ml,d'Alba,16.00,19.84,28.95,9.11,45.9,19.4,44.7,SUBE
55028100366673,6371461096,AESTURA ATOBARRIER 365 BODY LOTION 400ml,AESTURA,16.00,19.84,28.95,9.11,45.9,19.4,44.7,SUBE
55028100464977,6371449325,AESTURA ATOBARRIER 365 BODY CREAM 250ml,AESTURA,16.00,19.84,28.95,9.11,45.9,19.4,44.7,SUBE
55028100530513,11783296283,AESTURA THERACNE 365 NIACINAMIDE 5% BLEMISH BODY MIST 200ml,AESTURA,16.00,19.84,28.95,9.11,45.9,19.4,44.7,SUBE
55028100759889,11252400305,Dr.Belmeur Family Derma Body Lotion 1000ml,Dr.Belmeur,16.00,19.84,28.95,9.11,45.9,19.4,44.7,SUBE
55028103250257,11495251297,d'Alba Vita Ceramide Body Cream 270ml,d'Alba,16.00,19.84,28.95,9.11,45.9,19.4,44.7,SUBE
55028131922257,5038862538,KLAIRS Fundamental Nourishing Eye Butter 20g,KLAIRS,16.00,19.84,28.95,9.11,45.9,19.4,44.7,SUBE
55028157022545,5767460483,TONYMOLY PREMIUM RX Swallow Nest Eye Cream 70ml,TONYMOLY,16.00,19.84,28.95,9.11,45.9,19.4,44.7,SUBE
55028161053009,10615687533,JUNGSAEMMOOL Artist Eyelash Serum 10g (2type),JUNGSAEMMOOL,16.00,19.84,28.95,9.11,45.9,19.4,44.7,SUBE
55028161085777,10615687533,JUNGSAEMMOOL Artist Eyelash Serum 10g (2type),JUNGSAEMMOOL,16.00,19.84,28.95,9.11,45.9,19.4,44.7,SUBE
55029194096977,12310155551,innisfree Green Tea Ceramide Cream 50ml,innisfree,16.00,19.84,28.95,9.11,45.9,19.4,44.7,SUBE
55029232075089,9423997879,Dr.Melaxin Exosome Repair Peeling Serum 50ml,Dr.Melaxin,16.00,19.84,28.95,9.11,45.9,19.4,44.7,SUBE
55029232664913,12780623800,Dr.Melaxin TX Kojic Acid Turmeric Toner Pads 190ml/70ea,Dr.Melaxin,16.00,19.84,28.95,9.11,45.9,19.4,44.7,SUBE
55029407744337,10669639506,DERMATORY Retinal Derm Band Mask 28g X 10ea,DERMATORY,16.00,19.84,28.95,9.11,45.9,19.4,44.7,SUBE
55029408661841,10259132216,ROUND LAB Vita Niacinamide Dark Spot Serum Mask 10ea,Round Lab,16.00,19.84,28.95,9.11,45.9,19.4,44.7,SUBE
55029408956753,379750798,MEDIHEAL N.M.F Nude Gel Mask Sheet 10p,MEDIHEAL,16.00,19.84,28.95,9.11,45.9,19.4,44.7,SUBE
55029409055057,2512769,EUNYUL Collagen Natural Moisture Mask Pack 22ml x 50ea,EUNYUL,16.00,19.84,28.95,9.11,45.9,19.4,44.7,SUBE
55029409218897,4487103094,daymellow Snow Mushroom Real Ampoule Mask 27ml X 10ea,daymellow,16.00,19.84,28.95,9.11,45.9,19.4,44.7,SUBE
55029409317201,5579254268,AXIS-Y 61% Mugwort Green Vital Energy Complex Sheet Mask 27ml x 5pcs,AXIS-Y,16.00,19.84,28.95,9.11,45.9,19.4,44.7,SUBE
55029410070865,2527906,EUNYUL Aloe Natural Moisture Mask Pack 22ml x 50ea,EUNYUL,16.00,19.84,28.95,9.11,45.9,19.4,44.7,SUBE
55029410201937,205517129,EUNYUL Natural Sheet Mask Pack Set 50 Sheets (Aloe 10p + Collagen 10p + Pearl 10,EUNYUL,16.00,19.84,28.95,9.11,45.9,19.4,44.7,SUBE
55029410365777,1739437090,Abib Mild Acidic pH Sheet Mask Heartleaf Fit 30ml X 10pcs,Abib,16.00,19.84,28.95,9.11,45.9,19.4,44.7,SUBE
55029482226001,6337979151,Dr.Althea Premium Cica Modeling Mask Set 25g*5ea,Dr.Althea,16.00,19.84,28.95,9.11,45.9,19.4,44.7,SUBE
55029482553681,8097306873,Dr.Althea Premium Rosa Modeling Mask Set 25g*5ea,Dr.Althea,16.00,19.84,28.95,9.11,45.9,19.4,44.7,SUBE
55029506867537,10221749044,SKINFOOD Fig Vegan Collagen Hydrogel Mask Sheet 31g X 5ea,SKINFOOD,16.00,19.84,28.95,9.11,45.9,19.4,44.7,SUBE
55029507653969,11877324568,Dr.G RED BLEMISH Cool Collagen Firming Mask 30g X 10ea,Dr.G,16.00,19.84,28.95,9.11,45.9,19.4,44.7,SUBE
55029508079953,11877282813,Dr.G RED BLEMISH Cool Vita C Clear Mask 30g X 10ea,Dr.G,16.00,19.84,28.95,9.11,45.9,19.4,44.7,SUBE
55029526626641,11943363071,MEDIPEEL PHYTO CICA-NOL B5 CALMING VEGAN MASK 350g/30ea,MEDIPEEL,16.00,19.84,28.95,9.11,45.9,19.4,44.7,SUBE
55029529084241,12041945704,CENTELLIAN24 MADECA LAB PDRN Skin Tightening Glow Gel Mask 23ml X 5ea,CENTELLIAN24,16.00,19.84,28.95,9.11,45.9,19.4,44.7,SUBE
55029533311313,6632240237,ROVECTIN Dr. Mask Pore Tightening Sheet Mask 25ml X 10ea,ROVECTIN,16.00,19.84,28.95,9.11,45.9,19.4,44.7,SUBE
55032536465745,12220708242,SUNGBOON EDITOR Yakcho Shot Pore Remodeling Mask 100g,SUNGBOON EDITOR,16.00,19.84,28.95,9.11,45.9,19.4,44.7,SUBE
55032538300753,7374677488,PETITFEE Aura Quartz Hydrogel Face Mask Crystal Rose 30g X 5ea,PETITFEE,16.00,19.84,28.95,9.11,45.9,19.4,44.7,SUBE
55032617107793,A257125,REJURAN Dual Effect Ampoule In Mask Firming & Radiance 30ml X 5ea,REJURAN,16.00,19.84,28.95,9.11,45.9,19.4,44.7,SUBE
55032631820625,4503695884,MIGUHARA Cleansing Foam Origin 120ml,MIGUHARA,16.00,19.84,28.95,9.11,45.9,19.4,44.7,SUBE
55032631918929,8741009850,primera Organience BR Comfort Amino Rich Foam 150g,primera,16.00,19.84,28.95,9.11,45.9,19.4,44.7,SUBE
55032632050001,5240398706,IOPE PRO PEELING SOFT GEL 100ml,IOPE,16.00,19.84,28.95,9.11,45.9,19.4,44.7,SUBE
55032632181073,6047130912,[I'm Sorry For My Skin] Relaxing Cica Cleansing Foam 150ml,I'm Sorry For My Skin,16.00,19.84,28.95,9.11,45.9,19.4,44.7,SUBE
55033050956113,5845810515,TONYMOLY PHA + LHA Apple Mild Peeling Gel Pack 100ml,TONYMOLY,16.00,19.84,28.95,9.11,45.9,19.4,44.7,SUBE
55033107546449,Elizavecca530,Elizavecca Milky Piggy Real Whitening Time Secret Peeling Cream 100ml,Elizavecca,16.00,19.84,28.95,9.11,45.9,19.4,44.7,SUBE
55033111478609,Elizavecca510,Elizavecca Milky Piggy Elastic Pore Cleansing Foam 120ml,Elizavecca,16.00,19.84,28.95,9.11,45.9,19.4,44.7,SUBE
55033111642449,Elizavecca814,Elizavecca Secret Pure Skinship Peeling Touch Gel 500ml,Elizavecca,16.00,19.84,28.95,9.11,45.9,19.4,44.7,SUBE
55033121833297,4555611981,Dr.Ceuracle Pro Balance Morning Enzyme Wash 50g,Dr.Ceuracle,16.00,19.84,28.95,9.11,45.9,19.4,44.7,SUBE
55033123570001,10351977863,YUNJAC Whole Plant Effect Daily Foam & Exfoliant 2g X 16ea,YUNJAC,16.00,19.84,28.95,9.11,45.9,19.4,44.7,SUBE
55033143034193,11671821417,MEDIPEEL Extra Super 9 Plus 3X Blackhead Care Solution 250ml,MEDIPEEL,16.00,19.84,28.95,9.11,45.9,19.4,44.7,SUBE
55033145983313,10254102291,WELLAGE Real Hyaluronic Peeling Solution 30ml,WELLAGE,16.00,19.84,28.95,9.11,45.9,19.4,44.7,SUBE
55033153257809,622205199,Hanskin Cleansing Oil & Blackhead PHA 300ml,Hanskin,16.00,19.84,28.95,9.11,45.9,19.4,44.7,SUBE
55033153356113,10528981888,Veganifect Clean And Glow Green Barley Cleansing Oil 205ml,Veganifect,16.00,19.84,28.95,9.11,45.9,19.4,44.7,SUBE
55033154994513,11116691454,Dr.Melaxin Melting Cleanser 150ml,Dr.Melaxin,16.00,19.84,28.95,9.11,45.9,19.4,44.7,SUBE
55033158500689,9254969146,ViveLab Recovery Clinic Sensitive Scalp SOS Solution Essence 40ml,ViveLab,16.00,19.84,28.95,9.11,45.9,19.4,44.7,SUBE
55033163317585,5267557434,KUNDAL HONEY & MACADAMIA Natural Shampoo 1058ml #CHERRY BLOSSOM,KUNDAL,16.00,19.84,28.95,9.11,45.9,19.4,44.7,SUBE
55033165545809,6103861768,d'Alba Professional Repairing Scalp Therapy Serum Shampoo 275ml,d'Alba,16.00,19.84,28.95,9.11,45.9,19.4,44.7,SUBE
55033169510737,5955879696,[Daeng Gi Meo Ri] No Sebum Shampoo 500ml,Daeng Gi Meo Ri,16.00,19.84,28.95,9.11,45.9,19.4,44.7,SUBE
55033169609041,7709714572,[Daeng Gi Meo Ri] Mugwort Relaxing Shampoo 500ml,Daeng Gi Meo Ri,16.00,19.84,28.95,9.11,45.9,19.4,44.7,SUBE
55033169969489,11075688546,JUNGSAEMMOOL Salon.Zip Scalp Renewing Water Treatment 200ml,JUNGSAEMMOOL,16.00,19.84,28.95,9.11,45.9,19.4,44.7,SUBE
55033170198865,10354097037,Dr.G Doopi Lab Core Peptide Volume Shampoo 500g,Dr.G,16.00,19.84,28.95,9.11,45.9,19.4,44.7,SUBE
55033179799889,6650961958,Dr.Groot J Monsters Shampoo Herbal Citrus 400ml,Dr.Groot,16.00,19.84,28.95,9.11,45.9,19.4,44.7,SUBE
55033195790673,4674349527,GRAFEN Hinoki Shampoo 500ml,GRAFEN,16.00,19.84,28.95,9.11,45.9,19.4,44.7,SUBE
55033198248273,8528030486,belif Brave Bo Bubble Wash 150ml,belif,16.00,19.84,28.95,9.11,45.9,19.4,44.7,SUBE
55033630294353,10673925643,Innisfree Isle Number Body Lotion 300ml #Green Tea Essence,innisfree,16.00,19.84,28.95,9.11,45.9,19.4,44.7,SUBE
55033633866065,11394933890,[Live orals] Purebreath High-Concentration Mouthwash 50ml,Live orals,16.00,19.84,28.95,9.11,45.9,19.4,44.7,SUBE
55033160139089,10627515246,[mise en scene] Perfect Magic Straight Serum Shampoo 530ml,mise en scene,12.00,12.88,21.95,9.07,70.4,6.8,45.3,SUBE
55026960007505,4706924143,Dashu Men’s Aqua Matte BB Cushion 11g,Dashu,14.00,17.36,25.95,8.59,49.5,19.4,46.1,SUBE
55026983829841,11515903245,Dr.G RED BLEMISH For Men Wrinkle All In One 150ml,Dr.G,14.00,17.36,25.95,8.59,49.5,19.4,46.1,SUBE
55026984583505,8482197241,Dr.G RED BLEMISH For Men All In One Oil Cut Lotion 150ml,Dr.G,14.00,17.36,25.95,8.59,49.5,19.4,46.1,SUBE
55026985369937,5712828177,Dr.G RED BLEMISH For Men Calming All In One 150ml,Dr.G,14.00,17.36,25.95,8.59,49.5,19.4,46.1,SUBE
55026995560785,6055284231,O HUI The First Geniture For Men Natural BB Cream 50ml,O HUI,14.00,17.36,25.95,8.59,49.5,19.4,46.1,SUBE
55026998051153,5203750621,O HUI Meister For Men Hydra Lotion 110ml,O HUI,14.00,17.36,25.95,8.59,49.5,19.4,46.1,SUBE
55026998804817,5203757391,O HUI Meister For Men Fresh Skin 150ml,O HUI,14.00,17.36,25.95,8.59,49.5,19.4,46.1,SUBE
55026999624017,5203763377,O HUI Meister For Men Fresh Lotion 110ml,O HUI,14.00,17.36,25.95,8.59,49.5,19.4,46.1,SUBE
55027001360721,5203744882,O HUI Meister For Men Hydra Skin 150ml,O HUI,14.00,17.36,25.95,8.59,49.5,19.4,46.1,SUBE
55027012927825,4761642524,GRAFEN Calming Green Skin 180ml,GRAFEN,14.00,17.36,25.95,8.59,49.5,19.4,46.1,SUBE
55027016073553,10471713518,AMUSE Wellness Face Cooler 2ea,AMUSE,14.00,17.36,25.95,8.59,49.5,19.4,46.1,SUBE
55027032949073,534314576,[THANK YOU FARMER] Sun Project Water Sun Cream SPF50+ PA+++ 50ml,THANK YOU FARMER,14.00,17.36,25.95,8.59,49.5,19.4,46.1,SUBE
55027033669969,261339691,EUNYUL Daily Care Sun Stick Set 23g X 2ea,EUNYUL,14.00,17.36,25.95,8.59,49.5,19.4,46.1,SUBE
55027184337233,8424423742,innisfree Hyaluron Moist Sunscreen 50ml SPF50+ PA++++,innisfree,14.00,17.36,25.95,8.59,49.5,19.4,46.1,SUBE
55027201835345,9957939171,espoir Water Splash Sun Serum 50ml SPF50+ PA+++,espoir,14.00,17.36,25.95,8.59,49.5,19.4,46.1,SUBE
55027212910929,6567130187,[so natural] Tone Up Sun Cream 50ml SPF50+ PA++++,so natural,14.00,17.36,25.95,8.59,49.5,19.4,46.1,SUBE
55027222184273,6804548231,papa recipe Eggplant Clearing Sun Cream 50ml (SPF 50+ PA++++),papa recipe,14.00,17.36,25.95,8.59,49.5,19.4,46.1,SUBE
55027223003473,9817484896,The SAEM Snail Essential EX Wrinkle Solution Sun Cream 40ml,The SAEM,14.00,17.36,25.95,8.59,49.5,19.4,46.1,SUBE
55027225067857,9987372298,make p:rem Glow Beige Tone Up Sun Cream 50ml,make p:rem,14.00,17.36,25.95,8.59,49.5,19.4,46.1,SUBE
55027225887057,9987363131,make p:rem Soothing Pink Tone Up Sun Cream SPF 50+ PA++++ 50ml,make p:rem,14.00,17.36,25.95,8.59,49.5,19.4,46.1,SUBE
55027229458769,6174536994,make p:rem UV Defense Me. Daily Sun Essence SPF 50+ PA++++ 50ml,make p:rem,14.00,17.36,25.95,8.59,49.5,19.4,46.1,SUBE
55028046332241,10384272121,TONYMOLY Mild Apricot Tone Up Sun Cream SPF50+ PA++++ 50ml,TONYMOLY,14.00,17.36,25.95,8.59,49.5,19.4,46.1,SUBE
55028046430545,5746626775,TONYMOLY GIMIYA Whitening Tone Up Sun Cream 50ml SPF50+ PA+++,TONYMOLY,14.00,17.36,25.95,8.59,49.5,19.4,46.1,SUBE
55028046627153,10254454262,TONYMOLY Mild Blue Agave Soothing Sun Gel 50ml SPF50+ PA++++,TONYMOLY,14.00,17.36,25.95,8.59,49.5,19.4,46.1,SUBE
55028047479121,8822617970,[MARY & MAY] Vegan Niacinamide Panthenol Sun Cushion SPF50+ PA++++ 25g,MARY & MAY,14.00,17.36,25.95,8.59,49.5,19.4,46.1,SUBE
55028050198865,Elizavecca925,Elizavecca Milky Piggy Sun Great Block Stick SPF 50+ PA+++ 22g,Elizavecca,14.00,17.36,25.95,8.59,49.5,19.4,46.1,SUBE
55028050526545,8376959589,KAINE Green Fit Pro Sun 55ml,KAINE,14.00,17.36,25.95,8.59,49.5,19.4,46.1,SUBE
55028052787537,10476264877,[I'm Sorry For My Skin] Lacto Aqua Sun Cream SPF50+ PA++++ 50ml,I'm Sorry For My Skin,14.00,17.36,25.95,8.59,49.5,19.4,46.1,SUBE
55028054982993,10058225408,[Real Barrier] Cica Green Tone Up Sun Cream SPF 50+ PA++++ 50ml,Real Barrier,14.00,17.36,25.95,8.59,49.5,19.4,46.1,SUBE
55028055048529,10158142043,[Real Barrier] Peach Fit Tone-Up Sun Cream SPF 50+ PA++++50ml,Real Barrier,14.00,17.36,25.95,8.59,49.5,19.4,46.1,SUBE
55028060127569,10760742784,Dr.G MEDI UV Ultra Up Sun Cushion 15g,Dr.G,14.00,17.36,25.95,8.59,49.5,19.4,46.1,SUBE
55028061929809,8297010605,SUNGBOON EDITOR Green Tomato Pore Blurring Sun Cream SPF50+PA++++ 50g,SUNGBOON EDITOR,14.00,17.36,25.95,8.59,49.5,19.4,46.1,SUBE
55028064747857,7710201845,9wishes Dermatic Cica Sunscreen 50ml,9wishes,14.00,17.36,25.95,8.59,49.5,19.4,46.1,SUBE
55028065141073,8637939518,O HUI Day Shield Aqua Sun Stick To Go SPF50+ PA++++ 14g,O HUI,14.00,17.36,25.95,8.59,49.5,19.4,46.1,SUBE
55028069564753,11501606180,[so natural] ALL DAY SUN FIXX SKIN FIT BEIGE SPF50+ PA++++ 50ml,so natural,14.00,17.36,25.95,8.59,49.5,19.4,46.1,SUBE
55028077396305,11028747383,DERMALINE Professional Multi Action Sunblock SPF50+ PA+++ 50ml,DERMALINE,14.00,17.36,25.95,8.59,49.5,19.4,46.1,SUBE
55028079362385,BODYBURDEN PROJECT Body Cleanser Rosewood 500ml,BODYBURDEN PROJECT Body Cleanser Rosewood 500ml,BODYBURDEN PROJECT,14.00,17.36,25.95,8.59,49.5,19.4,46.1,SUBE
55028080542033,4252316392,Benton Shea Butter And Coconut Body Lotion 250ml,Benton,14.00,17.36,25.95,8.59,49.5,19.4,46.1,SUBE
55028083720529,8006330041,GROWUS Damage Therapy Body Balm 300ml,GROWUS,14.00,17.36,25.95,8.59,49.5,19.4,46.1,SUBE
55028092535121,9237731401,AROMATICA Mellowness Magnolia & Sandalwood Body Oil 100ml,AROMATICA,14.00,17.36,25.95,8.59,49.5,19.4,46.1,SUBE
55028103086417,7784353790,nutseline Super Nut Milk Body Wash 500ml,nutseline,14.00,17.36,25.95,8.59,49.5,19.4,46.1,SUBE
55028107903313,4998220326,Huxley Hand Cream ; Moroccan Gardener 30ml,Huxley,14.00,17.36,25.95,8.59,49.5,19.4,46.1,SUBE
55028114817361,11069987037,Huxley Hand Cream Mist 35ml #Sunset Fog,Huxley,14.00,17.36,25.95,8.59,49.5,19.4,46.1,SUBE
55028114981201,11069988426,Huxley Hand Cream Mist 35ml #Rose Picker,Huxley,14.00,17.36,25.95,8.59,49.5,19.4,46.1,SUBE
55028115112273,11069982931,Huxley Hand Cream Mist 35ml #Moroccan Gardener,Huxley,14.00,17.36,25.95,8.59,49.5,19.4,46.1,SUBE
55028116422993,deardahlia587,[DEAR DAHLIA] Skin Paradise Sheer Soft Hand Cream 50ml,DEAR DAHLIA,14.00,17.36,25.95,8.59,49.5,19.4,46.1,SUBE
55028117766481,5091948456,belif Moisturizing Lip Bomb 3g Coral,belif,14.00,17.36,25.95,8.59,49.5,19.4,46.1,SUBE
55028140015953,8968050930,Dr.Belmeur Advanced Cica Eye Cream 25ml,Dr.Belmeur,14.00,17.36,25.95,8.59,49.5,19.4,46.1,SUBE
55028152861009,10577157487,PETITFEE Aura Quartz Eye Mask 85g (60 Patches),PETITFEE,14.00,17.36,25.95,8.59,49.5,19.4,46.1,SUBE
55028158038353,Elizavecca720,Elizavecca Gold CF-Nest B-Jo Eye Want Cream 100ml,Elizavecca,14.00,17.36,25.95,8.59,49.5,19.4,46.1,SUBE
55028168851793,11573711001,[THANK YOU FARMER] Rice Pure Jelly Eye Patch 84g/60ea,THANK YOU FARMER,14.00,17.36,25.95,8.59,49.5,19.4,46.1,SUBE
55028172423505,3555745525,PETITFEE PEP-TIGHTENING Eye Cream 30g,PETITFEE,14.00,17.36,25.95,8.59,49.5,19.4,46.1,SUBE
55029193146705,12310193842,innisfree Green Tea Ceramide Milk Barrier Essence 160ml,innisfree,14.00,17.36,25.95,8.59,49.5,19.4,46.1,SUBE
55029207826769,9102828687,Cos De BAHA EGF Peptide 5ppm Cica Serum 30ml,Cos De BAHA,14.00,17.36,25.95,8.59,49.5,19.4,46.1,SUBE
55029393359185,8822804312,[MARY & MAY] Vegan Wash Off Mask Mini Gift Set (30g x 5),MARY & MAY,14.00,17.36,25.95,8.59,49.5,19.4,46.1,SUBE
55029393654097,8822309335,[MARY & MAY] Vegan Calendula Peptide Ageless Sleeping Mask 110g,MARY & MAY,14.00,17.36,25.95,8.59,49.5,19.4,46.1,SUBE
55029394899281,papa1080,papa recipe Carrot Solution Mud Cream Mask 100ml,papa recipe,14.00,17.36,25.95,8.59,49.5,19.4,46.1,SUBE
55029395161425,5510489927,[ONE THING] Modeling Pack 20gX7ea #Hyaluronic Acid,ONE THING,14.00,17.36,25.95,8.59,49.5,19.4,46.1,SUBE
55029396406609,5510489927,[ONE THING] Modeling Pack 20gX7ea #Collagen,ONE THING,14.00,17.36,25.95,8.59,49.5,19.4,46.1,SUBE
55029397094737,5510489927,[ONE THING] Modeling Pack 20gX7ea #Houttuynia Cordata,ONE THING,14.00,17.36,25.95,8.59,49.5,19.4,46.1,SUBE
55029397258577,papa888,papa recipe Bombee Pore Ampoule Honey Mask Pack Set 25g x 10 pcs,papa recipe,14.00,17.36,25.95,8.59,49.5,19.4,46.1,SUBE
55029397586257,papa445,papa recipe Bombee Black Honey Mask Pack Set 25g x 10 pcs,papa recipe,14.00,17.36,25.95,8.59,49.5,19.4,46.1,SUBE
55029398241617,10319345592,FATION Nosca9 Trouble Serum Mask Sheet 25mlX10ea,FATION,14.00,17.36,25.95,8.59,49.5,19.4,46.1,SUBE
55029399421265,6592977835,REJURAN Derma Healer Moisture Treatment Mask 23ml X 5ea,REJURAN,14.00,17.36,25.95,8.59,49.5,19.4,46.1,SUBE
55029400043857,379750798,MEDIHEAL The N.M.F Ampoule Mask Sheet 10P,MEDIHEAL,14.00,17.36,25.95,8.59,49.5,19.4,46.1,SUBE
55029401157969,6627734233,Dr.Jart+ DERMASK BRIGHTENING SOLUTION FACE MASK (5 Sheets),Dr.Jart+,14.00,17.36,25.95,8.59,49.5,19.4,46.1,SUBE
55029402173777,8467139928,Dr.Jart+ Dermask Porecting Solution Facial Mask (5 Sheets),Dr.Jart+,14.00,17.36,25.95,8.59,49.5,19.4,46.1,SUBE
55029402763601,3926054232,iUNIK Propolis Vitamin Sleeping Mask 60ml,iUNIK,14.00,17.36,25.95,8.59,49.5,19.4,46.1,SUBE
55029403320657,3038848253,daymellow Pure Water Energy Seaweed Mask 27ml X 10ea,daymellow,14.00,17.36,25.95,8.59,49.5,19.4,46.1,SUBE
55029479866705,10153218161,[I'm Sorry For My Skin] SOS Jelly Mask Soothing Mask 33g*10ea,I'm Sorry For My Skin,14.00,17.36,25.95,8.59,49.5,19.4,46.1,SUBE
55029480653137,5455546564,Dr.Althea Marine Anti-Blemish Mask 27g*5ea,Dr.Althea,14.00,17.36,25.95,8.59,49.5,19.4,46.1,SUBE
55029481963857,5106450192,Dr.Althea Oasis Soothing Mask 27g*5ea,Dr.Althea,14.00,17.36,25.95,8.59,49.5,19.4,46.1,SUBE
55029494907217,9178984294,NEOGEN Dermalogy Double Vita Tone Up Ampoule Mask 30g X 5ea,NEOGEN,14.00,17.36,25.95,8.59,49.5,19.4,46.1,SUBE
55029516108113,8853436702,Abib Gummy Sheet Mask Heartleaf Sticker 27ml X 10ea,Abib,14.00,17.36,25.95,8.59,49.5,19.4,46.1,SUBE
55029524627793,11391151488,SKIN 1004 Madagascar Centella Probio-Cica Nourishing Mask 22ml X 5ea,SKIN1004,14.00,17.36,25.95,8.59,49.5,19.4,46.1,SUBE
55029525938513,11391273014,SKIN 1004 Madagascar Centella Hyalu-Cica Hydrating Mask 23ml X 5ea,SKIN1004,14.00,17.36,25.95,8.59,49.5,19.4,46.1,SUBE
55029526364497,11438353432,SKIN 1004 Madagascar Centella Tea-Trica Relaxing Mask 24ml X 5ea,SKIN1004,14.00,17.36,25.95,8.59,49.5,19.4,46.1,SUBE
55032535318865,11778817245,ongredients Skin Barrier Calming Mask 27ml X 6ea,ongredients,14.00,17.36,25.95,8.59,49.5,19.4,46.1,SUBE
55032542724433,12339505846,MEDIHEAL Hyper Collagen Gel Mask 35ml X 4ea,MEDIHEAL,14.00,17.36,25.95,8.59,49.5,19.4,46.1,SUBE
55032552161617,12773710786,Torriden Balanceful Cica Control Mask 24ml X 10ea,Torriden,14.00,17.36,25.95,8.59,49.5,19.4,46.1,SUBE
55032552554833,12070580114,innisfree Green Tea Daily Soothing Mask 320ml/30ea,innisfree,14.00,17.36,25.95,8.59,49.5,19.4,46.1,SUBE
55032624218449,7713179802,make p:rem Safe Me. Relief Moisture Cleansing Milk 200ml,make p:rem,14.00,17.36,25.95,8.59,49.5,19.4,46.1,SUBE
55032624382289,6479639816,make p:rem Safe Me. Relief Moisture Cleansing Oil 210ml,make p:rem,14.00,17.36,25.95,8.59,49.5,19.4,46.1,SUBE
55032624480593,8040307526,make p:rem Safe Me. Oil to Foam Cleanser 200ml,make p:rem,14.00,17.36,25.95,8.59,49.5,19.4,46.1,SUBE
55032624578897,7510595522,make p:rem Pure Biome Cleansing Powder (1gX36ea),make p:rem,14.00,17.36,25.95,8.59,49.5,19.4,46.1,SUBE
55032624775505,6818659526,FATION Nosca9 Cleansing Gel 200ml,FATION,14.00,17.36,25.95,8.59,49.5,19.4,46.1,SUBE
55032624873809,9524680153,S.NATURE Aqua Rice Cleansing Oil 200ml,S.NATURE,14.00,17.36,25.95,8.59,49.5,19.4,46.1,SUBE
55032624939345,8254759587,ilso Natural Mild Cleansing Oil 200ml,ilso,14.00,17.36,25.95,8.59,49.5,19.4,46.1,SUBE
55032625070417,10353633379,Jumiso Pore Clearing Cleansing Oil 200ml,Jumiso,14.00,17.36,25.95,8.59,49.5,19.4,46.1,SUBE
55032625365329,4871540643,Bonajour Rice Bran Cleansing Oil 200ml,Bonajour,14.00,17.36,25.95,8.59,49.5,19.4,46.1,SUBE
55032625463633,#4618619246,Acnes Derma Relief Moisture Foam Cleanser 200ml,Acnes,14.00,17.36,25.95,8.59,49.5,19.4,46.1,SUBE
55032625529169,5525206812,[YURI PIBU] Bifida Cleansing Oil 300ml,YURI PIBU,14.00,17.36,25.95,8.59,49.5,19.4,46.1,SUBE
55032625660241,3235661,KLAIRS Gentle Black Deep Cleansing Oil 150ml,KLAIRS,14.00,17.36,25.95,8.59,49.5,19.4,46.1,SUBE
55032625955153,567988564,"heimish All Clean Balm, 120ml",heimish,14.00,17.36,25.95,8.59,49.5,19.4,46.1,SUBE
55033042600273,6004022723,Luvum Bamboo Hyaluronic Moisture Gel Cleanser 200ml,Luvum,14.00,17.36,25.95,8.59,49.5,19.4,46.1,SUBE
55033059705169,9953174231,Innisfree Olive Vitamin E Real Cleansing Oil 150ml,innisfree,14.00,17.36,25.95,8.59,49.5,19.4,46.1,SUBE
55033104073041,5114937764,d'Alba White Truffle Return Oil Cream Cleanser 150g,d'Alba,14.00,17.36,25.95,8.59,49.5,19.4,46.1,SUBE
55033119539537,10664531836,belif Super Knights Hy-soothing Vegan Pack Cleanser 150ml,belif,14.00,17.36,25.95,8.59,49.5,19.4,46.1,SUBE
55033121145169,5023691114,Dr.Ceuracle 5α Control Clearing Cleansing Foam 200ml,Dr.Ceuracle,14.00,17.36,25.95,8.59,49.5,19.4,46.1,SUBE
55033136054609,2197429537,ETUDE Real Art Cleansing Oil Moisture & Refill 185ml+185ml,ETUDE,14.00,17.36,25.95,8.59,49.5,19.4,46.1,SUBE
55033143984465,8829977456,CENTELLIAN24 Madeca Acnience Pore Pack Cleanser 120ml,CENTELLIAN24,14.00,17.36,25.95,8.59,49.5,19.4,46.1,SUBE
55033146442065,11492810910,Parnell Panthenol Heartleaf Calming Gel Cleanser 180ml,Parnell,14.00,17.36,25.95,8.59,49.5,19.4,46.1,SUBE
55033150079313,2072462791,PETITFEE BETA-GLUCAN Enzyme Powder Wash 80g,PETITFEE,14.00,17.36,25.95,8.59,49.5,19.4,46.1,SUBE
55033151291729,5058826312,primera Enriched Cleansing Tissue 300g/60ea,primera,14.00,17.36,25.95,8.59,49.5,19.4,46.1,SUBE
55033153913169,11858502600,LAGOM Cellup Gel To Water Cleanser 220ml,LAGOM,14.00,17.36,25.95,8.59,49.5,19.4,46.1,SUBE
55033159188817,10354126415,Dr.G Doopi Lab Core Peptide Volume Treatment 300g,Dr.G,14.00,17.36,25.95,8.59,49.5,19.4,46.1,SUBE
55033161253201,10912899838,KUNDAL AIRY VOLUME HYALURON TREATMENT 500ml #BLOSSOM BREEZE,KUNDAL,14.00,17.36,25.95,8.59,49.5,19.4,46.1,SUBE
55033165414737,8658708674,DR.BANGGIWON Teenager Shampoo 1000ml,Dr.BANGGIWON,14.00,17.36,25.95,8.59,49.5,19.4,46.1,SUBE
55033167479121,10780190355,AROMATICA Rosemary Dry Shampoo Powder 10g,AROMATICA,14.00,17.36,25.95,8.59,49.5,19.4,46.1,SUBE
55033167905105,10940347684,moremo No-wash Keratin Ampoule Treatment 200ml,moremo,14.00,17.36,25.95,8.59,49.5,19.4,46.1,SUBE
55033168888145,7737809579,[Daeng Gi Meo Ri] Dlae Soo Hair Loss Care Shampoo 500ml,Daeng Gi Meo Ri,14.00,17.36,25.95,8.59,49.5,19.4,46.1,SUBE
55033170035025,11184405270,NEOGEN Reforest Protein Shampoo (Herbal Scent) 500ml,NEOGEN,14.00,17.36,25.95,8.59,49.5,19.4,46.1,SUBE
55033195102545,4674365817,GRAFEN Root Booster Shampoo 500ml,GRAFEN,14.00,17.36,25.95,8.59,49.5,19.4,46.1,SUBE
55033195299153,4674357225,GRAFEN Neat Water Pomade 100g,GRAFEN,14.00,17.36,25.95,8.59,49.5,19.4,46.1,SUBE
55033198543185,9902379622,"belif UV Protector Aqua Bomb Cooling Sun Stick 14g (SPF 50+, PA++++)",belif,14.00,17.36,25.95,8.59,49.5,19.4,46.1,SUBE
55033199362385,10463359963,AROMATICA Pure & S Soft Feminine Wash (Refill) 300ml,AROMATICA,14.00,17.36,25.95,8.59,49.5,19.4,46.1,SUBE
55033621414225,4752078095,primera Baby Facial & Body Wash 250ml,primera,14.00,17.36,25.95,8.59,49.5,19.4,46.1,SUBE
55026968396113,6205355972,TONYMOLY BIO EX Homme All In One Fluid 130ml,TONYMOLY,13.00,16.12,23.95,7.83,48.6,19.4,45.7,SUBE
55026969149777,10796594464,innisfree Green Tea Skin For Men 150ml,innisfree,13.00,16.12,23.95,7.83,48.6,19.4,45.7,SUBE
55026970100049,10796602677,innisfree Green Tea Lotion For Men 150ml,innisfree,13.00,16.12,23.95,7.83,48.6,19.4,45.7,SUBE
55026996609361,6055245450,O HUI The First Geniture For Men Daily Sunblock SPF50+ PA+++ 50ml,O HUI,13.00,16.12,23.95,7.83,48.6,19.4,45.7,SUBE
55027002114385,5203736528,O HUI For Men Neofeel Moisturizing Emulsion 135ml,O HUI,13.00,16.12,23.95,7.83,48.6,19.4,45.7,SUBE
55027003588945,6507231923,AHC Only For Man Pore Fresh All In One Essence 200ml,AHC,13.00,16.12,23.95,7.83,48.6,19.4,45.7,SUBE
55027004375377,6507226734,AHC Only For Man All In One Essence 200ml,AHC,13.00,16.12,23.95,7.83,48.6,19.4,45.7,SUBE
55027021939025,10874847138,Kerasys Spa Foot Shampoo 400ml X 2ea,Kerasys,13.00,16.12,23.95,7.83,48.6,19.4,45.7,SUBE
55027034194257,5035358467,Benton Mineral Sun Stick (SPF50+ PA++++) 15g,Benton,13.00,16.12,23.95,7.83,48.6,19.4,45.7,SUBE
55027035177297,4583248357,BORNTREE Berry Essence Sun Block SPF50+ PA+++ 50ml + 50ml,BORNTREE,13.00,16.12,23.95,7.83,48.6,19.4,45.7,SUBE
55027182895441,8437124078,Hanskin Hyaluron Relief Water Sun Cream 50ml SPF50+ PA++++,Hanskin,13.00,16.12,23.95,7.83,48.6,19.4,45.7,SUBE
55027191120209,10284785053,AHC Masters Calming Waterfull Sun Stick 22g (SPF50+/PA++++),AHC,13.00,16.12,23.95,7.83,48.6,19.4,45.7,SUBE
55027208716625,6510829316,[THANK YOU FARMER] Sun Project Skin Relief Sun Cream SPF50+ PA++++ 50ml,THANK YOU FARMER,13.00,16.12,23.95,7.83,48.6,19.4,45.7,SUBE
55027226509649,5497037747,make p:rem UV Defense Me. Calming Sun Cream SPF 50+ PA++++ 50ml,make p:rem,13.00,16.12,23.95,7.83,48.6,19.4,45.7,SUBE
55027227066705,7976260402,make p:rem UV Defense Me. No Sebum Sun Cream SPF50+ PA++++ 50ml,make p:rem,13.00,16.12,23.95,7.83,48.6,19.4,45.7,SUBE
55027231490385,8756970139,make p:rem UV Defense Me. Watery Capsule Sun Cream 50ml,make p:rem,13.00,16.12,23.95,7.83,48.6,19.4,45.7,SUBE
55027233587537,9953407204,DEWYTREE Urban Shade Blue Tone Up Sun 40g,DEWYTREE,13.00,16.12,23.95,7.83,48.6,19.4,45.7,SUBE
55027238207825,8016321666,DEWYTREE Urban Shade Peach Like Tone Up Sun Stick SPF50+ PA++++ 13g,DEWYTREE,13.00,16.12,23.95,7.83,48.6,19.4,45.7,SUBE
55028051050833,6751796511,[Pyunkang Yul] Moisture Soothing Sun Cream SPF50+ PA++++ 50ml,Pyunkang Yul,13.00,16.12,23.95,7.83,48.6,19.4,45.7,SUBE
55028051509585,7015971250,[Pyunkang Yul] Calming Sun Cream SPF50+ PA++++ 50ml,Pyunkang Yul,13.00,16.12,23.95,7.83,48.6,19.4,45.7,SUBE
55028051640657,8966564432,[Pyunkang Yul] Airy Protection Sun Stick SPF50+ PA++++ 17g,Pyunkang Yul,13.00,16.12,23.95,7.83,48.6,19.4,45.7,SUBE
55028052984145,5912585818,Isntree Hyaluronic Acid Natural Suncream SPF50+PA++++ 50ml,Isntree,13.00,16.12,23.95,7.83,48.6,19.4,45.7,SUBE
55028053737809,10520548710,Dinto [Wooncho Collection] Last Sun Care SPF 50+PA++++ 50ml,Dinto,13.00,16.12,23.95,7.83,48.6,19.4,45.7,SUBE
55028053770577,10520548710,Dinto [Wooncho Collection] Last Sun Care SPF 50+PA++++ 50ml,Dinto,13.00,16.12,23.95,7.83,48.6,19.4,45.7,SUBE
55028055376209,11663422050,JUNGSAEMMOOL Blue Chamomile Hyaluronic Acid Airy Stick SPF50+ PA++++ 15g,JUNGSAEMMOOL,13.00,16.12,23.95,7.83,48.6,19.4,45.7,SUBE
55028055507281,11183315771,NEOGEN White Truffle Treatment Sun Screen 50g,NEOGEN,13.00,16.12,23.95,7.83,48.6,19.4,45.7,SUBE
55028055572817,4884291148,NEOGEN Surmedic Azulene Mild 5.5 UV Protect Sun 50ml,NEOGEN,13.00,16.12,23.95,7.83,48.6,19.4,45.7,SUBE
55028055671121,10503627749,NEOGEN Dermalogy Double Vita Watery Sun Serum 50ml,NEOGEN,13.00,16.12,23.95,7.83,48.6,19.4,45.7,SUBE
55028055736657,11601447917,JUNGSAEMMOOL Blue Chamomile Hyaluronic Acid Aqua Sun Cream SPF 50+ PA++++ 50ml,JUNGSAEMMOOL,13.00,16.12,23.95,7.83,48.6,19.4,45.7,SUBE
55028060062033,11689095368,Dr.G Vita Clear Waterproof Sun Stick SPF50+ PA++++ 21g,Dr.G,13.00,16.12,23.95,7.83,48.6,19.4,45.7,SUBE
55028060193105,9842373216,Dr.G PORE BLUR UP SUN SPF50+ PA++++ 50ml,Dr.G,13.00,16.12,23.95,7.83,48.6,19.4,45.7,SUBE
55028060324177,8102443610,Dr.G RED BLEMISH Soothing Up Sun Stick SPF50+ PA++++ 21g,Dr.G,13.00,16.12,23.95,7.83,48.6,19.4,45.7,SUBE
55028060422481,8102171115,Dr.G Brightening Up Moisture Sun SPF50+ PA++++ 50ml,Dr.G,13.00,16.12,23.95,7.83,48.6,19.4,45.7,SUBE
55028061339985,11819611630,SUNGBOON EDITOR Pink Blossom Brightening Tone Up Sun Cream SPF 50+ PA+++ 50ml,SUNGBOON EDITOR,13.00,16.12,23.95,7.83,48.6,19.4,45.7,SUBE
55028063338833,11533133984,[Cell Fusion C] Aquatica Cooling Sunscreen SPF50+ PA++++ 50ml,Cell Fusion C,13.00,16.12,23.95,7.83,48.6,19.4,45.7,SUBE
55028063502673,11533073093,[Cell Fusion C] Dark Spot Toning Sunscreen SPF50+ PA++++ 50ml,Cell Fusion C,13.00,16.12,23.95,7.83,48.6,19.4,45.7,SUBE
55028069106001,11629548996,WELLAGE Real Hyaluronic Blue Sun Cream SPF50+ PA++++ 50ml,WELLAGE,13.00,16.12,23.95,7.83,48.6,19.4,45.7,SUBE
55028069171537,10675087675,WELLAGE Real Hyaluronic Tone-up Sun Cream SPF50+ PA++++ 50ml,WELLAGE,13.00,16.12,23.95,7.83,48.6,19.4,45.7,SUBE
55028070154577,11549672821,Shingmulnara Jeju Aloe Cooling Sun Stick SPF50+ PA++++ 19g+19g(Refill),Shingmulnara,13.00,16.12,23.95,7.83,48.6,19.4,45.7,SUBE
55028072120657,10228342896,Shingmulnara Light Watery Sun Gel SPF50+ PA++++ 60ml+60ml,Shingmulnara,13.00,16.12,23.95,7.83,48.6,19.4,45.7,SUBE
55028077166929,10422408843,Dr.Melaxin Hydro Ceramic Tone Up Essence Sunscreen SPF50+ PA++++ 50ml,Dr.Melaxin,13.00,16.12,23.95,7.83,48.6,19.4,45.7,SUBE
55028084539729,8681811391,FATION Nosca9 Trouble Body Mist 145ml,FATION,13.00,16.12,23.95,7.83,48.6,19.4,45.7,SUBE
55028088045905,5040447843,PAUL MEDISON Signature Body Mist 211ml #White Musk,PAUL MEDISON,13.00,16.12,23.95,7.83,48.6,19.4,45.7,SUBE
55028088275281,4966513073,PAUL MEDISON Signature Body Mist 211ml #Baby Powder,PAUL MEDISON,13.00,16.12,23.95,7.83,48.6,19.4,45.7,SUBE
55028089913681,9686886421,[Pyunkang Yul] ATO Moisture Barrier Body Lotion 590ml,Pyunkang Yul,13.00,16.12,23.95,7.83,48.6,19.4,45.7,SUBE
55028099711313,11489074829,APLB Tranexamic Acid Niacinamide Body Lotion 300ml,APLB,13.00,16.12,23.95,7.83,48.6,19.4,45.7,SUBE
55028100301137,11488873665,APLB Retinol Vitamin C Vitamin E Body Lotion 300ml,APLB,13.00,16.12,23.95,7.83,48.6,19.4,45.7,SUBE
55028100694353,8162107083,CENTELLIAN24 Madeca Barrier Body Lotion 500ml,CENTELLIAN24,13.00,16.12,23.95,7.83,48.6,19.4,45.7,SUBE
55028103315793,4623075292,TIAM Anti-Blemish Body Lotion 200ml,TIAM,13.00,16.12,23.95,7.83,48.6,19.4,45.7,SUBE
55028107018577,10349366607,[MARY & MAY] Soothing Trouble Care Travel Kit (5pcs),MARY & MAY,13.00,16.12,23.95,7.83,48.6,19.4,45.7,SUBE
55028119273809,338913469,isoi Sensitive Skin Moisture Lip Balm 5g,isoi,13.00,16.12,23.95,7.83,48.6,19.4,45.7,SUBE
55028127138129,9424102037,[THE WHOO] Royal Essential Golden Lipcerin 15ml,THE WHOO,13.00,16.12,23.95,7.83,48.6,19.4,45.7,SUBE
55028128678225,12265879964,FULLY GREEN TOMATO SMOOTIE LIP SCRUB 12g,FULLY,13.00,16.12,23.95,7.83,48.6,19.4,45.7,SUBE
55028129956177,FULLY180,FULLY RED TOMATO JELLY LIP MASK 12g,FULLY,13.00,16.12,23.95,7.83,48.6,19.4,45.7,SUBE
55028131234129,11843960031,nutseline Super Nut Collagen Keyring Lip Balm 11ml,nutseline,13.00,16.12,23.95,7.83,48.6,19.4,45.7,SUBE
55028132610385,5084936329,goodal Green Tangerine Vita C Dark Circle Eye Cream 30ml,goodal,13.00,16.12,23.95,7.83,48.6,19.4,45.7,SUBE
55028132741457,6226865104,goodal Green Tangerine Vita C Eye Gel Patch 60 Sheets (72g),goodal,13.00,16.12,23.95,7.83,48.6,19.4,45.7,SUBE
55028147224913,7636779894,MIZON Phyto Plump Collagen Eye Gel Patch 84g,MIZON,13.00,16.12,23.95,7.83,48.6,19.4,45.7,SUBE
55028149551441,9887673810,goodal Black Carrot Vita-A Retinol Eye Cream 30ml,goodal,13.00,16.12,23.95,7.83,48.6,19.4,45.7,SUBE
55028149813585,8874429375,APLB GLUTATHIONE NIACINAMIDE EYE CREAM 20ml,APLB,13.00,16.12,23.95,7.83,48.6,19.4,45.7,SUBE
55028156957009,8861992536,TONYMOLY Pure Dew Tea Tree & Yuja C Eye Cream 30ml,TONYMOLY,13.00,16.12,23.95,7.83,48.6,19.4,45.7,SUBE
55028162036049,11830891942,SKINFOOD Gold Caviar Collagen Plus Eye Patch 85g/60ea,SKINFOOD,13.00,16.12,23.95,7.83,48.6,19.4,45.7,SUBE
55028172161361,12150591266,SUNGBOON EDITOR Deep Collagen Melting Eye Patch (12 Patches),SUNGBOON EDITOR,13.00,16.12,23.95,7.83,48.6,19.4,45.7,SUBE
55028173209937,12868154060,innisfree Green Tea PDRN Bounce Booster Eye & Lip Serum 15ml,innisfree,13.00,16.12,23.95,7.83,48.6,19.4,45.7,SUBE
55029208383825,9670731825,Cos De BAHA L2 Bakuchiol 2% + Retinol 0.5% Serum 30ml,Cos De BAHA,13.00,16.12,23.95,7.83,48.6,19.4,45.7,SUBE
55029208580433,6879142780,Cos De BAHA TN Tranexamic Acid 5% Serum with Niacinamide 5% 60ml,Cos De BAHA,13.00,16.12,23.95,7.83,48.6,19.4,45.7,SUBE
55029217821009,11106118709,DEWYTREE Pick And Quick Vitamin Glow Double Pad 380g/100ea,DEWYTREE,13.00,16.12,23.95,7.83,48.6,19.4,45.7,SUBE
55029219000657,11106094281,DEWYTREE Pick And Quick Collagen Pore Lifting Double Pad 380g/100ea,DEWYTREE,13.00,16.12,23.95,7.83,48.6,19.4,45.7,SUBE
55029234434385,9424033464,Dr.Melaxin Exosome Repair Ampoule Plus 40ml,Dr.Melaxin,13.00,16.12,23.95,7.83,48.6,19.4,45.7,SUBE
55029237023057,2370,Dr.Melaxin Cactox 3-Step Nose Pore Pack 3P,Dr.Melaxin,13.00,16.12,23.95,7.83,48.6,19.4,45.7,SUBE
55029238563153,6110450219,DERMALINE Hycare PDRN Solution Toner 200ml,DERMALINE,13.00,16.12,23.95,7.83,48.6,19.4,45.7,SUBE
55029239218513,6110929485,DERMALINE Hycare PDRN Solution Emulsion 200ml,DERMALINE,13.00,16.12,23.95,7.83,48.6,19.4,45.7,SUBE
55029259895121,4043660831,TIAM Hyaluronic Water Plumping Serum 40ml,TIAM,13.00,16.12,23.95,7.83,48.6,19.4,45.7,SUBE
55029260419409,4334168129,TIAM Snail & Azulene Calmfort Cream 100ml,TIAM,13.00,16.12,23.95,7.83,48.6,19.4,45.7,SUBE
55029260583249,6873826538,TIAM Vita A Bakuchiol Youth Serum 40ml,TIAM,13.00,16.12,23.95,7.83,48.6,19.4,45.7,SUBE
55029261566289,8420481111,TIAM Vitamin C 24 Surprise Serum 30ml,TIAM,13.00,16.12,23.95,7.83,48.6,19.4,45.7,SUBE
55029261762897,5351543011,TIAM Pore Minimizing 21 Cream 60ml,TIAM,13.00,16.12,23.95,7.83,48.6,19.4,45.7,SUBE
55029380153681,8816822673,[MARY & MAY] Niacinamide Vitamin C Brightening Mask 400g (30ea),MARY & MAY,13.00,16.12,23.95,7.83,48.6,19.4,45.7,SUBE
55029380383057,8816956625,[MARY & MAY] Hyaluronic Panthenol Hydra Mask 400g (30ea),MARY & MAY,13.00,16.12,23.95,7.83,48.6,19.4,45.7,SUBE
55029380710737,7073117710,make p:rem Comfort Me. Mask Pack 30ml x 10ea (3 Type),make p:rem,13.00,16.12,23.95,7.83,48.6,19.4,45.7,SUBE
55029380743505,7073115889,make p:rem Comfort Me. Mask Pack 30ml x 10ea (3 Type),make p:rem,13.00,16.12,23.95,7.83,48.6,19.4,45.7,SUBE
55029380776273,5497915405,make p:rem Comfort Me. Mask Pack 30ml x 10ea (3 Type),make p:rem,13.00,16.12,23.95,7.83,48.6,19.4,45.7,SUBE
55029380874577,10508637429,TONYMOLY Houttuynia Cordata Cica Quick Calming Mask 20ml X 10ea,TONYMOLY,13.00,16.12,23.95,7.83,48.6,19.4,45.7,SUBE
55029380940113,8489023100,innisfree Black Tea Youth Enhancing Ampoule Mask 28ml X 6ea,innisfree,13.00,16.12,23.95,7.83,48.6,19.4,45.7,SUBE
55029381136721,6117641576,One-day's you Shikarming 30 Days Mask 310g(30 Pieces),One-day's you,13.00,16.12,23.95,7.83,48.6,19.4,45.7,SUBE
55029381333329,4938667384,HANYUL Yuja Brightening Wrapping Mask Sheet 10P,HANYUL,13.00,16.12,23.95,7.83,48.6,19.4,45.7,SUBE
55029389361489,4962466008,HANYUL Red Rice Moisture Firming Wrapping Mask Sheet 10P,HANYUL,13.00,16.12,23.95,7.83,48.6,19.4,45.7,SUBE
55029389590865,4962468512,HANYUL Pure Aretemisia Watwery Calming Wrapping Mask Sheet 10P,HANYUL,13.00,16.12,23.95,7.83,48.6,19.4,45.7,SUBE
55029389787473,5187667581,AHC Micro Rosemary Non-Slip Mask Sheet SET 33ml X 10ea,AHC,13.00,16.12,23.95,7.83,48.6,19.4,45.7,SUBE
55029390147921,4486449202,daymellow Houttuynia Cordata Real Ampoule Mask 27ml X 10ea,daymellow,13.00,16.12,23.95,7.83,48.6,19.4,45.7,SUBE
55029391130961,4491883181,ETUDE HOUSE SoonJung Panthensoside Sheet Mask Sheet 25ml x 10pcs,ETUDE HOUSE,13.00,16.12,23.95,7.83,48.6,19.4,45.7,SUBE
55029391294801,7399723191,SKINFOOD Pantothenic Water Parsley Mask 24ml X 10ea,SKINFOOD,13.00,16.12,23.95,7.83,48.6,19.4,45.7,SUBE
55029391655249,5187667581,AHC Micro Red Collagen Non-Slip Mask Sheet SET 33ml X 10ea,AHC,13.00,16.12,23.95,7.83,48.6,19.4,45.7,SUBE
55029391819089,3386575997,Benton Aloe Soothing Sheet Mask 23g X 10ea,Benton,13.00,16.12,23.95,7.83,48.6,19.4,45.7,SUBE
55029392605521,5187667581,AHC Micro Vitamin Non-Slip Mask Sheet 33ml x 10ea,AHC,13.00,16.12,23.95,7.83,48.6,19.4,45.7,SUBE
55029393097041,4667008238,Dr.G R.E.D Blemish Cool Soothing Mask 10ea 30g,Dr.G,13.00,16.12,23.95,7.83,48.6,19.4,45.7,SUBE
55029464826193,5409574322,[Pyunkang Yul] Black Tea Revitalizing Mask Pack 25ml*10 Sheets,Pyunkang Yul,13.00,16.12,23.95,7.83,48.6,19.4,45.7,SUBE
55029466038609,6490397812,[Pyunkang Yul] Calming Pore Clear Wash Off Pack 100g,Pyunkang Yul,13.00,16.12,23.95,7.83,48.6,19.4,45.7,SUBE
55029466366289,8178223533,[Pyunkang Yul] Calming Relief Gel Wash Off Pack 100g,Pyunkang Yul,13.00,16.12,23.95,7.83,48.6,19.4,45.7,SUBE
55029470626129,7825342605,[I'm Sorry For My Skin] Jelly Mask 33g*10ea #Brightening,I'm Sorry For My Skin,13.00,16.12,23.95,7.83,48.6,19.4,45.7,SUBE
55029470888273,7825365180,[I'm Sorry For My Skin] Jelly Mask 33g*10ea #Pore Care,I'm Sorry For My Skin,13.00,16.12,23.95,7.83,48.6,19.4,45.7,SUBE
55029471904081,7825443554,[I'm Sorry For My Skin] Jelly Mask 33g*10ea #Relaxing,I'm Sorry For My Skin,13.00,16.12,23.95,7.83,48.6,19.4,45.7,SUBE
55029475475793,5898327869,[I'm Sorry For My Skin] Real Mugwort Calming Mask 23g*10ea,I'm Sorry For My Skin,13.00,16.12,23.95,7.83,48.6,19.4,45.7,SUBE
55029501362513,7681289348,BANILA CO Dear Hydration Water Dew Mask 25g X 10ea,BANILA CO,13.00,16.12,23.95,7.83,48.6,19.4,45.7,SUBE
55029503721809,11424152350,SKINFOOD Rice Brightening Daily Mask 270g/30ea,SKINFOOD,13.00,16.12,23.95,7.83,48.6,19.4,45.7,SUBE
55029504049489,11210307945,SKINFOOD Shine Muscat Cica Mask 24ml X 10ea,SKINFOOD,13.00,16.12,23.95,7.83,48.6,19.4,45.7,SUBE
55029504966993,10893339657,SKINFOOD Potato Madecassoside Daily Mask Sheet 270g/30ea,SKINFOOD,13.00,16.12,23.95,7.83,48.6,19.4,45.7,SUBE
55029507359057,10087981913,SKINFOOD Shine Muscat Cica Daily Mask 270g/30ea,SKINFOOD,13.00,16.12,23.95,7.83,48.6,19.4,45.7,SUBE
55029509128529,8626343910,Dr.G Black Snail Lifting Mask 28ml X 10ea,Dr.G,13.00,16.12,23.95,7.83,48.6,19.4,45.7,SUBE
55029516501329,8853410861,Abib Gummy Sheet Mask Collagen Milk Sticker 27ml X 10ea,Abib,13.00,16.12,23.95,7.83,48.6,19.4,45.7,SUBE
55029516796241,8853444165,Abib Gummy Sheet Mask Vita Sticker 27ml X 10ea,Abib,13.00,16.12,23.95,7.83,48.6,19.4,45.7,SUBE
55029517484369,10467543051,Abib Gummy Sheet Mask Sedum Hyaluron Sticker 27ml X 10ea,Abib,13.00,16.12,23.95,7.83,48.6,19.4,45.7,SUBE
55029519876433,11489066165,APLB Collagen EGF Peptide Sheet Mask 25ml X 10ea,APLB,13.00,16.12,23.95,7.83,48.6,19.4,45.7,SUBE
55029520138577,11489093971,APLB Tranexamic Acid Niacinamide Sheet Mask 25ml X 10ea,APLB,13.00,16.12,23.95,7.83,48.6,19.4,45.7,SUBE
55029520466257,11671650275,Dr.Althea Vita Glow Mask Sheet 28g X 4ea,Dr.Althea,13.00,16.12,23.95,7.83,48.6,19.4,45.7,SUBE
55029520695633,11697328555,Dr.Althea Jelly Seal Dewy Mask Sheet 28g X 4ea,Dr.Althea,13.00,16.12,23.95,7.83,48.6,19.4,45.7,SUBE
55029521023313,11489020256,APLB Retinol Vitamin C Vitamin E Sheet Mask 25ml X 10ea,APLB,13.00,16.12,23.95,7.83,48.6,19.4,45.7,SUBE
55029527904593,9065023818,CENTELLIAN24 MADECA LAB Wrinkle Revitalizing Mask 23ml X 20ea,CENTELLIAN24,13.00,16.12,23.95,7.83,48.6,19.4,45.7,SUBE
55029529346385,12041955981,CENTELLIAN24 MADECA LAB Hyal Waterfull Glow Gel Mask 23ml X 5ea,CENTELLIAN24,13.00,16.12,23.95,7.83,48.6,19.4,45.7,SUBE
55032532730193,11489396383,Parnell AHA Omija Ceramic Cream Clay Pack 100ml,Parnell,13.00,16.12,23.95,7.83,48.6,19.4,45.7,SUBE
55032533123409,12386440308,Parnell Cicamanu Serum Mask Sheet 25ml X 10ea,Parnell,13.00,16.12,23.95,7.83,48.6,19.4,45.7,SUBE
55032536662353,11784427547,tfit Skin Boost Icy Facial Mask 25g X 5ea,tfit,13.00,16.12,23.95,7.83,48.6,19.4,45.7,SUBE
55032540168529,10997493028,nutseline Super Nut Honey Balm Pack 100g,nutseline,13.00,16.12,23.95,7.83,48.6,19.4,45.7,SUBE
55032547180881,11462228558,MEDIHEAL The N.M.F Ampoule Mask Original 27ml X 10ea,MEDIHEAL,13.00,16.12,23.95,7.83,48.6,19.4,45.7,SUBE
55032551965009,12219138572,Hanskin Vitamin C Glow Mask 70ml,Hanskin,13.00,16.12,23.95,7.83,48.6,19.4,45.7,SUBE
55032552227153,12187773790,innisfree Ceramide Active Mask 25ml X 5ea,innisfree,13.00,16.12,23.95,7.83,48.6,19.4,45.7,SUBE
55032557764945,11046579360,DERMALINE Soothing & Refresh Acne Mask Pack Set 32g X 10ea,DERMALINE,13.00,16.12,23.95,7.83,48.6,19.4,45.7,SUBE
55032558289233,5050917615,[MANYO FACTORY] Bifida Biome Ampoule Mask 30g X 10ea,Manyo Factory,13.00,16.12,23.95,7.83,48.6,19.4,45.7,SUBE
55032620908881,4866306428,One-day's you Pore Tightening Foaming Cleanser 120ml,One-day's you,13.00,16.12,23.95,7.83,48.6,19.4,45.7,SUBE
55032621007185,6135578626,CAREZONE Deep Clean Gentle Peeling Gel 200ml,CAREZONE,13.00,16.12,23.95,7.83,48.6,19.4,45.7,SUBE
55032621072721,10566411563,make p:rem Safe Me. Relief Moisture Cleansing Foam 170ml,make p:rem,13.00,16.12,23.95,7.83,48.6,19.4,45.7,SUBE
55032621433169,10856284258,The SAEM Collagen EX Hydra Cleansing Foam 100ml,The SAEM,13.00,16.12,23.95,7.83,48.6,19.4,45.7,SUBE
55032621564241,8123119452,FATION Nosca9 Trouble Cleansing Foam 150ml,FATION,13.00,16.12,23.95,7.83,48.6,19.4,45.7,SUBE
55032621629777,8905771170,MIGUHARA Pore Clear Bubble Pack Set (5g x 12 sachets),MIGUHARA,13.00,16.12,23.95,7.83,48.6,19.4,45.7,SUBE
55032621859153,8415113270,primera Organience BR Soft Peeling To Foam Cleanser 120ml,Primera,13.00,16.12,23.95,7.83,48.6,19.4,45.7,SUBE
55032621990225,7427932690,essenherb Tea Tree Deep Clean Cleansing Bar 100g,essenherb,13.00,16.12,23.95,7.83,48.6,19.4,45.7,SUBE
55032622121297,7451355055,[ONE THING] Houttuynia Cordata Clarifying Facial Cleanser 150ml,ONE THING,13.00,16.12,23.95,7.83,48.6,19.4,45.7,SUBE
55032622219601,5203575835,O HUI Miracle Moisture Cleansing Oil 150ml,O HUI,13.00,16.12,23.95,7.83,48.6,19.4,45.7,SUBE
55032622317905,5590786780,AESTURA THERACNE 365 CLEAR DEEP CLEANSING FOAM 200g,AESTURA,13.00,16.12,23.95,7.83,48.6,19.4,45.7,SUBE
55032622448977,1122347107,O HUI Extreme Bright Cleansing Foam 160ml,O HUI,13.00,16.12,23.95,7.83,48.6,19.4,45.7,SUBE
55032622514513,5203584534,O HUI Miracle Moisture Cleansing Foam 200ml,O HUI,13.00,16.12,23.95,7.83,48.6,19.4,45.7,SUBE
55032622645585,6389054716,Dr.G A' Clear Bubble Foam 150ml,Dr.G,13.00,16.12,23.95,7.83,48.6,19.4,45.7,SUBE
55032622743889,4872743961,Bonajour Mellow Mild Milk Cleanser 200ml,Bonajour,13.00,16.12,23.95,7.83,48.6,19.4,45.7,SUBE
55032622907729,2757580463,NEOGEN Calming Cica Tree Micellar Cleansing Oil 300ml,NEOGEN,13.00,16.12,23.95,7.83,48.6,19.4,45.7,SUBE
55032623333713,8482867393,Dr.G Green Deep Cleansing Oil 210ml,Dr.G,13.00,16.12,23.95,7.83,48.6,19.4,45.7,SUBE
55032623497553,5684159574,NEOGEN DERMALOGY Real Fresh Cleansing Oil Green Tea 285ml,NEOGEN,13.00,16.12,23.95,7.83,48.6,19.4,45.7,SUBE
55032623661393,225486388,Bonajour Jeju Milk Soft Foaming Cleanser 160ml,Bonajour,13.00,16.12,23.95,7.83,48.6,19.4,45.7,SUBE
55032624021841,1391091734,CNP Anti-Dust Clay Foam Cleanser 150ml,CNP,13.00,16.12,23.95,7.83,48.6,19.4,45.7,SUBE
55032624120145,5110134373,KLAIRS Gentle Black Fresh Cleansing Oil 150ml,KLAIRS,13.00,16.12,23.95,7.83,48.6,19.4,45.7,SUBE
55033036046673,10208620050,DEWYTREE Hi Amino All Pore Cleansing Balm 90g,DEWYTREE,13.00,16.12,23.95,7.83,48.6,19.4,45.7,SUBE
55033103090001,8816486728,[MARY & MAY] Vitamin B.C.E Cleansing Balm 120g,MARY & MAY,13.00,16.12,23.95,7.83,48.6,19.4,45.7,SUBE
55033113575761,8972321752,[Pyunkang Yul] Deep Cleansing Oil 290ml,Pyunkang Yul,13.00,16.12,23.95,7.83,48.6,19.4,45.7,SUBE
55033116492113,7926748948,EUNYUL VITA BALANCE WONDER SOFTENING Cleansing Balm 90ml,EUNYUL,13.00,16.12,23.95,7.83,48.6,19.4,45.7,SUBE
55033121440081,398069488,Dr.Ceuracle 5α Control Melting Cleansing Gel 150ml,Dr.Ceuracle,13.00,16.12,23.95,7.83,48.6,19.4,45.7,SUBE
55033122914641,10643884777,AROMATICA Vitalizing Rosemary Pore Clearing Foam 150ml,AROMATICA,13.00,16.12,23.95,7.83,48.6,19.4,45.7,SUBE
55033124880721,2574477296,[Real Barrier] Control-T Cleansing Foam 200ml,Real Barrier,13.00,16.12,23.95,7.83,48.6,19.4,45.7,SUBE
55033125044561,10366329030,[Real Barrier] Extreme Deep Cleansing Blue Oil 200ml,Real Barrier,13.00,16.12,23.95,7.83,48.6,19.4,45.7,SUBE
55033127698769,2640106958,NEOGEN Dermalogy Real Fresh Cleansing Stick Green Tea 80g,NEOGEN,13.00,16.12,23.95,7.83,48.6,19.4,45.7,SUBE
55033129369937,5087990612,belif Problem Solution Vegan Cleansing Foam 100ml,belif,13.00,16.12,23.95,7.83,48.6,19.4,45.7,SUBE
55033132220753,5583693272,Dr.G PH Cleansing Gel Foam 300ml,Dr.G,13.00,16.12,23.95,7.83,48.6,19.4,45.7,SUBE
55033134055761,11610600560,SUNGBOON EDITOR Green Tomato Deep Pore Double Cleansing Ampoule Oil 200g,SUNGBOON EDITOR,13.00,16.12,23.95,7.83,48.6,19.4,45.7,SUBE
55033141330257,7709775698,9wishes Dermatic CICA Foam Cleanser 150ml,9wishes,13.00,16.12,23.95,7.83,48.6,19.4,45.7,SUBE
55033144181073,11926843539,[NATURE REPUBLIC] Forest Garden Whip Foam Cleanser 90ml (2types),NATURE REPUBLIC,13.00,16.12,23.95,7.83,48.6,19.4,45.7,SUBE
55033144213841,11926843539,[NATURE REPUBLIC] Forest Garden Whip Foam Cleanser 90ml (2types),NATURE REPUBLIC,13.00,16.12,23.95,7.83,48.6,19.4,45.7,SUBE
55033144377681,11904279075,[NATURE REPUBLIC] Natural Made Enzyme Powder Wash 45g (3types),NATURE REPUBLIC,13.00,16.12,23.95,7.83,48.6,19.4,45.7,SUBE
55033144410449,11904279075,[NATURE REPUBLIC] Natural Made Enzyme Powder Wash 45g (3types),NATURE REPUBLIC,13.00,16.12,23.95,7.83,48.6,19.4,45.7,SUBE
55033144443217,11904279075,[NATURE REPUBLIC] Natural Made Enzyme Powder Wash 45g (3types),NATURE REPUBLIC,13.00,16.12,23.95,7.83,48.6,19.4,45.7,SUBE
55033147687249,8516619632,ongredients Deep Foaming Cleanser 120ml,ongredients,13.00,16.12,23.95,7.83,48.6,19.4,45.7,SUBE
55033151619409,11829894105,Hanskin Deep Cleansing Oil Balm & Blackhead 100ml,Hanskin,13.00,16.12,23.95,7.83,48.6,19.4,45.7,SUBE
55033154634065,13026257546,AESTURA Atobarrier 365 Gentle Foaming Cleanser 150ml,AESTURA,13.00,16.12,23.95,7.83,48.6,19.4,45.7,SUBE
55033154896209,6352478619,Dr.Melaxin TX Ampoule Cleanser 100ml,Dr.Melaxin,13.00,16.12,23.95,7.83,48.6,19.4,45.7,SUBE
55033155354961,11028038192,DERMALINE Deep Clean Moisture Foam 150g,DERMALINE,13.00,16.12,23.95,7.83,48.6,19.4,45.7,SUBE
55033163055441,10713820690,KUNDAL All Day Smell Cover Teens Shampoo 400ml #Plum & Grapefruit,KUNDAL,13.00,16.12,23.95,7.83,48.6,19.4,45.7,SUBE
55033164955985,8602562787,KUNDAL Protein Bonding Treatment 250ml,KUNDAL,13.00,16.12,23.95,7.83,48.6,19.4,45.7,SUBE
55033164988753,8602562787,KUNDAL Protein Bonding Treatment 250ml,KUNDAL,13.00,16.12,23.95,7.83,48.6,19.4,45.7,SUBE
55033165021521,8602562787,KUNDAL Protein Bonding Treatment 250ml,KUNDAL,13.00,16.12,23.95,7.83,48.6,19.4,45.7,SUBE
55033165218129,10408226985,Dr.BANGGIWON LAB SCALP TONIC RX 120ml,Dr.BANGGIWON,13.00,16.12,23.95,7.83,48.6,19.4,45.7,SUBE
55033168003409,11121495685,moremo Hair Essence Delightful Oil 120ml,moremo,13.00,16.12,23.95,7.83,48.6,19.4,45.7,SUBE
55033168167249,5471758970,moremo Ampoule Water Treatment Miracle 100 200ml,moremo,13.00,16.12,23.95,7.83,48.6,19.4,45.7,SUBE
55033180455249,10572825828,[mise en scene] Salon 10 No Wash Ampoule Treatment 200ml,mise en scene,13.00,16.12,23.95,7.83,48.6,19.4,45.7,SUBE
55033183797585,3893277497,[NATURE REPUBLIC] Black Bean Anti-Hair Loss Shampoo 300ml,NATURE REPUBLIC,13.00,16.12,23.95,7.83,48.6,19.4,45.7,SUBE
55033193202001,11097231869,GRAFEN Control Paste Wax 100ml,GRAFEN,13.00,16.12,23.95,7.83,48.6,19.4,45.7,SUBE
55033193365841,11097231869,GRAFEN Safe Wax 100ml,GRAFEN,13.00,16.12,23.95,7.83,48.6,19.4,45.7,SUBE
55033193791825,11097231869,GRAFEN Grooming Clay Hard Wax 100ml,GRAFEN,13.00,16.12,23.95,7.83,48.6,19.4,45.7,SUBE
55033194086737,10739602495,GRAFEN One Step Matte Wax 70g,GRAFEN,13.00,16.12,23.95,7.83,48.6,19.4,45.7,SUBE
55033196544337,6919308844,GRAFEN Volume Up Curl Cream 150ml,GRAFEN,13.00,16.12,23.95,7.83,48.6,19.4,45.7,SUBE
55033199100241,5158233634,Foellie Capsule Feminine Wash 200ml,Foellie,13.00,16.12,23.95,7.83,48.6,19.4,45.7,SUBE
55033612009809,9595107475,GRAFEN Triple Lip Pro 4.3g [Handsome Lip],GRAFEN,13.00,16.12,23.95,7.83,48.6,19.4,45.7,SUBE
55033613058385,9608185103,GRAFEN Triple Lip Pro 3.9g [Naked],GRAFEN,13.00,16.12,23.95,7.83,48.6,19.4,45.7,SUBE
55033613451601,4762468375,GRAFEN Triple Lip Pro 3.9g [Lip Sense],GRAFEN,13.00,16.12,23.95,7.83,48.6,19.4,45.7,SUBE
55033615909201,@1438836981,ATOPALM Soothing Gel Lotion 120ml,ATOPALM,13.00,16.12,23.95,7.83,48.6,19.4,45.7,SUBE
55033623544145,9901632819,EUTHYMOL Whitening Purple Toothpaste 106g,EUTHYMOL,13.00,16.12,23.95,7.83,48.6,19.4,45.7,SUBE
55033630687569,10740368763,[Pyunkang Yul] ATO Baby Lotion Blue Label 350ml,Pyunkang Yul,13.00,16.12,23.95,7.83,48.6,19.4,45.7,SUBE
55033659687249,11705298700,[SOME BY MI] Lacto Soy Enzyme Deep Cleansing Foam 100ml,SOME BY MI,13.00,16.12,23.95,7.83,48.6,19.4,45.7,SUBE
55033666830673,12905073195,3CE Eye Switch Stick 1.3g (6colors),3CE,13.00,16.12,23.95,7.83,48.6,19.4,45.7,SUBE
55033666863441,12905073195,3CE Eye Switch Stick 1.3g (6colors),3CE,13.00,16.12,23.95,7.83,48.6,19.4,45.7,SUBE
55033666896209,12905073195,3CE Eye Switch Stick 1.3g (6colors),3CE,13.00,16.12,23.95,7.83,48.6,19.4,45.7,SUBE
55033666928977,12905073195,3CE Eye Switch Stick 1.3g (6colors),3CE,13.00,16.12,23.95,7.83,48.6,19.4,45.7,SUBE
55033666961745,12905073195,3CE Eye Switch Stick 1.3g (6colors),3CE,13.00,16.12,23.95,7.83,48.6,19.4,45.7,SUBE
55033666994513,12905073195,3CE Eye Switch Stick 1.3g (6colors),3CE,13.00,16.12,23.95,7.83,48.6,19.4,45.7,SUBE
55033667486033,10893480624,3CE Cashmere Hug Lipstick 3.5g (12colors),3CE,13.00,16.12,23.95,7.83,48.6,19.4,45.7,SUBE
55033667518801,10893480624,3CE Cashmere Hug Lipstick 3.5g (12colors),3CE,13.00,16.12,23.95,7.83,48.6,19.4,45.7,SUBE
55033667551569,10893480624,3CE Cashmere Hug Lipstick 3.5g (12colors),3CE,13.00,16.12,23.95,7.83,48.6,19.4,45.7,SUBE
55033667584337,10893480624,3CE Cashmere Hug Lipstick 3.5g (12colors),3CE,13.00,16.12,23.95,7.83,48.6,19.4,45.7,SUBE
55033667617105,10893480624,3CE Cashmere Hug Lipstick 3.5g (12colors),3CE,13.00,16.12,23.95,7.83,48.6,19.4,45.7,SUBE
55033667649873,10893480624,3CE Cashmere Hug Lipstick 3.5g (12colors),3CE,13.00,16.12,23.95,7.83,48.6,19.4,45.7,SUBE
55033667682641,10893480624,3CE Cashmere Hug Lipstick 3.5g (12colors),3CE,13.00,16.12,23.95,7.83,48.6,19.4,45.7,SUBE
55033667715409,10893480624,3CE Cashmere Hug Lipstick 3.5g (12colors),3CE,13.00,16.12,23.95,7.83,48.6,19.4,45.7,SUBE
55033667748177,10893480624,3CE Cashmere Hug Lipstick 3.5g (12colors),3CE,13.00,16.12,23.95,7.83,48.6,19.4,45.7,SUBE
55033667780945,10893480624,3CE Cashmere Hug Lipstick 3.5g (12colors),3CE,13.00,16.12,23.95,7.83,48.6,19.4,45.7,SUBE
55033667813713,10893480624,3CE Cashmere Hug Lipstick 3.5g (12colors),3CE,13.00,16.12,23.95,7.83,48.6,19.4,45.7,SUBE
55033667846481,10893480624,3CE Cashmere Hug Lipstick 3.5g (12colors),3CE,13.00,16.12,23.95,7.83,48.6,19.4,45.7,SUBE
55033668534609,12837644783,3CE Misty Lip Bare 4.6g (10colors),3CE,13.00,16.12,23.95,7.83,48.6,19.4,45.7,SUBE
55033668567377,12837644783,3CE Misty Lip Bare 4.6g (10colors),3CE,13.00,16.12,23.95,7.83,48.6,19.4,45.7,SUBE
55033668600145,12837644783,3CE Misty Lip Bare 4.6g (10colors),3CE,13.00,16.12,23.95,7.83,48.6,19.4,45.7,SUBE
55033668632913,12837644783,3CE Misty Lip Bare 4.6g (10colors),3CE,13.00,16.12,23.95,7.83,48.6,19.4,45.7,SUBE
55033668665681,12837644783,3CE Misty Lip Bare 4.6g (10colors),3CE,13.00,16.12,23.95,7.83,48.6,19.4,45.7,SUBE
55033668698449,12837644783,3CE Misty Lip Bare 4.6g (10colors),3CE,13.00,16.12,23.95,7.83,48.6,19.4,45.7,SUBE
55033668731217,12837644783,3CE Misty Lip Bare 4.6g (10colors),3CE,13.00,16.12,23.95,7.83,48.6,19.4,45.7,SUBE
55033668763985,12837644783,3CE Misty Lip Bare 4.6g (10colors),3CE,13.00,16.12,23.95,7.83,48.6,19.4,45.7,SUBE
55033668796753,12837644783,3CE Misty Lip Bare 4.6g (10colors),3CE,13.00,16.12,23.95,7.83,48.6,19.4,45.7,SUBE
55033668829521,12837644783,3CE Misty Lip Bare 4.6g (10colors),3CE,13.00,16.12,23.95,7.83,48.6,19.4,45.7,SUBE
55026978586961,4430252014,[NATURE REPUBLIC] Africa Bird Homme All In One Fresh Balancer 150ml,NATURE REPUBLIC,12.00,14.88,21.95,7.07,47.5,19.4,45.3,SUBE
55026983010641,10509766246,Dr.G RED BLEMISH For Men All In One Tone Lotion 50ml,Dr.G,12.00,14.88,21.95,7.07,47.5,19.4,45.3,SUBE
55026989826385,11070985986,[NATURE REPUBLIC] Man In Blue All In One Moisturizer 150ml,NATURE REPUBLIC,12.00,14.88,21.95,7.07,47.5,19.4,45.3,SUBE
55027005129041,TM20250106000150421,TONYMOLY Regencia Homme Emulsion 150ml,TONYMOLY,12.00,14.88,21.95,7.07,47.5,19.4,45.3,SUBE
55027008471377,TM20250106000150420,TONYMOLY Regencia Homme Toner 150ml,TONYMOLY,12.00,14.88,21.95,7.07,47.5,19.4,45.3,SUBE
55027010797905,9625862040,Hanskin Perfect All In One Lotion 115ml,Hanskin,12.00,14.88,21.95,7.07,47.5,19.4,45.3,SUBE
55027017908561,Rokkiss Foot care AGABAL stick 20g x 2ea,Rokkiss Foot care AGABAL stick 20g x 2ea,Rokkiss,12.00,14.88,21.95,7.07,47.5,19.4,45.3,SUBE
55027018629457,MEFACTORY PEELING DEAD FOOT PACK 3EA,MEFACTORY PEELING DEAD FOOT PACK 3EA,MEFACTORY,12.00,14.88,21.95,7.07,47.5,19.4,45.3,SUBE
55027020628305,9489810136,innisfree Special Care Mask Foot 20ml X 6ea,innisfree,12.00,14.88,21.95,7.07,47.5,19.4,45.3,SUBE
55027025150289,4624390000,CNP Tone-up Protection Sun 50ml,CNP,12.00,14.88,21.95,7.07,47.5,19.4,45.3,SUBE
55027035767121,8676462820,THE FACE SHOP Power Long Lasting Tone Up Sun Pink SPF 50+ PA++++ 50ml,THE FACE SHOP,12.00,14.88,21.95,7.07,47.5,19.4,45.3,SUBE
55027036389713,378347802,Dr.G Brightening Up Sun SPF50+ PA+++ 50ml,Dr.G,12.00,14.88,21.95,7.07,47.5,19.4,45.3,SUBE
55027037176145,677101781,Dr.G Green Mild Up Sun Plus SPF50+/PA++++ 50ml,Dr.G,12.00,14.88,21.95,7.07,47.5,19.4,45.3,SUBE
55027037929809,4624396820,CNP Derma Shield Sun Stick 14g,CNP,12.00,14.88,21.95,7.07,47.5,19.4,45.3,SUBE
55027163365713,7019750175,Re:NK INTENSE BRIGHTENING CELL ESSENCE SUN CREAM 50ml,Re:NK,12.00,14.88,21.95,7.07,47.5,19.4,45.3,SUBE
55027186336081,8277399128,innisfree UV Active Poreless Sunscreen 50ml SPF50+ PA++++,innisfree,12.00,14.88,21.95,7.07,47.5,19.4,45.3,SUBE
55027197903185,8324356211,"goodal Heartleaf Calming Cooling Sun Stick 19g / SPF50+,PA++++",goodal,12.00,14.88,21.95,7.07,47.5,19.4,45.3,SUBE
55027200196945,9949340258,goodal Heartleaf Calming Tone Up Sun Cream 50ml [SPF50+ PA++++],goodal,12.00,14.88,21.95,7.07,47.5,19.4,45.3,SUBE
55027200688465,6474058291,"ETUDE Soonjung Director's Moisture Sun Cream SPF50+ PA++++, 50ml",ETUDE,12.00,14.88,21.95,7.07,47.5,19.4,45.3,SUBE
55027230605649,5496716863,make p:rem UV Defense Me. Calming Sun Stick 20g,make p:rem,12.00,14.88,21.95,7.07,47.5,19.4,45.3,SUBE
55027234046289,9953776235,DEWYTREE Urban Shade Cool Calming Moist Sun 150ml,DEWYTREE,12.00,14.88,21.95,7.07,47.5,19.4,45.3,SUBE
55027239354705,9987969856,Isntree Onion Fresh Fluid Sun Cream 50ml SFP50 PA++++,Isntree,12.00,14.88,21.95,7.07,47.5,19.4,45.3,SUBE
55028052361553,6957066950,Eunyul Lab Moisture Sun Cream SPF50+ PA++++ 50ml,EUNYUL,12.00,14.88,21.95,7.07,47.5,19.4,45.3,SUBE
55028053934417,10325639733,KAHI Airy fit Sun Stick SPF 50+ PA++++ 14g,KAHI,12.00,14.88,21.95,7.07,47.5,19.4,45.3,SUBE
55028054720849,8304473108,[Real Barrier] Aqua Soothing Sun Lotion SPF50+ PA++++ 50ml,Real Barrier,12.00,14.88,21.95,7.07,47.5,19.4,45.3,SUBE
55028054851921,8304500876,[Real Barrier] Auqa Soothing Sun Stick SPF50+ PA++++ 21g,Real Barrier,12.00,14.88,21.95,7.07,47.5,19.4,45.3,SUBE
55028055114065,5606811289,AHC Masters Aqua Rich Sun Cream (SPF50+/PA++++) 30ml+30ml Double Set,AHC,12.00,14.88,21.95,7.07,47.5,19.4,45.3,SUBE
55028060717393,11943065831,TONYMOLY Mild Blue Agave Soothing Sun Stick SPF 50+ PA++++ 15g,TONYMOLY,12.00,14.88,21.95,7.07,47.5,19.4,45.3,SUBE
55028068385105,6329103887,AHC Safe On Essence Sun Cream SPF50+ PA++++ 50ml,AHC,12.00,14.88,21.95,7.07,47.5,19.4,45.3,SUBE
55028068450641,5426448493,AHC Safe On Mild Sun Cushion SPF50+ PA++++25g,AHC,12.00,14.88,21.95,7.07,47.5,19.4,45.3,SUBE
55028069499217,11487994416,[so natural] ALL DAY SUN FIXX TONE UP PINK SPF50+ PA++++ 50ml,so natural,12.00,14.88,21.95,7.07,47.5,19.4,45.3,SUBE
55028072022353,7862092708,ongredients Daily Fresh Sun Stick SPF50+ PA++++ 15g,ongredients,12.00,14.88,21.95,7.07,47.5,19.4,45.3,SUBE
55028073824593,11872956858,nutseline Cica Nut Waterfull Calming Sun Stick SPF50+ PA++++ 20g,nutseline,12.00,14.88,21.95,7.07,47.5,19.4,45.3,SUBE
55028074053969,11955929923,MEDIHEAL Madecassoside Moisture Sun Serum SPF50+ PA++++ 50ml,MEDIHEAL,12.00,14.88,21.95,7.07,47.5,19.4,45.3,SUBE
55028075626833,9135170308,Cos De BAHA MS Hydrating Mineral Sunscreen SPF50+PA++++ 45ml,Cos De BAHA,12.00,14.88,21.95,7.07,47.5,19.4,45.3,SUBE
55028075725137,11613844140,innisfree Vita C Tone Up Sunscreen SPF50+ PA++++ 50ml,innisfree,12.00,14.88,21.95,7.07,47.5,19.4,45.3,SUBE
55028076118353,11834174297,starlike Foundation Free Tone Up Sun Cream SPF50+ PA++++ 50ml,starlike,12.00,14.88,21.95,7.07,47.5,19.4,45.3,SUBE
55028077265233,12410414621,THE FACE SHOP Power Long Lasting Silky-fit Collagen Sun Cream SPF50+ PA++++ 50ml,THE FACE SHOP,12.00,14.88,21.95,7.07,47.5,19.4,45.3,SUBE
55028077658449,13242547590,[Pyunkang Yul] Airy Protection Sun Cushion SFP50+ PA++++ 15g,Pyunkang Yul,12.00,14.88,21.95,7.07,47.5,19.4,45.3,SUBE
55028080607569,2290824314,COSNORI Always Slim Fit Body Gel 150ml,COSNORI,12.00,14.88,21.95,7.07,47.5,19.4,45.3,SUBE
55028080836945,3591392107,[HOLIKA HOLIKA] Good Cera Ato Relief Oil Wash 400ml,HOLIKA HOLIKA,12.00,14.88,21.95,7.07,47.5,19.4,45.3,SUBE
55028082901329,5505065727,Dr.FORHAIR Folligen Plus Shampoo 500ml,Dr.FORHAIR,12.00,14.88,21.95,7.07,47.5,19.4,45.3,SUBE
55028088701265,5663936683,KUNDAL Cool & Clear Ice Boosting Cool Body Wash 1058ml #Aqua Mint,KUNDAL,12.00,14.88,21.95,7.07,47.5,19.4,45.3,SUBE
55028088865105,8320669666,KUNDAL EAU THERMALE SPA SCRUB BODY WASH 500ml #COZY DARRELING,KUNDAL,12.00,14.88,21.95,7.07,47.5,19.4,45.3,SUBE
55028089094481,8320518312,KUNDAL EAU THERMALE SPA SCRUB BODY WASH 500ml #VIOLET MUGUET,KUNDAL,12.00,14.88,21.95,7.07,47.5,19.4,45.3,SUBE
55028096827729,10763635157,BIOKLASSE MILK BAOBAB Body Wash 1000ml #Flora Bouquet,BIOKLASSE,12.00,14.88,21.95,7.07,47.5,19.4,45.3,SUBE
55028098433361,9285039793,BIOKLASSE Milk Baobab Cera Body Wash 1200ml #Mauve Tulip,BIOKLASSE,12.00,14.88,21.95,7.07,47.5,19.4,45.3,SUBE
55028099055953,11011540376,Dr.G Dermoisture Barrier.D Rich Derm Body Lotion 400ml,Dr.G,12.00,14.88,21.95,7.07,47.5,19.4,45.3,SUBE
55028099645777,11489058098,APLB Collagen EGF Peptide Body Lotion 300ml,APLB,12.00,14.88,21.95,7.07,47.5,19.4,45.3,SUBE
55028103151953,11145700802-mini,nutseline Super Nut Nourishing Balm 11ml (MINI),nutseline,12.00,14.88,21.95,7.07,47.5,19.4,45.3,SUBE
55028108362065,10607998606,Dr.Jart+ Ceramidin Moisturizing Hand Cream 100ml,Dr.Jart+,12.00,14.88,21.95,7.07,47.5,19.4,45.3,SUBE
55028109148497,7814043525,3CE Hand Cream 50ml #FRAGMENTS OF SUMMER,3CE,12.00,14.88,21.95,7.07,47.5,19.4,45.3,SUBE
55028109934929,7814043525,3CE Hand Cream 50ml #WHERE DAYS COLLIDE,3CE,12.00,14.88,21.95,7.07,47.5,19.4,45.3,SUBE
55028110000465,7814043525,3CE Hand Cream 50ml #UNFAMILIAR JOURNEY,3CE,12.00,14.88,21.95,7.07,47.5,19.4,45.3,SUBE
55028110459217,7750037552,Luvum Green Wood Hand Cream 50ml,Luvum,12.00,14.88,21.95,7.07,47.5,19.4,45.3,SUBE
55028112032081,9489796302,innisfree Special Care Mask Hand 20ml X 6ea,innisfree,12.00,14.88,21.95,7.07,47.5,19.4,45.3,SUBE
55028118421841,@306066453,isoi Bulgarian Rose Lip Treatment Balm 5g #Baby Pink,isoi,12.00,14.88,21.95,7.07,47.5,19.4,45.3,SUBE
55028119372113,154843629,isoi Bulgarian Rose Lip Treatment Balm 5g #Pure Red,isoi,12.00,14.88,21.95,7.07,47.5,19.4,45.3,SUBE
55028124451153,5887466512,Dr.Ceuracle Vegan Kombucha Tea Lip Balm 3.7g,Dr.Ceuracle,12.00,14.88,21.95,7.07,47.5,19.4,45.3,SUBE
55028124909905,9165046226,Dinto [Marcus Aurelius] Repairing Lip Essence Mask 100 3g,Dinto,12.00,14.88,21.95,7.07,47.5,19.4,45.3,SUBE
55028130742609,8085147247,HEVEBLUE Penta Berry Panthenol Repair Lip Treatment 12g (4colors),HEVEBLUE,12.00,14.88,21.95,7.07,47.5,19.4,45.3,SUBE
55028130775377,8085147247,HEVEBLUE Penta Berry Panthenol Repair Lip Treatment 12g (4colors),HEVEBLUE,12.00,14.88,21.95,7.07,47.5,19.4,45.3,SUBE
55028130808145,8085147247,HEVEBLUE Penta Berry Panthenol Repair Lip Treatment 12g (4colors),HEVEBLUE,12.00,14.88,21.95,7.07,47.5,19.4,45.3,SUBE
55028130840913,8085147247,HEVEBLUE Penta Berry Panthenol Repair Lip Treatment 12g (4colors),HEVEBLUE,12.00,14.88,21.95,7.07,47.5,19.4,45.3,SUBE
55028146766161,9626920310,innisfree Green Tea Hyaluronic Glow Eye & Face Ball 10ml,innisfree,12.00,14.88,21.95,7.07,47.5,19.4,45.3,SUBE
55028151058769,6635598878,S.NATURE Aqua Soy Yogurt Eye Cream 25g,S.NATURE,12.00,14.88,21.95,7.07,47.5,19.4,45.3,SUBE
55028152107345,6423810528,One-day's you Collagen Hydrogel Eye Patch 87g(60ea),One-day's you,12.00,14.88,21.95,7.07,47.5,19.4,45.3,SUBE
55028153090385,5912545915,PETITFEE Artichoke Soothing Hydrogel Eye Mask 80g (60 Patches),PETITFEE,12.00,14.88,21.95,7.07,47.5,19.4,45.3,SUBE
55028153483601,3701082015,PETITFEE Agave Cooling Hydrogel Eye Mask 80g (60 Patches),PETITFEE,12.00,14.88,21.95,7.07,47.5,19.4,45.3,SUBE
55028154859857,5586167393,PETITFEE Cacao Energizing Hydrogel Eye Mask 80g (60 Patches),PETITFEE,12.00,14.88,21.95,7.07,47.5,19.4,45.3,SUBE
55028155908433,3701116546,PETITFEE Chamomile Lightening Hydrogel Eye Mask 80g (60 Patches),PETITFEE,12.00,14.88,21.95,7.07,47.5,19.4,45.3,SUBE
55028156858705,7668282245,TONYMOLY 2X Vitamin C Eye Gel Patch 84g (60ea),TONYMOLY,12.00,14.88,21.95,7.07,47.5,19.4,45.3,SUBE
55028159873361,4978831025,Dr.Ceuracle Hyal Reyouth Hydrogel Eye Mask 60ea/90g,Dr.Ceuracle,12.00,14.88,21.95,7.07,47.5,19.4,45.3,SUBE
55028160201041,11033097548,MEDIPEEL 24K Gold Snail Repair Eye Cream 40ml,MEDIPEEL,12.00,14.88,21.95,7.07,47.5,19.4,45.3,SUBE
55029193605457,11264321452,innisfree Retinol Green Tea PDRN Skin Booster Toner 170ml,innisfree,12.00,14.88,21.95,7.07,47.5,19.4,45.3,SUBE
55029202583889,5356055598,Cos De BAHA NT Niacinamide 5% Facial Toner 200ml,Cos De BAHA,12.00,14.88,21.95,7.07,47.5,19.4,45.3,SUBE
55029205729617,5401270637,Cos De BAHA PT M.A Peptide Facial Toner (Peptide Complex Facial Toner with Matri,Cos De BAHA,12.00,14.88,21.95,7.07,47.5,19.4,45.3,SUBE
55029205893457,7442237696,Cos De BAHA L1 Bakuchiol 2% + Retinol 0.15% Serum 30ml,Cos De BAHA,12.00,14.88,21.95,7.07,47.5,19.4,45.3,SUBE
55029206384977,9882470566,Cos De BAHA RT Retinol 0.02% + Tranexamic Acid & Bakuchiol 2% Serum 30ml,Cos De BAHA,12.00,14.88,21.95,7.07,47.5,19.4,45.3,SUBE
55029207105873,11785005334,Cos De BAHA T15 Tranexamic Acid 15% Serum 30ml,Cos De BAHA,12.00,14.88,21.95,7.07,47.5,19.4,45.3,SUBE
55029256192337,5909358009,TIAM Vita B3 Mist Toner 200ml,TIAM,12.00,14.88,21.95,7.07,47.5,19.4,45.3,SUBE
55029259632977,10361928506,TIAM Hyaluronic Glow Revive Serum 40ml,TIAM,12.00,14.88,21.95,7.07,47.5,19.4,45.3,SUBE
55029264974161,8321616026,DEWYTREE AC Deep Blemish Calming Mask Sheet 27gX10ea,DEWYTREE,12.00,14.88,21.95,7.07,47.5,19.4,45.3,SUBE
55029266547025,9999785953,Torriden Cellmazing Vita C Brightening Mask Sheet 26ml X 10ea,Torriden,12.00,14.88,21.95,7.07,47.5,19.4,45.3,SUBE
55029266809169,6760613661,FATION Real Fit Rice Bran Brightening Mask Sheet 23mX10ea,FATION,12.00,14.88,21.95,7.07,47.5,19.4,45.3,SUBE
55029267071313,9245587085,MEDIHEAL Derma 365 Teetree Mask (30 Masks),MEDIHEAL,12.00,14.88,21.95,7.07,47.5,19.4,45.3,SUBE
55029267300689,6631324247,Round Lab Pine Calming Cica Sheet Mask 10pcs,Round Lab,12.00,14.88,21.95,7.07,47.5,19.4,45.3,SUBE
55029267628369,10186936444,MEDIHEAL Derma 365 Madecassoside Mask (30 Masks),MEDIHEAL,12.00,14.88,21.95,7.07,47.5,19.4,45.3,SUBE
55029268250961,9245600213,MEDIHEAL Derma 365 Collagen Mask (30 Masks),MEDIHEAL,12.00,14.88,21.95,7.07,47.5,19.4,45.3,SUBE
55029268513105,6149799719,MEDIHEAL The I.P.I Ampoule Mask Sheet 10P,MEDIHEAL,12.00,14.88,21.95,7.07,47.5,19.4,45.3,SUBE
55029268775249,6149815841,MEDIHEAL The H.P.A Ampoule Mask Sheet 10P,MEDIHEAL,12.00,14.88,21.95,7.07,47.5,19.4,45.3,SUBE
55029269070161,379750154,MEDIHEAL The E.G.T Ampoule Mask Sheet 10P,MEDIHEAL,12.00,14.88,21.95,7.07,47.5,19.4,45.3,SUBE
55029269332305,534330846,[THANK YOU FARMER] Miracle Age Repair Cotton Mask 25ml X 5ea,THANK YOU FARMER,12.00,14.88,21.95,7.07,47.5,19.4,45.3,SUBE
55029269496145,4838633113,NEOGEN Probiotics Relief Mask 25g X 5ea,NEOGEN,12.00,14.88,21.95,7.07,47.5,19.4,45.3,SUBE
55029269692753,3378097307,daymellow Pure Water Energy Bird's Nest Mask 27ml X 10ea,daymellow,12.00,14.88,21.95,7.07,47.5,19.4,45.3,SUBE
55029270053201,205173633,EUNYUL Multi-complex Horse Oil Sheet Mask 30ml x 30ea,EUNYUL,12.00,14.88,21.95,7.07,47.5,19.4,45.3,SUBE
55029270380881,C4500297680,Mediheal Double Calming Water Mask 20ml X 15pcs,MEDIHEAL,12.00,14.88,21.95,7.07,47.5,19.4,45.3,SUBE
55029270610257,8574881837,MEDIHEAL HYALU MOIST ESSENCE MASK SHEET 20ml X 15pcs,MEDIHEAL,12.00,14.88,21.95,7.07,47.5,19.4,45.3,SUBE
55029465514321,5299868125,[Pyunkang Yul] Calming Mask Pack 25ml*10 Sheets,Pyunkang Yul,12.00,14.88,21.95,7.07,47.5,19.4,45.3,SUBE
55029474230609,7825154281,[I'm Sorry For My Skin] pH 5.5 Jelly Mask 33g*10ea #Brightening,I'm Sorry For My Skin,12.00,14.88,21.95,7.07,47.5,19.4,45.3,SUBE
55029477572945,7825221570,[I'm Sorry For My Skin] pH5.5 Jelly Mask 33g*10ea #Relaxing,I'm Sorry For My Skin,12.00,14.88,21.95,7.07,47.5,19.4,45.3,SUBE
55029479604561,7825399840,[I'm Sorry For My Skin] pH 5.5 Jelly Mask 33g*10ea #Purifying,I'm Sorry For My Skin,12.00,14.88,21.95,7.07,47.5,19.4,45.3,SUBE
55029483012433,6501919546,Dr.Ceuracle Expert Charcoal Black Modeling Mask 1kg,Dr.Ceuracle,12.00,14.88,21.95,7.07,47.5,19.4,45.3,SUBE
55029483372881,6501921735,Dr.Ceuracle Expert Collagen Firming Modeling Mask 1kg,Dr.Ceuracle,12.00,14.88,21.95,7.07,47.5,19.4,45.3,SUBE
55029484093777,6501916338,Dr.Ceuracle Expert Goji Berry Vita Modeling Mask 1kg,Dr.Ceuracle,12.00,14.88,21.95,7.07,47.5,19.4,45.3,SUBE
55029484454225,5277647756,Dr.Ceuracle Expert Spirulina Cooling Modeling Mask 1kg,Dr.Ceuracle,12.00,14.88,21.95,7.07,47.5,19.4,45.3,SUBE
55029494153553,5803422919,VARIHOPE Biotics Vital Neck Patch (6g*5ea),VARIHOPE,12.00,14.88,21.95,7.07,47.5,19.4,45.3,SUBE
55029496611153,10168348537,NEOGEN Real Heartleaf Soothing Daily Mask 180ml/40ea,NEOGEN,12.00,14.88,21.95,7.07,47.5,19.4,45.3,SUBE
55029500150097,10259403826,[MANYO FACTORY] Thanks Berry Green Tea Mask 310ml(30sheets),Manyo Factory,12.00,14.88,21.95,7.07,47.5,19.4,45.3,SUBE
55029515419985,11581216856,SUNGBOON EDITOR Active Marine Astaxanthin Toning Serum Mask 23ml X 10ea,SUNGBOON EDITOR,12.00,14.88,21.95,7.07,47.5,19.4,45.3,SUBE
55029515878737,5983900763,Abib Mild Acidic pH Sheet Mask Jericho Rose Fit 30ml X 10ea,Abib,12.00,14.88,21.95,7.07,47.5,19.4,45.3,SUBE
55029531378001,338281265,[NATURE REPUBLIC] Real Nature Mask Sheet 23ml X 30ea (13type),NATURE REPUBLIC,12.00,14.88,21.95,7.07,47.5,19.4,45.3,SUBE
55029531410769,338281265,[NATURE REPUBLIC] Real Nature Mask Sheet 23ml X 30ea (13type),NATURE REPUBLIC,12.00,14.88,21.95,7.07,47.5,19.4,45.3,SUBE
55029531443537,338281265,[NATURE REPUBLIC] Real Nature Mask Sheet 23ml X 30ea (13type),NATURE REPUBLIC,12.00,14.88,21.95,7.07,47.5,19.4,45.3,SUBE
55029531476305,338281265,[NATURE REPUBLIC] Real Nature Mask Sheet 23ml X 30ea (13type),NATURE REPUBLIC,12.00,14.88,21.95,7.07,47.5,19.4,45.3,SUBE
55029531509073,338281265,[NATURE REPUBLIC] Real Nature Mask Sheet 23ml X 30ea (13type),NATURE REPUBLIC,12.00,14.88,21.95,7.07,47.5,19.4,45.3,SUBE
55029531541841,338281265,[NATURE REPUBLIC] Real Nature Mask Sheet 23ml X 30ea (13type),NATURE REPUBLIC,12.00,14.88,21.95,7.07,47.5,19.4,45.3,SUBE
55029531574609,338281265,[NATURE REPUBLIC] Real Nature Mask Sheet 23ml X 30ea (13type),NATURE REPUBLIC,12.00,14.88,21.95,7.07,47.5,19.4,45.3,SUBE
55029531607377,338281265,[NATURE REPUBLIC] Real Nature Mask Sheet 23ml X 30ea (13type),NATURE REPUBLIC,12.00,14.88,21.95,7.07,47.5,19.4,45.3,SUBE
55029531640145,338281265,[NATURE REPUBLIC] Real Nature Mask Sheet 23ml X 30ea (13type),NATURE REPUBLIC,12.00,14.88,21.95,7.07,47.5,19.4,45.3,SUBE
55029531672913,338281265,[NATURE REPUBLIC] Real Nature Mask Sheet 23ml X 30ea (13type),NATURE REPUBLIC,12.00,14.88,21.95,7.07,47.5,19.4,45.3,SUBE
55029531705681,338281265,[NATURE REPUBLIC] Real Nature Mask Sheet 23ml X 30ea (13type),NATURE REPUBLIC,12.00,14.88,21.95,7.07,47.5,19.4,45.3,SUBE
55029531738449,338281265,[NATURE REPUBLIC] Real Nature Mask Sheet 23ml X 30ea (13type),NATURE REPUBLIC,12.00,14.88,21.95,7.07,47.5,19.4,45.3,SUBE
55032539906385,2273499122,PETITFEE GOLD & SNAIL Hydrogel Mask Pack 30g X 5ea,PETITFEE,12.00,14.88,21.95,7.07,47.5,19.4,45.3,SUBE
55032547574097,10797809219,MEDIHEAL Dermaplus Low Molecular Hyaluronic Acid Mask 22ml X 10ea,MEDIHEAL,12.00,14.88,21.95,7.07,47.5,19.4,45.3,SUBE
55032547672401,10796791860,MEDIHEAL Teatree Impact In Balancing Mask 24ml X 10ea,MEDIHEAL,12.00,14.88,21.95,7.07,47.5,19.4,45.3,SUBE
55032548098385,9167328778,MEDIHEAL Teatree Ampoule Mask 25ml X 10ea,MEDIHEAL,12.00,14.88,21.95,7.07,47.5,19.4,45.3,SUBE
55032552456529,11498751283,innisfree Volcanic Swirl Pore Mask 110g,innisfree,12.00,14.88,21.95,7.07,47.5,19.4,45.3,SUBE
55032552620369,11613879493,innisfree Retinol Green Tea PDRN Skinbooster Ampoule Gel Mask 25ml X 5ea,innisfree,12.00,14.88,21.95,7.07,47.5,19.4,45.3,SUBE
55032552685905,11613872724,innisfree Retinol Cica Repair Ampoule Gel Mask 23ml X 5ea,innisfree,12.00,14.88,21.95,7.07,47.5,19.4,45.3,SUBE
55032552816977,12187714139,innisfree Hyaluronic Acid Active Mask 25ml X 5ea,innisfree,12.00,14.88,21.95,7.07,47.5,19.4,45.3,SUBE
55032552915281,12187732287,innisfree Vitamin C Active Mask 25ml X 5ea,innisfree,12.00,14.88,21.95,7.07,47.5,19.4,45.3,SUBE
55032552980817,12187753487,innisfree Idebenone Active Mask 25ml X 5ea,innisfree,12.00,14.88,21.95,7.07,47.5,19.4,45.3,SUBE
55032553111889,11613868236,innisfree Vitamin C Green Tea Enzyme Brightening Serum Gel Mask 25ml X 5ea,innisfree,12.00,14.88,21.95,7.07,47.5,19.4,45.3,SUBE
55032553177425,12187687578,innisfree Madecassoside Active Mask 25ml X 5ea,innisfree,12.00,14.88,21.95,7.07,47.5,19.4,45.3,SUBE
55032553308497,8853418720,Abib Gummy Sheet Mask Madecassoside Sticker 27ml X 10ea,Abib,12.00,14.88,21.95,7.07,47.5,19.4,45.3,SUBE
55032617206097,10470793747,make p:rem Safe Me. Amino Refresh Cleansing Balm 100ml,make p:rem,12.00,14.88,21.95,7.07,47.5,19.4,45.3,SUBE
55032617337169,8040356680,make p:rem Pure Biome Petal Peeling Gel 150ml,make p:rem,12.00,14.88,21.95,7.07,47.5,19.4,45.3,SUBE
55032617435473,5550316031,[so natural] So Vegan Green Bean Coffee Scrub 105ml,so natural,12.00,14.88,21.95,7.07,47.5,19.4,45.3,SUBE
55032617599313,5275468884,One-day's you Pro-Vita C Cleansing Balm 120ml,One-day's you,12.00,14.88,21.95,7.07,47.5,19.4,45.3,SUBE
55032617992529,5404610606,primera BHA Bubble Peeling Cleanser,primera,12.00,14.88,21.95,7.07,47.5,19.4,45.3,SUBE
55032618090833,332273174,[so natural] Red Peel Pore Clear Stick 23g,so natural,12.00,14.88,21.95,7.07,47.5,19.4,45.3,SUBE
55032618287441,6563117980,ETUDE PPOYAN Cleansing Oil 150ml,ETUDE,12.00,14.88,21.95,7.07,47.5,19.4,45.3,SUBE
55032618418513,9313228382,AROMATICA Tea Tree Balancing Cleansing Bar 110g,AROMATICA,12.00,14.88,21.95,7.07,47.5,19.4,45.3,SUBE
55032618549585,10325847284,AHC Prep+Reset Micellar Cleansing Oil 125ml,AHC,12.00,14.88,21.95,7.07,47.5,19.4,45.3,SUBE
55032618647889,6231874161,[MARY & MAY] Houttuynia Cordata + Tea Tree Cleansing Foam 150ml,MARY & MAY,12.00,14.88,21.95,7.07,47.5,19.4,45.3,SUBE
55032618778961,4937734677,MISSHA Super Off Cleansing Oil 305ml #Dryness Off,MISSHA,12.00,14.88,21.95,7.07,47.5,19.4,45.3,SUBE
55032618877265,5372312596,MISSHA Super Off Cleansing Oil 305ml #Dust Off,MISSHA,12.00,14.88,21.95,7.07,47.5,19.4,45.3,SUBE
55032619008337,5682847030,[YURI PIBU] Grante Foaming Cleanser 160ml,YURI PIBU,12.00,14.88,21.95,7.07,47.5,19.4,45.3,SUBE
55032619172177,4654858724,MIZON Apple Smoothie Peeling Gel 120ml,MIZON,12.00,14.88,21.95,7.07,47.5,19.4,45.3,SUBE
55032619663697,5372312636,MISSHA Super Off Cleansing Oil 305ml #Blackhead Off,MISSHA,12.00,14.88,21.95,7.07,47.5,19.4,45.3,SUBE
55032619794769,2757580463,NEOGEN Calming Cica Tree Micellar Cleansing Water 400ml,NEOGEN,12.00,14.88,21.95,7.07,47.5,19.4,45.3,SUBE
55032619893073,2398643640,NEOGEN Dermalogy Green Tea Moist PHA Gauze Peeling 30 Sheets,NEOGEN,12.00,14.88,21.95,7.07,47.5,19.4,45.3,SUBE
55032620810577,4947514571,Dr.G Red Blemish Clear Quick Soothing Pads 70 Sheets,Dr.G,12.00,14.88,21.95,7.07,47.5,19.4,45.3,SUBE
55033036112209,10311299216,DEWYTREE Hi Amino All Powder Wash 50g,DEWYTREE,12.00,14.88,21.95,7.07,47.5,19.4,45.3,SUBE
55033037095249,10598020989,Isntree Mugwort Calming Deep Cleansing Oil 200ml,Isntree,12.00,14.88,21.95,7.07,47.5,19.4,45.3,SUBE
55033041813841,10309673628,Luvum Pore Deep Cleansing Pads 10 pads,Luvum,12.00,14.88,21.95,7.07,47.5,19.4,45.3,SUBE
55033045320017,Bouquet Garni Deep Perfume Soap Baby Powder 100g X 10ea,Bouquet Garni Deep Perfume Soap Baby Powder 100g X 10ea,Bouquet Garni,12.00,14.88,21.95,7.07,47.5,19.4,45.3,SUBE
55033057345873,11154366755,innisfree Green Tea Amino Hydrating Cleansing Foam 250g,innisfree,12.00,14.88,21.95,7.07,47.5,19.4,45.3,SUBE
55033103745361,6345855947,heimish Matcha Biome Amino Acne Cleansing Foam 150ml,heimish,12.00,14.88,21.95,7.07,47.5,19.4,45.3,SUBE
55033113248081,5414754374,[Pyunkang Yul] Calming Low pH Foaming Cleanser 150ml,Pyunkang Yul,12.00,14.88,21.95,7.07,47.5,19.4,45.3,SUBE
55033113968977,4634880557,[Pyunkang Yul] Low pH Pore Deep Cleansing Foam 100ml,Pyunkang Yul,12.00,14.88,21.95,7.07,47.5,19.4,45.3,SUBE
55033115083089,10685556642,[Pyunkang Yul] Pore Out Cleansing Cake 100g,Pyunkang Yul,12.00,14.88,21.95,7.07,47.5,19.4,45.3,SUBE
55033120719185,10482279005,FULLY GREEN TOMATO CLAY PACK CLEANSER 120ml,FULLY,12.00,14.88,21.95,7.07,47.5,19.4,45.3,SUBE
55033126191441,11175084087,JUNGSAEMMOOL Aqua Pear Sherbet Cleanser 90ml,JUNGSAEMMOOL,12.00,14.88,21.95,7.07,47.5,19.4,45.3,SUBE
55033127076177,11599997374,JUNGSAEMMOOL Masterclass Brush Liquid Cleanser 200ml,JUNGSAEMMOOL,12.00,14.88,21.95,7.07,47.5,19.4,45.3,SUBE
55033130713425,11011352230,Dr.G Dermoisture Barrier.D Rich Derm Body Wash 400ml,Dr.G,12.00,14.88,21.95,7.07,47.5,19.4,45.3,SUBE
55033135399249,10822731690,APLB Glutathione Niacinamide Cleansing Water 160ml,APLB,12.00,14.88,21.95,7.07,47.5,19.4,45.3,SUBE
55033135563089,10822718732,APLB Glutathione Niacinamide Cleansing Balm 80ml,APLB,12.00,14.88,21.95,7.07,47.5,19.4,45.3,SUBE
55033135792465,10822703828,APLB Glutathione Niacinamide Cleansing Oil 105ml,APLB,12.00,14.88,21.95,7.07,47.5,19.4,45.3,SUBE
55033143394641,11187773154,O HUI Miracle Moisture Cleansing Foam 200ml+100ml Special Set,O HUI,12.00,14.88,21.95,7.07,47.5,19.4,45.3,SUBE
55033146245457,12381434672,Parnell AHA Omija Ceramic Cleansing Oil 200ml,Parnell,12.00,14.88,21.95,7.07,47.5,19.4,45.3,SUBE
55033146310993,10967770102,Genabelle Phytology 17 Perfect Cleansing Foam 150ml,Genabelle,12.00,14.88,21.95,7.07,47.5,19.4,45.3,SUBE
55033149555025,5479308793,PETITFEE Beautifying Mood On Cleanser 100ml,PETITFEE,12.00,14.88,21.95,7.07,47.5,19.4,45.3,SUBE
55033149948241,11217131421,PETITFEE BETA-GLUCAN Enzyme Powder Wash 1g X 20ea,PETITFEE,12.00,14.88,21.95,7.07,47.5,19.4,45.3,SUBE
55033151553873,12219038919,Hanskin Vitamin C Glow Powder Cleanser 70g,Hanskin,12.00,14.88,21.95,7.07,47.5,19.4,45.3,SUBE
55033151750481,10538127575,Hanskin Cleansing Oil & Blackhead PHA 200ml,Hanskin,12.00,14.88,21.95,7.07,47.5,19.4,45.3,SUBE
55033151881553,11469761288,Hanskin Blackhead Water to Foam Cleansing 250ml,Hanskin,12.00,14.88,21.95,7.07,47.5,19.4,45.3,SUBE
55033159418193,111310001011,[mise en scene] Perfect Magic Straight Serum Treatment 230ml,mise en scene,12.00,14.88,21.95,7.07,47.5,19.4,45.3,SUBE
55033160499537,111310001012,[mise en scene] Perfect Magic Straight Serum 80ml,mise en scene,12.00,14.88,21.95,7.07,47.5,19.4,45.3,SUBE
55033163120977,7589299025,KUNDAL All Day Smell Cover Teens Shampoo 400ml #TROPICAL MANGO,KUNDAL,12.00,14.88,21.95,7.07,47.5,19.4,45.3,SUBE
55033165119825,10407832992,Dr.BANGGIWON LAB SHAMPOO RX 480ml,Dr.BANGGIWON,12.00,14.88,21.95,7.07,47.5,19.4,45.3,SUBE
55033165283665,10408198909,Dr.BANGGIWON LAB TREATMENT RX 480ml,Dr.BANGGIWON,12.00,14.88,21.95,7.07,47.5,19.4,45.3,SUBE
55033166823761,4322420082,[Pyunkang Yul] Low pH Scalp Shampoo 500ml,Pyunkang Yul,12.00,14.88,21.95,7.07,47.5,19.4,45.3,SUBE
55033170657617,11977975419,Dr.Groot Clinical Relief Scaler 100ml,Dr.Groot,12.00,14.88,21.95,7.07,47.5,19.4,45.3,SUBE
55033181962577,11676273832,[NATURE REPUBLIC] Black Bean Anti Hair Loss Ampoule 50ml,NATURE REPUBLIC,12.00,14.88,21.95,7.07,47.5,19.4,45.3,SUBE
55033182028113,5221583766,[NATURE REPUBLIC] Argan Essential Hair No Wash Treatment 160ml,NATURE REPUBLIC,12.00,14.88,21.95,7.07,47.5,19.4,45.3,SUBE
55033194283345,6919332378,GRAFEN Jeju Sea Water Volume Spray 210ml,GRAFEN,12.00,14.88,21.95,7.07,47.5,19.4,45.3,SUBE
55033194479953,4674412784,GRAFEN Cica Care Treatment 300ml,GRAFEN,12.00,14.88,21.95,7.07,47.5,19.4,45.3,SUBE
55033197396305,13647970336,APLB Intensive Booster Scalp Serum 40ml,APLB,12.00,14.88,21.95,7.07,47.5,19.4,45.3,SUBE
55033199526225,6510375312,Foellie Capsule Feminine Wash 200ml #Bijou Scent,Foellie,12.00,14.88,21.95,7.07,47.5,19.4,45.3,SUBE
55033200083281,889567703384,OBgE Scene Steal Concealer #Medium Beige,OBgE,12.00,14.88,21.95,7.07,47.5,19.4,45.3,SUBE
55033201656145,6805493830,OBgE Magic Tattoo Brow 2ml #Natural Gray,OBgE,12.00,14.88,21.95,7.07,47.5,19.4,45.3,SUBE
55033668960593,13228799310,3CE Gummy Oil Tint 4g (10colors),3CE,12.00,14.88,21.95,7.07,47.5,19.4,45.3,SUBE
55033668993361,13228799310,3CE Gummy Oil Tint 4g (10colors),3CE,12.00,14.88,21.95,7.07,47.5,19.4,45.3,SUBE
55033669026129,13228799310,3CE Gummy Oil Tint 4g (10colors),3CE,12.00,14.88,21.95,7.07,47.5,19.4,45.3,SUBE
55033669058897,13228799310,3CE Gummy Oil Tint 4g (10colors),3CE,12.00,14.88,21.95,7.07,47.5,19.4,45.3,SUBE
55033669091665,13228799310,3CE Gummy Oil Tint 4g (10colors),3CE,12.00,14.88,21.95,7.07,47.5,19.4,45.3,SUBE
55033669124433,13228799310,3CE Gummy Oil Tint 4g (10colors),3CE,12.00,14.88,21.95,7.07,47.5,19.4,45.3,SUBE
55033669157201,13228799310,3CE Gummy Oil Tint 4g (10colors),3CE,12.00,14.88,21.95,7.07,47.5,19.4,45.3,SUBE
55033669189969,13228799310,3CE Gummy Oil Tint 4g (10colors),3CE,12.00,14.88,21.95,7.07,47.5,19.4,45.3,SUBE
55033669222737,13228799310,3CE Gummy Oil Tint 4g (10colors),3CE,12.00,14.88,21.95,7.07,47.5,19.4,45.3,SUBE
55033669255505,13228799310,3CE Gummy Oil Tint 4g (10colors),3CE,12.00,14.88,21.95,7.07,47.5,19.4,45.3,SUBE
55026977014097,5226834168,[THE WHOO] Gongjinhyang Kun Jayoung Foam Cleanser 180ml,THE WHOO,10.00,12.40,18.95,6.55,52.8,19.4,47.2,SUBE
55026986189137,4949508275,Dr.G RED BLEMISH For Men Multi Soothing Toner 200ml,Dr.G,10.00,12.40,18.95,6.55,52.8,19.4,47.2,SUBE
55027014271313,Mediflower Embossing Soft Cotton Puff Cotton Pads 600P,Mediflower Embossing Soft Cotton Puff Cotton Pads 600P,Mediflower,10.00,12.40,18.95,6.55,52.8,19.4,47.2,SUBE
55027039863121,5508947625,Dr.Jart+ Every Sun Day Mild Sun 30ml,Dr.Jart+,10.00,12.40,18.95,6.55,52.8,19.4,47.2,SUBE
55027153502545,4721240503,espoir Water Splash Sun Cream 60ml SPF50+PA+++,ESPOIR,10.00,12.40,18.95,6.55,52.8,19.4,47.2,SUBE
55027178570065,8376788793,It'S SKIN Power 10 Formula LI Foundation-Free Sun Cream 45ml,It'S SKIN,10.00,12.40,18.95,6.55,52.8,19.4,47.2,SUBE
55027188531537,8670569103,THE FACE SHOP The Therapy Vegan Sunscreen Stick SPF50+ PA++++ 18g,THE FACE SHOP,10.00,12.40,18.95,6.55,52.8,19.4,47.2,SUBE
55027191808337,10126039239,AHC Masters Melaprotect Waterfull Sun Cream 40ml (SPF50+/PA++++),AHC,10.00,12.40,18.95,6.55,52.8,19.4,47.2,SUBE
55027218579793,10239457423,Shingmulnara Oxygen Water Face & Body Sun Cream SPF+ PA++++ 150ml,Shingmulnara,10.00,12.40,18.95,6.55,52.8,19.4,47.2,SUBE
55027232145745,7976245263,make p:rem UV Defense Me. Watery Balm Sun Stick SPF50+ PA++++ 18g,make p:rem,10.00,12.40,18.95,6.55,52.8,19.4,47.2,SUBE
55027235520849,5474280344,DEWYTREE Urban Shade Cover And Fit Sun SPF50+ PA++++ 40ml,DEWYTREE,10.00,12.40,18.95,6.55,52.8,19.4,47.2,SUBE
55028046561617,8676489546,THE FACE SHOP POWER LONG-LASTING SUN CREAM SPF50+ PA+++ 50ml,THE FACE SHOP,10.00,12.40,18.95,6.55,52.8,19.4,47.2,SUBE
55028047577425,8822488663,[MARY & MAY] Vegan CICA Soothing Sun Cream SPF50+ PA++++ 50ml,MARY & MAY,10.00,12.40,18.95,6.55,52.8,19.4,47.2,SUBE
55028053606737,9950349119,[THE LAB by BLANC DOUX] Green Flavonoid 2.0 Sun SPF50+ PA++++ 40ml,THE LAB by BLANC DOUX,10.00,12.40,18.95,6.55,52.8,19.4,47.2,SUBE
55028059177297,7812853057,SKINFOOD Berry Soothing Sun Cream SPF50+ PA++++ 50ml,SKINFOOD,10.00,12.40,18.95,6.55,52.8,19.4,47.2,SUBE
55028059504977,7812847290,SKINFOOD Berry Moisturizing Sun Cream SPF50+ PA++++ 50ml,SKINFOOD,10.00,12.40,18.95,6.55,52.8,19.4,47.2,SUBE
55028060520785,6437604541,Dr.G RED BLEMISH Soothing Up Sun 50ml,Dr.G,10.00,12.40,18.95,6.55,52.8,19.4,47.2,SUBE
55028062126417,11662393574,[Cell Fusion C] Cooling Sun Patch 4.5g X 4ea,Cell Fusion C,10.00,12.40,18.95,6.55,52.8,19.4,47.2,SUBE
55028078412113,12746989509,DEWYTREE Urban Shade Anti-Pollution Tone Up Sun 40ml,DEWYTREE,10.00,12.40,18.95,6.55,52.8,19.4,47.2,SUBE
55028078575953,4843151328,Paul Madison Signature Body Wash White Musk fragrance 1077mL,PAUL MEDISON,10.00,12.40,18.95,6.55,52.8,19.4,47.2,SUBE
55028088602961,10228003832,PAUL MEDISON Signature Perfume Collection Body Lotion 1600ml #White Musk,PAUL MEDISON,10.00,12.40,18.95,6.55,52.8,19.4,47.2,SUBE
55028088930641,8320675059,KUNDAL EAU THERMALE SPA SCRUB BODY WASH 500ml #LEATHER IRIS,KUNDAL,10.00,12.40,18.95,6.55,52.8,19.4,47.2,SUBE
55028096532817,9380138884,KUNDAL RICH SOYMILK CREAMY BODY WASH 500ml #Mellow Vanilla,KUNDAL,10.00,12.40,18.95,6.55,52.8,19.4,47.2,SUBE
55028096598353,11264183330,BIOKLASSE MILK BAOBAB Body Lotion 500ml #Flora Bouquet,BIOKLASSE,10.00,12.40,18.95,6.55,52.8,19.4,47.2,SUBE
55028097089873,4881605266,BIOKLASSE MILK BAOBAB CERA Body Wash 1200ml #White Soap,BIOKLASSE,10.00,12.40,18.95,6.55,52.8,19.4,47.2,SUBE
55028097155409,65574864,BIOKLASSE MILK BAOBAB CERA Body Wash 1200ml #White Musk,BIOKLASSE,10.00,12.40,18.95,6.55,52.8,19.4,47.2,SUBE
55028097679697,6345273098,BIOKLASSE MILK BAOBAB CERA Body Wash 1200ml #Peony Musk,BIOKLASSE,10.00,12.40,18.95,6.55,52.8,19.4,47.2,SUBE
55028107116881,10866389720,O HUI Miracle Moisture Cleansing Oil Special Set,O HUI,10.00,12.40,18.95,6.55,52.8,19.4,47.2,SUBE
55028117143889,6684007094,GRAFEN Tattoo Perfume One Wood Hand Cream 50ml,GRAFEN,10.00,12.40,18.95,6.55,52.8,19.4,47.2,SUBE
55028118290769,4743772447,melixir Vegan Lip Butter 3.9g #01 Agave(Clear),melixir,10.00,12.40,18.95,6.55,52.8,19.4,47.2,SUBE
55028126417233,4503402710,REJURAN Calming Lip Balm 3.7g,REJURAN,10.00,12.40,18.95,6.55,52.8,19.4,47.2,SUBE
55028126646609,11497667325,JUNGSAEMMOOL Lip Care Color Oil 10ml (3color),JUNGSAEMMOOL,10.00,12.40,18.95,6.55,52.8,19.4,47.2,SUBE
55028126679377,11497667325,JUNGSAEMMOOL Lip Care Color Oil 10ml (3color),JUNGSAEMMOOL,10.00,12.40,18.95,6.55,52.8,19.4,47.2,SUBE
55028126712145,11497667325,JUNGSAEMMOOL Lip Care Color Oil 10ml (3color),JUNGSAEMMOOL,10.00,12.40,18.95,6.55,52.8,19.4,47.2,SUBE
55028127859025,9454575243,O HUI Miracle Moisture Lipcerin 15ml,O HUI,10.00,12.40,18.95,6.55,52.8,19.4,47.2,SUBE
55028146372945,2057450690,Isntree TW-Real Eye Cream 30ml,Isntree,10.00,12.40,18.95,6.55,52.8,19.4,47.2,SUBE
55028152467793,4581222109,DEWYTREE Prime Gold Snail Eye Patch 90g(60ea),DEWYTREE,10.00,12.40,18.95,6.55,52.8,19.4,47.2,SUBE
55028158923089,5737100882,[Pyunkang Yul] Black Tea Time Reverse Eye Patch 60ea/84g,Pyunkang Yul,10.00,12.40,18.95,6.55,52.8,19.4,47.2,SUBE
55028160495953,11008304147,NEOGEN SUR.MEDIC+ Perfection 100TM 24K Gold Eye Patch 75g/60ea,NEOGEN,10.00,12.40,18.95,6.55,52.8,19.4,47.2,SUBE
55028162855249,10798220384,SUNGBOON EDITOR Silk Peptide Intensive Lifting Eye Cream 30ml,SUNGBOON EDITOR,10.00,12.40,18.95,6.55,52.8,19.4,47.2,SUBE
55028172620113,5898940603,PETITFEE Aura Quartz Hydrogel Eye Zone Mask 9g X 5ea,PETITFEE,10.00,12.40,18.95,6.55,52.8,19.4,47.2,SUBE
55028173013329,12170821250,Hanskin Youth Bifida Expert Biome Eye Cream 15ml,Hanskin,10.00,12.40,18.95,6.55,52.8,19.4,47.2,SUBE
55028214661457,6911796967,make p:rem Inteca Soothing Pad 180ml(70 pads),make p:rem,10.00,12.40,18.95,6.55,52.8,19.4,47.2,SUBE
55028214792529,7631664134,DEWYTREE Miracle Hyaluron Serum 40ml,DEWYTREE,10.00,12.40,18.95,6.55,52.8,19.4,47.2,SUBE
55028214890833,6631756532,DEWYTREE Moisture Charging Collagen Emulsion 150ml,DEWYTREE,10.00,12.40,18.95,6.55,52.8,19.4,47.2,SUBE
55028215218513,7631623401,DEWYTREE Miracle Vitamin C Serum 40ml,DEWYTREE,10.00,12.40,18.95,6.55,52.8,19.4,47.2,SUBE
55028215513425,8519363039,One-day's you No More Blackhead Pore Gel Cream 25ml,One-day's you,10.00,12.40,18.95,6.55,52.8,19.4,47.2,SUBE
55028216955217,9789677765,The SAEM Derma Plan Zero Soothing Gel 200ml,The SAEM,10.00,12.40,18.95,6.55,52.8,19.4,47.2,SUBE
55028217086289,9789677760,The SAEM Derma Plan Soothing Toner 155ml,The SAEM,10.00,12.40,18.95,6.55,52.8,19.4,47.2,SUBE
55028217282897,2045183462,papa recipe Madecare Oint 33g,papa recipe,10.00,12.40,18.95,6.55,52.8,19.4,47.2,SUBE
55028217839953,9789677761,The SAEM Derma Plan Balancing Moisturizer 130ml,The SAEM,10.00,12.40,18.95,6.55,52.8,19.4,47.2,SUBE
55028217938257,9489016817,papa recipe Eggplant Clearing Skin 200ml,papa recipe,10.00,12.40,18.95,6.55,52.8,19.4,47.2,SUBE
55028219969873,759157300,papa recipe Eggplant Clearing Emulsion 150ml,papa recipe,10.00,12.40,18.95,6.55,52.8,19.4,47.2,SUBE
55028220756305,10333428063,Shingmulnara Yuchae Flower Honey Watery Multi Oil 30ml,Shingmulnara,10.00,12.40,18.95,6.55,52.8,19.4,47.2,SUBE
55028222591313,724792210,AMPLE:N Peptide Shot Ampoule 30ml,AMPLE:N,10.00,12.40,18.95,6.55,52.8,19.4,47.2,SUBE
55028225179985,9843514564,AMPLE:N Hyaluron Shot Light Ampoule 30ml,AMPLE:N,10.00,12.40,18.95,6.55,52.8,19.4,47.2,SUBE
55028229898577,724647399,AMPLE:N Hyaluron Shot Toner 220ml,AMPLE:N,10.00,12.40,18.95,6.55,52.8,19.4,47.2,SUBE
55028230652241,2584421298,AMPLE:N Peeling Shot Ampoule 30ml,AMPLE:N,10.00,12.40,18.95,6.55,52.8,19.4,47.2,SUBE
55028230783313,724433114,AMPLE:N Hyaluron Shot Ampoule 30ml,AMPLE:N,10.00,12.40,18.95,6.55,52.8,19.4,47.2,SUBE
55028232880465,3840104148,AMPLE:N Ceramide Shot Cream 50ml,AMPLE:N,10.00,12.40,18.95,6.55,52.8,19.4,47.2,SUBE
55028235010385,4856940331,AMPLE:N Centel Calming Shot Ampoule 30ml,AMPLE:N,10.00,12.40,18.95,6.55,52.8,19.4,47.2,SUBE
55028235174225,7801250077,WELLAGE Real Hyaluronic 100 Cream 50ml,WELLAGE,10.00,12.40,18.95,6.55,52.8,19.4,47.2,SUBE
55028235403601,5882268909,S.NATURE Aqua Oasis Toner 300ml,S.NATURE,10.00,12.40,18.95,6.55,52.8,19.4,47.2,SUBE
55028235567441,8906547454,MIGUHARA Hyalucollagen Essence Mist Origin 80ml,MIGUHARA,10.00,12.40,18.95,6.55,52.8,19.4,47.2,SUBE
55028235665745,7894243079,isoi Blemish Care Pad 25ea(50g),isoi,10.00,12.40,18.95,6.55,52.8,19.4,47.2,SUBE
55028237074769,4515708034,MIGUHARA Aloe Soothing Gel Origin 200ml,MIGUHARA,10.00,12.40,18.95,6.55,52.8,19.4,47.2,SUBE
55028238057809,8874461191,APLB Glutathione Niacinamide Ampoule Serum 40ml,APLB,10.00,12.40,18.95,6.55,52.8,19.4,47.2,SUBE
55028238156113,8874406739,APLB Glutathione Niacinamide Facial Toner 160ml,APLB,10.00,12.40,18.95,6.55,52.8,19.4,47.2,SUBE
55028238319953,6043775704,Huxley Essential Mist ; Sense Of Balance 35ml,Huxley,10.00,12.40,18.95,6.55,52.8,19.4,47.2,SUBE
55028242153809,5828311804,goodal Vegan Rice Milk Moisturizing Toner 250ml,goodal,10.00,12.40,18.95,6.55,52.8,19.4,47.2,SUBE
55028242252113,6235986619,TONYMOLY Houttuynia Cordata Cica Quick Calming Pad 70g,TONYMOLY,10.00,12.40,18.95,6.55,52.8,19.4,47.2,SUBE
55028246970705,7636505336,MIZON Phyto Plump Collagen Toner 150ml,MIZON,10.00,12.40,18.95,6.55,52.8,19.4,47.2,SUBE
55028247101777,8605229540,innisfree Volcanic Pha Pore Refining Toner 170ml,innisfree,10.00,12.40,18.95,6.55,52.8,19.4,47.2,SUBE
55028247265617,7550021674,SKINFOOD Carrot Carotene Soothing Toner 300ml,SKINFOOD,10.00,12.40,18.95,6.55,52.8,19.4,47.2,SUBE
55028249755985,7780189030,Isntree Ultra-Low Molecular Hyaluronic Acid Serum 50ml,Isntree,10.00,12.40,18.95,6.55,52.8,19.4,47.2,SUBE
55028258144593,9950533484,innisfree Bija Trouble Toner 170ml,innisfree,10.00,12.40,18.95,6.55,52.8,19.4,47.2,SUBE
55028258242897,678112193,Hanskin Real Complexion Hyaluron Skin Essence 300ml,Hanskin,10.00,12.40,18.95,6.55,52.8,19.4,47.2,SUBE
55028258406737,8046110182,innisfree Green Tea Hyaluronic Lotion 170ml,innisfree,10.00,12.40,18.95,6.55,52.8,19.4,47.2,SUBE
55028258636113,6780630985,Isntree Onion Newpair Clear Pad 60EA 250ml,Isntree,10.00,12.40,18.95,6.55,52.8,19.4,47.2,SUBE
55028258701649,332266881,It'S SKIN Peptide Collagen Serum 40ml,It'S SKIN,10.00,12.40,18.95,6.55,52.8,19.4,47.2,SUBE
55028258865489,2199583524,Isntree Chestnut BHA 0.9% Clear Toner 200ml,Isntree,10.00,12.40,18.95,6.55,52.8,19.4,47.2,SUBE
55028259193169,8696826793,Isntree Hyper Retinol EX1.0 Serum 20ml,Isntree,10.00,12.40,18.95,6.55,52.8,19.4,47.2,SUBE
55028259324241,5604898441,MISSHA Super Aqua Ultra Hyalron Skin Essence 10X 200ml,MISSHA,10.00,12.40,18.95,6.55,52.8,19.4,47.2,SUBE
55028259651921,4654856441,MIZON Water Volume EX Cream 100ml,MIZON,10.00,12.40,18.95,6.55,52.8,19.4,47.2,SUBE
55028259782993,3935448997,Isntree Hyaluronic Acid Toner 400ml,Isntree,10.00,12.40,18.95,6.55,52.8,19.4,47.2,SUBE
55028259914065,4754224877,A'pieu Mulberry Blemish Clearing Cream 50ml,A'pieu,10.00,12.40,18.95,6.55,52.8,19.4,47.2,SUBE
55028260012369,452335550,Isntree Green Tea Fresh Emulsion 120ml,Isntree,10.00,12.40,18.95,6.55,52.8,19.4,47.2,SUBE
55028260077905,102611998,Isntree Green Tea Fresh Toner 200ml,Isntree,10.00,12.40,18.95,6.55,52.8,19.4,47.2,SUBE
55028260176209,4744404781,MISSHA Glow Skin Balm 50ml,MISSHA,10.00,12.40,18.95,6.55,52.8,19.4,47.2,SUBE
55028260340049,4428715469,[ONE THING] 1% OLIGO HYALURONIC ACID 150ml,ONE THING,10.00,12.40,18.95,6.55,52.8,19.4,47.2,SUBE
55028260438353,5086005683,[ONE THING] Centella Soothing Cream 100ml,ONE THING,10.00,12.40,18.95,6.55,52.8,19.4,47.2,SUBE
55028260503889,5604899240,MISSHA Super Aqua Ultra Hyalron Emulsion 130ml,MISSHA,10.00,12.40,18.95,6.55,52.8,19.4,47.2,SUBE
55028260634961,4733983589,[ONE THING] Hyaluronic Acid Complex 150ml,ONE THING,10.00,12.40,18.95,6.55,52.8,19.4,47.2,SUBE
55028261192017,699556065,ETUDE HOUSE SoonJung 10 Free Moist Emulsion 130ml,ETUDE HOUSE,10.00,12.40,18.95,6.55,52.8,19.4,47.2,SUBE
55028261323089,9501719281,[ONE THING] Centella Asiatica Extract Toner 300ml,ONE THING,10.00,12.40,18.95,6.55,52.8,19.4,47.2,SUBE
55028262109521,3936711008,"TONYMOLY Wonder Ceramide Mocchi Toner, 17 oz(500ml)",TONYMOLY,10.00,12.40,18.95,6.55,52.8,19.4,47.2,SUBE
55028262404433,Rokkiss Calendula Emulsion 150ml (5 Fl oz),Rokkiss Calendula Emulsion 150ml,Rokkiss,10.00,12.40,18.95,6.55,52.8,19.4,47.2,SUBE
55029193376081,12310263164,innisfree Green Tea Ceramide Milk Barrier Essence 90ml,innisfree,10.00,12.40,18.95,6.55,52.8,19.4,47.2,SUBE
55029197504849,11058810943,Cos De BAHA LH Low Molecular Hyaluronic Acid Serum 60ml,Cos De BAHA,10.00,12.40,18.95,6.55,52.8,19.4,47.2,SUBE
55029199896913,6345947827,Cos De BAHA PC M.A Peptide Cream 60ml,Cos De BAHA,10.00,12.40,18.95,6.55,52.8,19.4,47.2,SUBE
55029200027985,5239000705,Cos De BAHA VA Vitamin C 15% Serum 30ml,Cos De BAHA,10.00,12.40,18.95,6.55,52.8,19.4,47.2,SUBE
55029200650577,8754044920,Cos De BAHA NZ Niacinamide 20% + Zinc 4% Serum 30ml,Cos De BAHA,10.00,12.40,18.95,6.55,52.8,19.4,47.2,SUBE
55029200912721,5340561684,Cos De BAHA SH 83% Snail Repair Intensive Facial Serum 120ml,Cos De BAHA,10.00,12.40,18.95,6.55,52.8,19.4,47.2,SUBE
55029201338705,9102852497,Cos De BAHA HG Hyaluronic Acid Gel Cream 120ml,Cos De BAHA,10.00,12.40,18.95,6.55,52.8,19.4,47.2,SUBE
55029201568081,10161490327,Cos De BAHA AL Alpha Arbutin 5% Licorice Serum 30ml,Cos De BAHA,10.00,12.40,18.95,6.55,52.8,19.4,47.2,SUBE
55029201895761,5241423735,Cos De BAHA AH Aloe Leaf Ext Hyaluronic Acid Serum 120ml,Cos De BAHA,10.00,12.40,18.95,6.55,52.8,19.4,47.2,SUBE
55029202157905,6020345510,Cos De BAHA VM Vitamin C Facial Serum with MSM 30ml,Cos De BAHA,10.00,12.40,18.95,6.55,52.8,19.4,47.2,SUBE
55029203009873,5796058053,Cos De BAHA TN Tranexamic Acid 5% Serum with Niacinamide 5% 30ml,Cos De BAHA,10.00,12.40,18.95,6.55,52.8,19.4,47.2,SUBE
55029203173713,5332810579,Cos De BAHA GS Clarifying Facial Toner with Glycolic Acid 7% AHA + Salicylic Aci,Cos De BAHA,10.00,12.40,18.95,6.55,52.8,19.4,47.2,SUBE
55029203599697,11047891523,Cos De BAHA LT Low Molecular Hyaluronic Acid Toner 500ml,Cos De BAHA,10.00,12.40,18.95,6.55,52.8,19.4,47.2,SUBE
55029203894609,5242868295,Cos De BAHA GN Galactomyces 94% Skin Repair Serum with Niacinamide 2% 30ml,Cos De BAHA,10.00,12.40,18.95,6.55,52.8,19.4,47.2,SUBE
55029204844881,11058783838,Cos De BAHA T3 Advanced 3% Tranexamic Acid Facial Toner 200ml,Cos De BAHA,10.00,12.40,18.95,6.55,52.8,19.4,47.2,SUBE
55029205205329,10223429650,Cos De BAHA C1 Ceramide 1% Cream 45ml,Cos De BAHA,10.00,12.40,18.95,6.55,52.8,19.4,47.2,SUBE
55029262582097,8006068459,PRETTYSKIN 30 Days All-in-One Vitamin Cream 100ml,PRETTYSKIN,10.00,12.40,18.95,6.55,52.8,19.4,47.2,SUBE
55029262942545,8006069131,PRETTYSKIN 30 Days All-in-One Snail Cream 100ml,PRETTYSKIN,10.00,12.40,18.95,6.55,52.8,19.4,47.2,SUBE
55029263270225,8006065510,PRETTYSKIN 30 Days All-in-One B5 Brightening Cream 100ml,PRETTYSKIN,10.00,12.40,18.95,6.55,52.8,19.4,47.2,SUBE
55029263597905,8006066413,PRETTYSKIN 30 Days All-in-One Hyaluronic Cream 100ml,PRETTYSKIN,10.00,12.40,18.95,6.55,52.8,19.4,47.2,SUBE
55029263794513,8006067085,PRETTYSKIN 30 Days All-in-One Collagen Cream 100ml,PRETTYSKIN,10.00,12.40,18.95,6.55,52.8,19.4,47.2,SUBE
55029264154961,8006067726,PRETTYSKIN 30 Days All-in-One Cica Cream 100ml,PRETTYSKIN,10.00,12.40,18.95,6.55,52.8,19.4,47.2,SUBE
55029285323089,5016638026,One-day's you Oh! So Cool Calming Mask 25ml x 5ea,One-day's you,10.00,12.40,18.95,6.55,52.8,19.4,47.2,SUBE
55029285585233,5665251898,DEWYTREE DAYDERMA Brightening Ampoule In Mask 23gX10EA,DEWYTREE,10.00,12.40,18.95,6.55,52.8,19.4,47.2,SUBE
55029285814609,10164354736,DEWYTREE PICK & QUICK Moisture Full Mask 30ea,DEWYTREE,10.00,12.40,18.95,6.55,52.8,19.4,47.2,SUBE
55029286207825,8241753619,TONYMOLY Master Lab Sheet Mask 19g X 10ea,TONYMOLY,10.00,12.40,18.95,6.55,52.8,19.4,47.2,SUBE
55029286240593,8241753619,TONYMOLY Master Lab Sheet Mask 19g X 10ea,TONYMOLY,10.00,12.40,18.95,6.55,52.8,19.4,47.2,SUBE
55029286273361,8241753619,TONYMOLY Master Lab Sheet Mask 19g X 10ea,TONYMOLY,10.00,12.40,18.95,6.55,52.8,19.4,47.2,SUBE
55029286306129,8241753619,TONYMOLY Master Lab Sheet Mask 19g X 10ea,TONYMOLY,10.00,12.40,18.95,6.55,52.8,19.4,47.2,SUBE
55029286338897,8241753619,TONYMOLY Master Lab Sheet Mask 19g X 10ea,TONYMOLY,10.00,12.40,18.95,6.55,52.8,19.4,47.2,SUBE
55029286371665,8241753619,TONYMOLY Master Lab Sheet Mask 19g X 10ea,TONYMOLY,10.00,12.40,18.95,6.55,52.8,19.4,47.2,SUBE
55029286404433,8241753619,TONYMOLY Master Lab Sheet Mask 19g X 10ea,TONYMOLY,10.00,12.40,18.95,6.55,52.8,19.4,47.2,SUBE
55029286437201,8241753619,TONYMOLY Master Lab Sheet Mask 19g X 10ea,TONYMOLY,10.00,12.40,18.95,6.55,52.8,19.4,47.2,SUBE
55029286469969,8241753619,TONYMOLY Master Lab Sheet Mask 19g X 10ea,TONYMOLY,10.00,12.40,18.95,6.55,52.8,19.4,47.2,SUBE
55029286502737,8241753619,TONYMOLY Master Lab Sheet Mask 19g X 10ea,TONYMOLY,10.00,12.40,18.95,6.55,52.8,19.4,47.2,SUBE
55029286535505,8241753619,TONYMOLY Master Lab Sheet Mask 19g X 10ea,TONYMOLY,10.00,12.40,18.95,6.55,52.8,19.4,47.2,SUBE
55029286568273,8241753619,TONYMOLY Master Lab Sheet Mask 19g X 10ea,TONYMOLY,10.00,12.40,18.95,6.55,52.8,19.4,47.2,SUBE
55029286863185,10159041902,DEWYTREE PICK & QUICK Calming Full Mask 30ea,DEWYTREE,10.00,12.40,18.95,6.55,52.8,19.4,47.2,SUBE
55029287027025,10164717806,DEWYTREE PICK & QUICK De-Puff Morning Mask 30ea,DEWYTREE,10.00,12.40,18.95,6.55,52.8,19.4,47.2,SUBE
55029287223633,3375513604,One-day's you Magic Moon Light Peeling Cleansing Mask 20g x 5ea,One-day's you,10.00,12.40,18.95,6.55,52.8,19.4,47.2,SUBE
55029287420241,6760602560,FATION Real Fit HeartLeaf Calming Mask Sheet 23mlX10ea,FATION,10.00,12.40,18.95,6.55,52.8,19.4,47.2,SUBE
55029287682385,7709429461,SKINFOOD Royal Honey Propolis Mask 30ml X 10ea,SKINFOOD,10.00,12.40,18.95,6.55,52.8,19.4,47.2,SUBE
55029287846225,1098996372,ROVECTIN DR. MASK AQUA 25ml X 5ea,ROVECTIN,10.00,12.40,18.95,6.55,52.8,19.4,47.2,SUBE
55029289714001,375082240,MEDIHEAL Tea Tree Essential Mask Sheet 10P,MEDIHEAL,10.00,12.40,18.95,6.55,52.8,19.4,47.2,SUBE
55029289845073,7709427575,SKINFOOD Carrot Carotene Mask 27ml X 10ea,SKINFOOD,10.00,12.40,18.95,6.55,52.8,19.4,47.2,SUBE
55029290008913,1313624764,THE FACE SHOP REAL NATURE Face Mask #Rice (20g X 10ea),THE FACE SHOP,10.00,12.40,18.95,6.55,52.8,19.4,47.2,SUBE
55029290500433,1313638672,THE FACE SHOP REAL NATURE Face Mask #Red Ginseng (20g X 10ea),THE FACE SHOP,10.00,12.40,18.95,6.55,52.8,19.4,47.2,SUBE
55029290697041,1313650383,THE FACE SHOP REAL NATURE Face Mask #Pomegranate (20g X 10ea),THE FACE SHOP,10.00,12.40,18.95,6.55,52.8,19.4,47.2,SUBE
55029290926417,1313634496,THE FACE SHOP REAL NATURE Face Mask #Olive (20g X 10ea),THE FACE SHOP,10.00,12.40,18.95,6.55,52.8,19.4,47.2,SUBE
55029291254097,1313643282,THE FACE SHOP REAL NATURE Face Mask #Honey (20g X 10ea),THE FACE SHOP,10.00,12.40,18.95,6.55,52.8,19.4,47.2,SUBE
55029291745617,1313648972,THE FACE SHOP REAL NATURE Face Mask #Lemon (20g X 10ea),THE FACE SHOP,10.00,12.40,18.95,6.55,52.8,19.4,47.2,SUBE
55029291974993,1313640322,THE FACE SHOP Real Nature Face Mask #Lotus (20g X 10ea),THE FACE SHOP,10.00,12.40,18.95,6.55,52.8,19.4,47.2,SUBE
55029292138833,1313644550,THE FACE SHOP REAL NATURE Face Mask #Mung Bean (20g X 10ea),THE FACE SHOP,10.00,12.40,18.95,6.55,52.8,19.4,47.2,SUBE
55029292302673,1313626710,THE FACE SHOP REAL NATURE Face Mask #Blueberry (20g X 10ea),THE FACE SHOP,10.00,12.40,18.95,6.55,52.8,19.4,47.2,SUBE
55029292532049,1313629028,THE FACE SHOP REAL NATURE Face Mask #Aloe (20g X 10ea),THE FACE SHOP,10.00,12.40,18.95,6.55,52.8,19.4,47.2,SUBE
55029292794193,10432896652,Dr.Jart+ Dermask Vital Hydra Solution Value Pack 25g X 5ea,Dr.Jart+,10.00,12.40,18.95,6.55,52.8,19.4,47.2,SUBE
55029293023569,4904652856,CNP 2-Step Quick Soothing S.O.S Mask 5 Sheets,CNP,10.00,12.40,18.95,6.55,52.8,19.4,47.2,SUBE
55029293285713,11130310830,MEDIHEAL Tea Tree Care Solution Essential Mask 24ml X 10p,MEDIHEAL,10.00,12.40,18.95,6.55,52.8,19.4,47.2,SUBE
55029293482321,27751721,MEDIHEAL W.H.P White Hydrating Black Mask EX 25ml x 10ea,MEDIHEAL,10.00,12.40,18.95,6.55,52.8,19.4,47.2,SUBE
55029293711697,1955037369,AHC Premium Hydra Soother Cellulose MASK Sheet 27ml x 5ea,AHC,10.00,12.40,18.95,6.55,52.8,19.4,47.2,SUBE
55029294203217,1955037613,AHC Premium Phyto Complex Cellulose MASK Sheet 27ml x 5ea,AHC,10.00,12.40,18.95,6.55,52.8,19.4,47.2,SUBE
55029295743313,5305728821,MEDIHEAL Pepta Lifting Ampoule MASK SHEET 20ml X 15pcs,MEDIHEAL,10.00,12.40,18.95,6.55,52.8,19.4,47.2,SUBE
55029295939921,5912698427,BANILA CO Miss Flower & Mr. Honey Propolis Rejuvenating 2 Step Mask 25ml+2mlX5ea,BANILA CO,10.00,12.40,18.95,6.55,52.8,19.4,47.2,SUBE
55029500477777,10218522092,BANILA CO Blooming Youth Cica Panthenol Mask 22ml X 10ea,BANILA CO,10.00,12.40,18.95,6.55,52.8,19.4,47.2,SUBE
55029502509393,11210400012,SKINFOOD Potato Madecassoside Mask Sheet 24ml X 10ea,SKINFOOD,10.00,12.40,18.95,6.55,52.8,19.4,47.2,SUBE
55029511979345,5845770751,Dr.G RED BLEMISH Deep Soothing Mask 28g X 10ea,Dr.G,10.00,12.40,18.95,6.55,52.8,19.4,47.2,SUBE
55029515649361,10512076122,SUNGBOON EDITOR Apple Peel Glow Skin Soothing Ampoule Mask 23 X 10ea,SUNGBOON EDITOR,10.00,12.40,18.95,6.55,52.8,19.4,47.2,SUBE
55029532787025,11042295527,WELLAGE Hyper Peptide Bandage Lifting Mask 25ml X 5ea,WELLAGE,10.00,12.40,18.95,6.55,52.8,19.4,47.2,SUBE
55029534261585,6934367863,Genabelle Glutathione Brightening Ampoule Mask 25ml X 5ea,Genabelle,10.00,12.40,18.95,6.55,52.8,19.4,47.2,SUBE
55032529879377,11011135218,Genabelle Ceramidesome Mellow Velvet Mask 25ml X 5ea,Genabelle,10.00,12.40,18.95,6.55,52.8,19.4,47.2,SUBE
55032538497361,5705982371,PETITFEE Artichoke Soothing Hydrogel Face Mask 32g X 5ea,PETITFEE,10.00,12.40,18.95,6.55,52.8,19.4,47.2,SUBE
55032539087185,2273557459,PETITFEE Gold Hydrogel Mask Pack 32g X 5ea,PETITFEE,10.00,12.40,18.95,6.55,52.8,19.4,47.2,SUBE
55032539283793,3700979927,PETITFEE AGAVE Cooling Hydrogel Face Mask 32g X 5ea,PETITFEE,10.00,12.40,18.95,6.55,52.8,19.4,47.2,SUBE
55032539513169,3701030658,PETITFEE Chamomile Lightening Hydrogel Face Mask 32g X 5ea,PETITFEE,10.00,12.40,18.95,6.55,52.8,19.4,47.2,SUBE
55032539644241,5586296950,PETITFEE CACAO Energizing Hydrogel Face Mask 32g X 5ea,PETITFEE,10.00,12.40,18.95,6.55,52.8,19.4,47.2,SUBE
55032540299601,10012390948,nutseline Super Nut Nourishing Cream Mask 25ml X 4ea,nutseline,10.00,12.40,18.95,6.55,52.8,19.4,47.2,SUBE
55032552358225,11634700472,O HUI PDRN Collagen Gelfting Mask 4ea,O HUI,10.00,12.40,18.95,6.55,52.8,19.4,47.2,SUBE
55032553570641,12132526918,noprob Pink Collagen Hydrogel Mask 37g X 5ea,noprob,10.00,12.40,18.95,6.55,52.8,19.4,47.2,SUBE
55032553898321,12132526918,noprob Blue Azulene Hydrogel Mask 37g X 5ea,noprob,10.00,12.40,18.95,6.55,52.8,19.4,47.2,SUBE
55032554127697,12132526918,noprob Green Apple Hydrogel Mask 37g X 5ea,noprob,10.00,12.40,18.95,6.55,52.8,19.4,47.2,SUBE
55033015992657,10576478321,The Face Shop The Therapy Vegan Glow Hyaluronic Acid Foaming Cleanser 150ml,THE FACE SHOP,10.00,12.40,18.95,6.55,52.8,19.4,47.2,SUBE
55033016090961,10385116389,THE FACE SHOP All Clear Micellar Exfoliating Cleansing Balm 100ml,THE FACE SHOP,10.00,12.40,18.95,6.55,52.8,19.4,47.2,SUBE
55033016189265,10385151697,THE FACE SHOP ALL CLEAR MICELLAR Cleansing Oil 250ml,THE FACE SHOP,10.00,12.40,18.95,6.55,52.8,19.4,47.2,SUBE
55033016287569,8449494341,make p:rem Inteca Soothing Cleansing Foam 150ml,make p:rem,10.00,12.40,18.95,6.55,52.8,19.4,47.2,SUBE
55033016385873,5490285803,papa recipe Blemish Enzyme Powder Cleanser 50g,papa recipe,10.00,12.40,18.95,6.55,52.8,19.4,47.2,SUBE
55033016516945,9793941783,One-day's you Help Me Bubble Cleansing Pad 150ml(60 pads),One-day's you,10.00,12.40,18.95,6.55,52.8,19.4,47.2,SUBE
55033016582481,2017465489,CARE ZONE pH Balancing Foam Cleanser Duo Set (200ml+200ml),CAREZONE,10.00,12.40,18.95,6.55,52.8,19.4,47.2,SUBE
55033016648017,10285263338,AMPLE:N Acne Shot Foam Cleanser 150ml,AMPLE:N,10.00,12.40,18.95,6.55,52.8,19.4,47.2,SUBE
55033016746321,6651423165,ilso Clean Mud Cream 100g,ilso,10.00,12.40,18.95,6.55,52.8,19.4,47.2,SUBE
55033016844625,7868896232,[THANK YOU FARMER] Phyto Relieful Cica Gel Cleanser 120ml,THANK YOU FARMER,10.00,12.40,18.95,6.55,52.8,19.4,47.2,SUBE
55033017008465,9464741312,swanicoco A.C Control Natural CP Bar 120g,swanicoco,10.00,12.40,18.95,6.55,52.8,19.4,47.2,SUBE
55033017074001,605755593,ROVECTIN AQUA GENTLE CLEANSING GEL 175ml,ROVECTIN,10.00,12.40,18.95,6.55,52.8,19.4,47.2,SUBE
55033017139537,10255124161,AHC Premier Vita 13 Melting Deep Cleansing Oil 200ml,AHC,10.00,12.40,18.95,6.55,52.8,19.4,47.2,SUBE
55033017270609,6999708701,Benton AC BHA Foam Cleansing 120ml,Benton,10.00,12.40,18.95,6.55,52.8,19.4,47.2,SUBE
55033017401681,8421549792,innisfree Apple Seed Cleansing Oil 150ml,innisfree,10.00,12.40,18.95,6.55,52.8,19.4,47.2,SUBE
55033017467217,4550901708,Benton PHA Peeling Gel 70ml,Benton,10.00,12.40,18.95,6.55,52.8,19.4,47.2,SUBE
55033017565521,6231859879,[MARY & MAY] White Collagen Cleansing Foam 150ml,MARY & MAY,10.00,12.40,18.95,6.55,52.8,19.4,47.2,SUBE
55033017729361,2253924976,heimish All Clean Green Foam 150g,heimish,10.00,12.40,18.95,6.55,52.8,19.4,47.2,SUBE
55033017794897,4808906442,[THANK YOU FARMER] Rice Pure Clay Mask to Foam Cleanser 150ml,THANK YOU FARMER,10.00,12.40,18.95,6.55,52.8,19.4,47.2,SUBE
55033017893201,4947540764,Dr.G pH Cleansing R.E.D Blemish Clear Soothing Foam 150ml,Dr.G,10.00,12.40,18.95,6.55,52.8,19.4,47.2,SUBE
55033018057041,2935661690,Dr.G pH Cleansing Gel Foam 200ml with Lactobacillus,Dr.G,10.00,12.40,18.95,6.55,52.8,19.4,47.2,SUBE
55033036570961,4843151244,PAUL MEDISON Signature Body Wash 1077ml #Clean Soap,PAUL MEDISON,10.00,12.40,18.95,6.55,52.8,19.4,47.2,SUBE
55033036702033,4843151244,PAUL MEDISON Signature Body Wash 1077ml #Floral Musk,PAUL MEDISON,10.00,12.40,18.95,6.55,52.8,19.4,47.2,SUBE
55033036931409,4843151244,PAUL MEDISON Signature Body Wash 1077ml #Fruit Citrus,PAUL MEDISON,10.00,12.40,18.95,6.55,52.8,19.4,47.2,SUBE
55033037226321,10461229269,Isntree Mugwort Calming Deep Cleansing Balm 100ml,Isntree,10.00,12.40,18.95,6.55,52.8,19.4,47.2,SUBE
55033038831953,7737761871,KUNDAL Mugwort Soothing Clear Pad 120ml(60EA),KUNDAL,10.00,12.40,18.95,6.55,52.8,19.4,47.2,SUBE
55033064325457,8816544634,[MARY & MAY] Vegan Low pH Hyaluronic Gel Cleanser 150ml,MARY & MAY,10.00,12.40,18.95,6.55,52.8,19.4,47.2,SUBE
55033114427729,5406136537,EUNYUL Daily Care Deep Bubble Foam Cleanser 500ml,EUNYUL,10.00,12.40,18.95,6.55,52.8,19.4,47.2,SUBE
55033116197201,7466780807,EUNYUL VITA BALANCE OWN SOLE SHINE Bubble Foam 200ml,EUNYUL,10.00,12.40,18.95,6.55,52.8,19.4,47.2,SUBE
55033117311313,7926683709,EUNYUL VITA BALANCE WONDER SOFTENING Peeling Gel For Face 100ml,EUNYUL,10.00,12.40,18.95,6.55,52.8,19.4,47.2,SUBE
55033118392657,4906478215,EUNYUL Daily Care Mild Bubble Foam Cleanser 500ml,EUNYUL,10.00,12.40,18.95,6.55,52.8,19.4,47.2,SUBE
55033126453585,5170774216,NEOGEN Azulene Soothing PH Cleanser 150ml,NEOGEN,10.00,12.40,18.95,6.55,52.8,19.4,47.2,SUBE
55033126715729,11106166003,JUNGSAEMMOOL Grapeseed Pore Cleanser 150ml,JUNGSAEMMOOL,10.00,12.40,18.95,6.55,52.8,19.4,47.2,SUBE
55033143525713,5203588978,O HUI Miracle Moisture Cleansing Sheet 60ea,O HUI,10.00,12.40,18.95,6.55,52.8,19.4,47.2,SUBE
55033145721169,10064744168,AHC PREP + RESET Cleansing Powder 40g,AHC,10.00,12.40,18.95,6.55,52.8,19.4,47.2,SUBE
55033146147153,5329963592,Genabelle Pink Cloud Cleansing Foam 150ml,Genabelle,10.00,12.40,18.95,6.55,52.8,19.4,47.2,SUBE
55033150800209,3936727444,TONYMOLY Azulene Anti Blemish Bubble Foam Cleanser 150ml,TONYMOLY,10.00,12.40,18.95,6.55,52.8,19.4,47.2,SUBE
55033151226193,3936721080,TONYMOLY Azulene Anti Blemish Acne Foam Cleanser 150ml,TONYMOLY,10.00,12.40,18.95,6.55,52.8,19.4,47.2,SUBE
55033153651025,10248899512-120,LAGOM Cellup Micro Foam Cleanser 120ml,LAGOM,10.00,12.40,18.95,6.55,52.8,19.4,47.2,SUBE
55033155420497,11028080294,DERMALINE Enzyme Grain Bubble Cleanser 160ml,DERMALINE,10.00,12.40,18.95,6.55,52.8,19.4,47.2,SUBE
55033159287121,10533482613,[mise en scene] Salon 10 Professional Cica Protein Treatment 215ml,mise en scene,10.00,12.40,18.95,6.55,52.8,19.4,47.2,SUBE
55033161351505,10912893175,KUNDAL AIRY VOLUME HYALURON SHAMPOO 500ml #BLOSSOM BREEZE,KUNDAL,10.00,12.40,18.95,6.55,52.8,19.4,47.2,SUBE
55033164169553,5026810129,KUNDAL HONEY & MACADAMIA Pure Natural Balancing Refreshing Shampoo 500ml #CLEAN ,KUNDAL,10.00,12.40,18.95,6.55,52.8,19.4,47.2,SUBE
55033165349201,8605970847,DR.BANGGIWON WATER LAP SHAMPOO FOR MEN 1000ml,Dr.BANGGIWON,10.00,12.40,18.95,6.55,52.8,19.4,47.2,SUBE
55033168101713,5560902387,moremo For Men Styling Serum S 70ml,moremo,10.00,12.40,18.95,6.55,52.8,19.4,47.2,SUBE
55033186615633,10685355734-2,Kerasys Advanced Keramide Ampoule Thickening Care Treatment 1L,Kerasys,10.00,12.40,18.95,6.55,52.8,19.4,47.2,SUBE
55033191170385,7030240418-1,Kerasys Scalp Spa Anti Dandruff Shampoo 750ml (2-type),Kerasys,10.00,12.40,18.95,6.55,52.8,19.4,47.2,SUBE
55033191203153,7030240418-2,Kerasys Scalp Spa Anti Dandruff Shampoo 750ml (2-type),Kerasys,10.00,12.40,18.95,6.55,52.8,19.4,47.2,SUBE
55033192350033,8131198865,OBgE Matt Hard Wax 120g,OBgE,10.00,12.40,18.95,6.55,52.8,19.4,47.2,SUBE
55033192546641,8809567706262,OBgE Mellow Clay Pomade 100g,OBgE,10.00,12.40,18.95,6.55,52.8,19.4,47.2,SUBE
55033201164625,11047701694,Hanskin Perfect All In One Sun BB SPF50+ PA++++ 50ml,Hanskin,10.00,12.40,18.95,6.55,52.8,19.4,47.2,SUBE
55033614139729,1610739096,BIOKLASSE Milk Baobab Baby Moisture Lotion 500ml,BIOKLASSE,10.00,12.40,18.95,6.55,52.8,19.4,47.2,SUBE
55033615548753,88135,[GREEN FINGER] Ultra Baby Lotion 260ml,GREEN FINGER,10.00,12.40,18.95,6.55,52.8,19.4,47.2,SUBE
55033622528337,7427704466,BIOKLASSE MILK BAOBAB Baby Lotion 500ml,BIOKLASSE,10.00,12.40,18.95,6.55,52.8,19.4,47.2,SUBE
55033622856017,2727384486,BIOKLASSE MILK BAOBAB Baby & Kids Wash 500ml,BIOKLASSE,10.00,12.40,18.95,6.55,52.8,19.4,47.2,SUBE
55033624199505,7790796399,EUTHYMOL Whitening Toothpaste 106g,EUTHYMOL,10.00,12.40,18.95,6.55,52.8,19.4,47.2,SUBE
55026976424273,4930898336,EUNYUL Homme All-in-One 150*2ea,EUNYUL,11.00,13.64,19.95,6.31,46.3,19.4,44.9,SUBE
55026987106641,9536339345,[NATURE REPUBLIC] Man In Blue All In One Wash 350ml,NATURE REPUBLIC,11.00,13.64,19.95,6.31,46.3,19.4,44.9,SUBE
55027013517649,10512617333,GRAFEN Triple Lip Pro 4.3g [Color Lip],GRAFEN,11.00,13.64,19.95,6.31,46.3,19.4,44.9,SUBE
55027023446353,11525416788,MEDIHEAL Derma Layer Foot Mask 18ml X 5ea,MEDIHEAL,11.00,13.64,19.95,6.31,46.3,19.4,44.9,SUBE
55027024134481,5569130647,Dr.Jart+ Every Sun Day Tone-Up Sun Fluid 30ml (SPF50+ PA++++),Dr.Jart+,11.00,13.64,19.95,6.31,46.3,19.4,44.9,SUBE
55027038880081,8951773768,Dr.Belmeur UV Derma Mineral Sun Stick SPF 50+ PA+++ 20g,Dr.Belmeur,11.00,13.64,19.95,6.31,46.3,19.4,44.9,SUBE
55027162644817,6881613491,MISSHA Safe Block RX Brightening Tone Up SPF50+/PA++++ 50ml,MISSHA,11.00,13.64,19.95,6.31,46.3,19.4,44.9,SUBE
55027165331793,6791112967,MISSHA Safe Block RX Rosy Tone Up SPF50+/PA++++ 50ml,MISSHA,11.00,13.64,19.95,6.31,46.3,19.4,44.9,SUBE
55027185516881,8424420126,innisfree Tone Up No Sebum Sunscreen EX 50+ PA++++ 60ml,innisfree,11.00,13.64,19.95,6.31,46.3,19.4,44.9,SUBE
55027199803729,5682707692,goodal Heartleaf Calming Moisture Sun Cream 50ml [SPF 50+ PA++++],goodal,11.00,13.64,19.95,6.31,46.3,19.4,44.9,SUBE
55027203604817,10133756831,ETUDE Soonjung Director's Tone-up Cream SPF50+/PA++++ 40ml,ETUDE,11.00,13.64,19.95,6.31,46.3,19.4,44.9,SUBE
55027204227409,8874550000,APLB Glutathione Niacinamide Sunscreen 40ml,APLB,11.00,13.64,19.95,6.31,46.3,19.4,44.9,SUBE
55027208290641,10158355930,"MEDIHEAL MEDIHEAL Moisture Tone-Up Sun Cream Vitamin C 50ml (SPF 50+, PA++++)",MEDIHEAL,11.00,13.64,19.95,6.31,46.3,19.4,44.9,SUBE
55027211469137,10158322115,"MEDIHEAL Moisture Calming Sun Cream Tea Tree 50ml (SPF 50+, PA++++)",MEDIHEAL,11.00,13.64,19.95,6.31,46.3,19.4,44.9,SUBE
55027213271377,8195251483,AMPLE:N Solar Shot Peach Tone Up Suncream 40ml,AMPLE:N,11.00,13.64,19.95,6.31,46.3,19.4,44.9,SUBE
55027214745937,8195287259,AMPLE:N Solar Shot Zinc Mild Suncream 40ml SPF 50+ PA++++,AMPLE:N,11.00,13.64,19.95,6.31,46.3,19.4,44.9,SUBE
55027215401297,8195224476,AMPLE:N Solar Shot Water Suncream 40ml SPF 50+ PA++++,AMPLE:N,11.00,13.64,19.95,6.31,46.3,19.4,44.9,SUBE
55027219595601,10239372389,Shingmulnara White Rice Bright Tone Up Moisture Sun Cream 100ml SPF50+ PA++++,Shingmulnara,11.00,13.64,19.95,6.31,46.3,19.4,44.9,SUBE
55027220414801,10239404374,Shingmulnara White Rice Bright Tone Up Cover Sun Cream 50ml,Shingmulnara,11.00,13.64,19.95,6.31,46.3,19.4,44.9,SUBE
55027223920977,8304034369,CAREZONE Light Fit Velvet Sun Stick 39g,CAREZONE,11.00,13.64,19.95,6.31,46.3,19.4,44.9,SUBE
55027232997713,10480345634,THE FACE SHOP Dewy Lasting Tone UP Sun Cream SPF50+ PA+++ 35ml,THE FACE SHOP,11.00,13.64,19.95,6.31,46.3,19.4,44.9,SUBE
55027234799953,8015944586,DEWYTREE Urban Shade Derma Panthenol 5 Moist Barrier Sun SPF50+ PA++++ 40ml,DEWYTREE,11.00,13.64,19.95,6.31,46.3,19.4,44.9,SUBE
55027236045137,6312509423,DEWYTREE Urban Shade Cover & Fit Sun Cushion SPF50+ PA++++ 14g,DEWYTREE,11.00,13.64,19.95,6.31,46.3,19.4,44.9,SUBE
55027237192017,4572007518,DEWYTREE Urban Shade Moisture Repair Sun SPF50+ PA++++ 50ml,DEWYTREE,11.00,13.64,19.95,6.31,46.3,19.4,44.9,SUBE
55028046922065,10760157464,goodal Heartleaf Calming Mineral Filter Sun Cream 50ml SPF50+ PA++++,goodal,11.00,13.64,19.95,6.31,46.3,19.4,44.9,SUBE
55028054917457,10008070321,[Real Barrier] Cera Moisture Barrier Sun Cream SPF 50+ PA++++ 50ml,Real Barrier,11.00,13.64,19.95,6.31,46.3,19.4,44.9,SUBE
55028055212369,11498115970,AHC Masters Aqua Rich Sun Cream 50ml (SPF50+/PA++++),AHC,11.00,13.64,19.95,6.31,46.3,19.4,44.9,SUBE
55028055900497,9902233579,[MANYO FACTORY] Hyaluron Hydrating Sunscreen SPF50+ PA++++ 50ml,Manyo Factory,11.00,13.64,19.95,6.31,46.3,19.4,44.9,SUBE
55028060258641,9279349426,Dr.G BLACK SNAIL GLUTATHIONE TONE UP SUN SPF50+ PA++++ 50ml,Dr.G,11.00,13.64,19.95,6.31,46.3,19.4,44.9,SUBE
55028061077841,11610679518,TONYMOLY UV Master Aqua Cooling Sun Cream SPF50+ PA++++ 150ml,TONYMOLY,11.00,13.64,19.95,6.31,46.3,19.4,44.9,SUBE
55028061798737,10281540068,SUNGBOON EDITOR Active Marine Astaxanthin Tone Up Sun Cream SPF50+ PA++++ 50g,SUNGBOON EDITOR,11.00,13.64,19.95,6.31,46.3,19.4,44.9,SUBE
55028064616785,10420702518,A'pieu Pure Block Tone-Up Sun Cushion SPF50+ PA++++ 11g,A'pieu,11.00,13.64,19.95,6.31,46.3,19.4,44.9,SUBE
55028066648401,12043121555,[NATURE REPUBLIC] UV CUT BAOBAB Foundation Free Sun Cream SPF50+ PA++++ 40ml+40m,NATURE REPUBLIC,11.00,13.64,19.95,6.31,46.3,19.4,44.9,SUBE
55028066713937,12042715876,[NATURE REPUBLIC] UV CUT BAOBAB Tone Up Sun Cream SPF50+ PA++++ 40ml+40ml,NATURE REPUBLIC,11.00,13.64,19.95,6.31,46.3,19.4,44.9,SUBE
55028066812241,12042692418,[NATURE REPUBLIC] UV CUT BAOBAB Moisturizing Sun Cream SPF50+ PA++++ 40ml+40ml,NATURE REPUBLIC,11.00,13.64,19.95,6.31,46.3,19.4,44.9,SUBE
55028066877777,8535387460,AHC Safe On Cica Calming Sun Cushion EX SPF50+ PA++++ 25g,AHC,11.00,13.64,19.95,6.31,46.3,19.4,44.9,SUBE
55028070252881,10272519835,Shingmulnara White Rice Bright Tone Up Sun Cushion SPF50+ PA++++ 15g+15g(Refill),Shingmulnara,11.00,13.64,19.95,6.31,46.3,19.4,44.9,SUBE
55028070285649,10272519835,Shingmulnara White Rice Bright Tone Up Sun Cushion SPF50+ PA++++ 15g+15g(Refill),Shingmulnara,11.00,13.64,19.95,6.31,46.3,19.4,44.9,SUBE
55028070318417,10272519835,Shingmulnara White Rice Bright Tone Up Sun Cushion SPF50+ PA++++ 15g+15g(Refill),Shingmulnara,11.00,13.64,19.95,6.31,46.3,19.4,44.9,SUBE
55028070351185,10272519835,Shingmulnara White Rice Bright Tone Up Sun Cushion SPF50+ PA++++ 15g+15g(Refill),Shingmulnara,11.00,13.64,19.95,6.31,46.3,19.4,44.9,SUBE
55028073464145,8602176364,tfit Tone Up Sun Fluid SPF50+ PA++++ 50ml,tfit,11.00,13.64,19.95,6.31,46.3,19.4,44.9,SUBE
55028075299153,11469806686,Hanskin Pore Blur No Sebum Sun Cream SPF50+ PA++++ 50ml,Hanskin,11.00,13.64,19.95,6.31,46.3,19.4,44.9,SUBE
55028077756753,13435703575,innisfree Daily UV Tone Up No Sebum Sun Cream SPF50+ PA++++ 50ml (3colors),innisfree,11.00,13.64,19.95,6.31,46.3,19.4,44.9,SUBE
55028077789521,13435703575,innisfree Daily UV Tone Up No Sebum Sun Cream SPF50+ PA++++ 50ml (3colors),innisfree,11.00,13.64,19.95,6.31,46.3,19.4,44.9,SUBE
55028077822289,13435703575,innisfree Daily UV Tone Up No Sebum Sun Cream SPF50+ PA++++ 50ml (3colors),innisfree,11.00,13.64,19.95,6.31,46.3,19.4,44.9,SUBE
55028078477649,12747291625,DEWYTREE Urban Shade Cool Calming Moist Sun SPF50+ PA++++ 150ml,DEWYTREE,11.00,13.64,19.95,6.31,46.3,19.4,44.9,SUBE
55028078838097,9217709166,BIOKLASSE MILK BAOBAB Body Wash White Musk 1000ml,BIOKLASSE,11.00,13.64,19.95,6.31,46.3,19.4,44.9,SUBE
55028083851601,10843740055,Shingmulnara Walnut Srub Body Wash 200ml,Shingmulnara,11.00,13.64,19.95,6.31,46.3,19.4,44.9,SUBE
55028089225553,9380146366,KUNDAL RICH SOYMILK BODY CREAM 200ml #Mellow Vanilla,KUNDAL,11.00,13.64,19.95,6.31,46.3,19.4,44.9,SUBE
55028089291089,5831013035,KUNDAL SLEEP BETTER AROMA PILLOW MIST 150ml #PYEON BAEK,KUNDAL,11.00,13.64,19.95,6.31,46.3,19.4,44.9,SUBE
55028089979217,10257662591,[Pyunkang Yul] ATO Wash & Shampoo Blue Label 350ml,Pyunkang Yul,11.00,13.64,19.95,6.31,46.3,19.4,44.9,SUBE
55028090831185,4823972608,[Pyunkang Yul] Intensive Ceramide Lotion 500ml,Pyunkang Yul,11.00,13.64,19.95,6.31,46.3,19.4,44.9,SUBE
55028092305745,10379712539,AROMATICA Inspirit Body Mist Basil & Bergamot 120ml,AROMATICA,11.00,13.64,19.95,6.31,46.3,19.4,44.9,SUBE
55028098367825,5596826394,BIOKLASSE MILK BAOBAB CERA Body Wash 1200ml #Flora Bouquet,BIOKLASSE,11.00,13.64,19.95,6.31,46.3,19.4,44.9,SUBE
55028099973457,8702023934,AMUSE Body Vita Mist 150ml,AMUSE,11.00,13.64,19.95,6.31,46.3,19.4,44.9,SUBE
55028114293073,9132445055,Huxley Hand Cream 30ml #Port Breath,Huxley,11.00,13.64,19.95,6.31,46.3,19.4,44.9,SUBE
55028114391377,9132439354,Huxley Hand Cream 30ml #Rose Picker,Huxley,11.00,13.64,19.95,6.31,46.3,19.4,44.9,SUBE
55028114522449,9132452739,Huxley Hand Cream 30ml #Sunset Fog,Huxley,11.00,13.64,19.95,6.31,46.3,19.4,44.9,SUBE
55028114686289,6372104178,Huxley Hand Refresher 55ml #Berber Portrait,Huxley,11.00,13.64,19.95,6.31,46.3,19.4,44.9,SUBE
55028115243345,6372130536,Huxley Hand Refresher 55ml #Blue Medina Tangerine,Huxley,11.00,13.64,19.95,6.31,46.3,19.4,44.9,SUBE
55028115341649,6372051391,Huxley Hand Refresher 55ml #Moroccan Gardener,Huxley,11.00,13.64,19.95,6.31,46.3,19.4,44.9,SUBE
55028115439953,9899042182,Huxley Hand Refresher 55ml #Rose Picker,Huxley,11.00,13.64,19.95,6.31,46.3,19.4,44.9,SUBE
55028115636561,9899046365,Huxley Hand Refresher 55ml #Port Breath,Huxley,11.00,13.64,19.95,6.31,46.3,19.4,44.9,SUBE
55028115767633,9899048232,Huxley Hand Refresher 55ml #Sunset Fog,Huxley,11.00,13.64,19.95,6.31,46.3,19.4,44.9,SUBE
55028116980049,11525396681,MEDIHEAL Derma Layer Hand Mask 14ml X 5ea,MEDIHEAL,11.00,13.64,19.95,6.31,46.3,19.4,44.9,SUBE
55028118159697,4743772447,melixir Vegan Lip Butter 3.9g #02 Nude Crumble,melixir,11.00,13.64,19.95,6.31,46.3,19.4,44.9,SUBE
55028119503185,6054951258,belif Manology 101 Moisturizing Lip Bomb 4g,belif,11.00,13.64,19.95,6.31,46.3,19.4,44.9,SUBE
55028120093009,9595191630,Dr.Jart+ CERAMIDIN HYDRATING CERAMIDE LIP BALM 7ml,Dr.Jart+,11.00,13.64,19.95,6.31,46.3,19.4,44.9,SUBE
55028120781137,9530061775,TONYMOLY Get It Tint Glaze Balm,TONYMOLY,11.00,13.64,19.95,6.31,46.3,19.4,44.9,SUBE
55028120813905,9530061775,TONYMOLY Get It Tint Glaze Balm,TONYMOLY,11.00,13.64,19.95,6.31,46.3,19.4,44.9,SUBE
55028120846673,9530061775,TONYMOLY Get It Tint Glaze Balm,TONYMOLY,11.00,13.64,19.95,6.31,46.3,19.4,44.9,SUBE
55028120879441,9530061775,TONYMOLY Get It Tint Glaze Balm,TONYMOLY,11.00,13.64,19.95,6.31,46.3,19.4,44.9,SUBE
55028120912209,9530061775,TONYMOLY Get It Tint Glaze Balm,TONYMOLY,11.00,13.64,19.95,6.31,46.3,19.4,44.9,SUBE
55028120944977,9530061775,TONYMOLY Get It Tint Glaze Balm,TONYMOLY,11.00,13.64,19.95,6.31,46.3,19.4,44.9,SUBE
55028120977745,9530061775,TONYMOLY Get It Tint Glaze Balm,TONYMOLY,11.00,13.64,19.95,6.31,46.3,19.4,44.9,SUBE
55028121010513,9530061775,TONYMOLY Get It Tint Glaze Balm,TONYMOLY,11.00,13.64,19.95,6.31,46.3,19.4,44.9,SUBE
55028121043281,9530061775,TONYMOLY Get It Tint Glaze Balm,TONYMOLY,11.00,13.64,19.95,6.31,46.3,19.4,44.9,SUBE
55028121076049,9530061775,TONYMOLY Get It Tint Glaze Balm,TONYMOLY,11.00,13.64,19.95,6.31,46.3,19.4,44.9,SUBE
55028121108817,9530061775,TONYMOLY Get It Tint Glaze Balm,TONYMOLY,11.00,13.64,19.95,6.31,46.3,19.4,44.9,SUBE
55028121141585,9530061775,TONYMOLY Get It Tint Glaze Balm,TONYMOLY,11.00,13.64,19.95,6.31,46.3,19.4,44.9,SUBE
55028121174353,9530061775,TONYMOLY Get It Tint Glaze Balm,TONYMOLY,11.00,13.64,19.95,6.31,46.3,19.4,44.9,SUBE
55028134216017,8659291411,THE FACE SHOP Pomegranate And Collagen Volume Lifting Eye Cream 50ml,THE FACE SHOP,11.00,13.64,19.95,6.31,46.3,19.4,44.9,SUBE
55028146864465,5130040199,Hanskin Collagen Peptide Eye Cream 80ml,Hanskin,11.00,13.64,19.95,6.31,46.3,19.4,44.9,SUBE
55028174553425,6872965241,TIAM Vita A Bakuchiol Firming Eye Cream 30ml,TIAM,11.00,13.64,19.95,6.31,46.3,19.4,44.9,SUBE
55029199110481,9102876570,Cos De BAHA CG Centella Asiatica Soothing Calming Cream 120ml,Cos De BAHA,11.00,13.64,19.95,6.31,46.3,19.4,44.9,SUBE
55029205401937,9946196797,Cos De BAHA TT Tranexamic Acid 10% Serum 30ml,Cos De BAHA,11.00,13.64,19.95,6.31,46.3,19.4,44.9,SUBE
55029206745425,9102800976,Cos De BAHA EC Tocopheryl acetate (Vitamin E) 5% with Niacinamide Facial Cream 1,Cos De BAHA,11.00,13.64,19.95,6.31,46.3,19.4,44.9,SUBE
55029250425169,11066862304,DERMALINE Normalizing Relief Lotion 60ml,DERMALINE,11.00,13.64,19.95,6.31,46.3,19.4,44.9,SUBE
55029256323409,4705305430,TIAM AC Fighting AHA BHA PHA Toner 180ml,TIAM,11.00,13.64,19.95,6.31,46.3,19.4,44.9,SUBE
55029259436369,4043204709,TIAM Vita B3 Source 40ml,TIAM,11.00,13.64,19.95,6.31,46.3,19.4,44.9,SUBE
55029270872401,10673345543,DERMATORY Retinal Derm Band Mask 28g X 6ea,DERMATORY,11.00,13.64,19.95,6.31,46.3,19.4,44.9,SUBE
55029271200081,APLB,APLB Glutathioine Niacinamide Sheet Mask 25ml 10ea,APLB,11.00,13.64,19.95,6.31,46.3,19.4,44.9,SUBE
55029272248657,8571678757,Isntree Mugwort Calming Gauze Mask 23g X 10ea,Isntree,11.00,13.64,19.95,6.31,46.3,19.4,44.9,SUBE
55029274771793,3296895938,daymellow Pure Water Energy Seasalt Mask 27ml X 10ea,daymellow,11.00,13.64,19.95,6.31,46.3,19.4,44.9,SUBE
55029277851985,5187667581,AHC Micro Pure Water Non-Slip Mask Sheet SET 33ml X 10ea,AHC,11.00,13.64,19.95,6.31,46.3,19.4,44.9,SUBE
55029282865489,1858379802,NEOGEN Canadian Clay Pore Stick 28g,NEOGEN,11.00,13.64,19.95,6.31,46.3,19.4,44.9,SUBE
55029284438353,4842492080,Mediflower Special Treatment Enerzing Skin Sheet Mask Multi Vitamin 23ml x 30ea,Mediflower,11.00,13.64,19.95,6.31,46.3,19.4,44.9,SUBE
55029284798801,4842485196,Mediflower Special Treatment Control Skin Sheet Mask Centella 23ml x 30ea,Mediflower,11.00,13.64,19.95,6.31,46.3,19.4,44.9,SUBE
55029463843153,9908461772,O HUI Age Recovery Soft Amino Foam 180ml,O HUI,11.00,13.64,19.95,6.31,46.3,19.4,44.9,SUBE
55029485142353,2008668210,Dr.Ceuracle Tea Tree Purifine Soothing Mask 23ml*10ea,Dr.Ceuracle,11.00,13.64,19.95,6.31,46.3,19.4,44.9,SUBE
55029485437265,6506259966,Dr.Ceuracle Hyal Reyouth Lifting Mask 25mlX10ea,Dr.Ceuracle,11.00,13.64,19.95,6.31,46.3,19.4,44.9,SUBE
55029485764945,2972578026,Dr.Ceuracle Jeju Matcha Clay Pack 115ml,Dr.Ceuracle,11.00,13.64,19.95,6.31,46.3,19.4,44.9,SUBE
55029486059857,4716690443,Dr.Ceuracle Royal Vita Propolis Anti-Oxidant Mask 30ml*10ea,Dr.Ceuracle,11.00,13.64,19.95,6.31,46.3,19.4,44.9,SUBE
55029492875601,7072991889,[THE LAB By BLANC DOUX] Green Flavonoid 2.0 Mask 23g x 10ea,THE LAB by BLANC DOUX,11.00,13.64,19.95,6.31,46.3,19.4,44.9,SUBE
55029494448465,2572035935,[Real Barrier] Extreme Cream Mask Sheet 27ml X 10ea,Real Barrier,11.00,13.64,19.95,6.31,46.3,19.4,44.9,SUBE
55032547967313,9070280647,MEDIHEAL Dermaplus Heartleaf Mask 22ml X 10ea,MEDIHEAL,11.00,13.64,19.95,6.31,46.3,19.4,44.9,SUBE
55032548262225,9070280094,MEDIHEAL Dermaplus Birch Mask 22ml X 10ea,MEDIHEAL,11.00,13.64,19.95,6.31,46.3,19.4,44.9,SUBE
55032548524369,9070277860,MEDIHEAL Dermaplus Aloe Mask 22ml X 10ea,MEDIHEAL,11.00,13.64,19.95,6.31,46.3,19.4,44.9,SUBE
55032548688209,9070275494,MEDIHEAL Dermaplus Green Tangerine Mask 22ml X 10ea,MEDIHEAL,11.00,13.64,19.95,6.31,46.3,19.4,44.9,SUBE
55032615174481,12017562356,DEWYTREE AC Deep Skin Clarity Collagen Gel Mask 31g X 4ea,DEWYTREE,11.00,13.64,19.95,6.31,46.3,19.4,44.9,SUBE
55032615272785,12017551145,DEWYTREE AC Deep Pore Collagen Gel Mask 31g X 4ea,DEWYTREE,11.00,13.64,19.95,6.31,46.3,19.4,44.9,SUBE
55033011372369,5435428377,CAREZONE Acne Clarifying Foam Cleanser Duo Set (130ml+130ml),CAREZONE,11.00,13.64,19.95,6.31,46.3,19.4,44.9,SUBE
55033011437905,10470803885,make p:rem Safe Me. Amino Refresh Cleansing Foam 150ml,make p:rem,11.00,13.64,19.95,6.31,46.3,19.4,44.9,SUBE
55033011503441,2541023656,One-day's you P.Z. Ssoc Ssoc No More Blackhead 100ml,One-day's you,11.00,13.64,19.95,6.31,46.3,19.4,44.9,SUBE
55033011863889,9085149508,papa recipe Eggplant Clearing Enzyme Powder Cleanser 50ml,papa recipe,11.00,13.64,19.95,6.31,46.3,19.4,44.9,SUBE
55033011962193,6818643548,FATION Nosca9 Cleansing Water 500ml,FATION,11.00,13.64,19.95,6.31,46.3,19.4,44.9,SUBE
55033012257105,5974472293,AMPLE:N Centel Calming Shot First Gel Cleanser 150ml,AMPLE:N,11.00,13.64,19.95,6.31,46.3,19.4,44.9,SUBE
55033012322641,9595893997,Jumiso Pore-Purifying Salicylic Acid Foaming Cleanser 120g,Jumiso,11.00,13.64,19.95,6.31,46.3,19.4,44.9,SUBE
55033012453713,10493224887,goodal Heartleaf Hyaluron Soothing Pore Cleansing Oil 200ml,goodal,11.00,13.64,19.95,6.31,46.3,19.4,44.9,SUBE
55033012519249,5535674376,[JUICE TO CLEANSE] Clean Butter Cold Pressed Bar 100g,JUICE TO CLEANSE,11.00,13.64,19.95,6.31,46.3,19.4,44.9,SUBE
55033012584785,5534433864,[JUICE TO CLEANSE] Clean Butter Moisture Bar 120g,JUICE TO CLEANSE,11.00,13.64,19.95,6.31,46.3,19.4,44.9,SUBE
55033012650321,2670250942,SKINFOOD Rice Daily Brightening Mask Wash Off 210g,SKINFOOD,11.00,13.64,19.95,6.31,46.3,19.4,44.9,SUBE
55033013698897,5210097538,AROMATICA Rosemary Scalp Scaling Shampoo Bar 135g,AROMATICA,11.00,13.64,19.95,6.31,46.3,19.4,44.9,SUBE
55033013764433,5412209233,MIZON Pore Fresh Mild Acid Gel Cleanser 150ml,MIZON,11.00,13.64,19.95,6.31,46.3,19.4,44.9,SUBE
55033013829969,3075085675,iUNIK Centella Bubble Cleansing Foam 150ml,iUNIK,11.00,13.64,19.95,6.31,46.3,19.4,44.9,SUBE
55033014583633,4531195398,[HOLIKA HOLIKA] Less On Skin Redness Calming Cica Cleansing Foam 100ml,HOLIKA HOLIKA,11.00,13.64,19.95,6.31,46.3,19.4,44.9,SUBE
55033014780241,5609606700,KLAIRS Gentle Black Facial Cleanser 140ml,KLAIRS,11.00,13.64,19.95,6.31,46.3,19.4,44.9,SUBE
55033015075153,5175936553,CNP Cleansing Perfecta 150ml,CNP,11.00,13.64,19.95,6.31,46.3,19.4,44.9,SUBE
55033015173457,#335057965,Acnes Perfect Solution Foam Cleanser 125ml,Acnes,11.00,13.64,19.95,6.31,46.3,19.4,44.9,SUBE
55033015763281,#2168681,Acnes Clear and White Foaming Wash 150ml,Acnes,11.00,13.64,19.95,6.31,46.3,19.4,44.9,SUBE
55033015861585,3922852453,TONYMOLY Intense Care Gold 24k Snail Cleansing Oil Gel 190ml,TONYMOLY,11.00,13.64,19.95,6.31,46.3,19.4,44.9,SUBE
55033015927121,3589039707,AROMATICA Rosemary Scalp Scrub 165g,AROMATICA,11.00,13.64,19.95,6.31,46.3,19.4,44.9,SUBE
55033055838545,10760120489,goodal Green Tangerine Vita-C Toning Cleansing Balm 110ml,goodal,11.00,13.64,19.95,6.31,46.3,19.4,44.9,SUBE
55033061146961,9950608902,Innisfree Volcanic BHA Pore Cleansing Oil 150ml,innisfree,11.00,13.64,19.95,6.31,46.3,19.4,44.9,SUBE
55033114624337,5890384114,EUNYUL Daily Care Acne Bubble Foam Cleanser 500ml,EUNYUL,11.00,13.64,19.95,6.31,46.3,19.4,44.9,SUBE
55033115279697,5399963100,EUNYUL Daily Care Pure Gel Foam Cleanser 512ml,EUNYUL,11.00,13.64,19.95,6.31,46.3,19.4,44.9,SUBE
55033119015249,10284244881,belif Super Knights Bright Toning Vegan Pack Cleanser 150ml,belif,11.00,13.64,19.95,6.31,46.3,19.4,44.9,SUBE
55033120391505,8497466182,MEDIPEEL Extra Super 9 Plus Blackhead Solution 250ml,MEDIPEEL,11.00,13.64,19.95,6.31,46.3,19.4,44.9,SUBE
55033124585809,10280830819,[Real Barrier] Control-T Tea Tree Cleansing Water 400ml,Real Barrier,11.00,13.64,19.95,6.31,46.3,19.4,44.9,SUBE
55033127469393,10503698244,NEOGEN Dermalogy Double Vita Capsule Cleansing Foam 160g,NEOGEN,11.00,13.64,19.95,6.31,46.3,19.4,44.9,SUBE
55033131499857,4963343231,SKINFOOD Black Sugar Perfect Enzyme Powder Wash 65g,SKINFOOD,11.00,13.64,19.95,6.31,46.3,19.4,44.9,SUBE
55033142575441,11364493439,MEDIPEEL Peptide 9 Aqua Essence Facial Cleanser 150ml,MEDIPEEL,11.00,13.64,19.95,6.31,46.3,19.4,44.9,SUBE
55033143460177,11188043739,O HUI Age Recovery Soft Amino Foam Special Set (180ml+45mlx2ea),O HUI,11.00,13.64,19.95,6.31,46.3,19.4,44.9,SUBE
55033145065809,6093153363,[NATURE REPUBLIC] Green Derma Mild Cica Peeling Gel 155ml,NATURE REPUBLIC,11.00,13.64,19.95,6.31,46.3,19.4,44.9,SUBE
55033146966353,11955978259,Shingmulnara Young Green Tea Fresh Cleansing Foam 120ml+120ml,Shingmulnara,11.00,13.64,19.95,6.31,46.3,19.4,44.9,SUBE
55033147851089,10674148676,ongredients Skin Barrier Moisture Deep Cleanser 120ml,ongredients,11.00,13.64,19.95,6.31,46.3,19.4,44.9,SUBE
55033167544657,10056899653,AROMATICA Replenishing Leaven In Treatment Lavender & Patchouli 150ml,AROMATICA,11.00,13.64,19.95,6.31,46.3,19.4,44.9,SUBE
55033170755921,6286171214,Dr.G Doopi Lab Cool Salt Scaling Shampoo 500ml,Dr.G,11.00,13.64,19.95,6.31,46.3,19.4,44.9,SUBE
55033180324177,11677257862,[mise en scene] Salon 10 Professional Cica Protein Shampoo 480ml,mise en scene,11.00,13.64,19.95,6.31,46.3,19.4,44.9,SUBE
55033180848465,10128716061,[mise en scene] Perfect Serum Original Treatment 900ml,mise en scene,11.00,13.64,19.95,6.31,46.3,19.4,44.9,SUBE
55033181831505,10572620498,[mise en scene] Perfect Serum Detangling Leave in Conditioner 250ml,mise en scene,11.00,13.64,19.95,6.31,46.3,19.4,44.9,SUBE
55033184223569,718203958,[NATURE REPUBLIC] Argan Essential Deep Care Hair Pack 470ml,NATURE REPUBLIC,11.00,13.64,19.95,6.31,46.3,19.4,44.9,SUBE
55033195462993,4674364495,GRAFEN Grooming Clay Hard Wax 75ml,GRAFEN,11.00,13.64,19.95,6.31,46.3,19.4,44.9,SUBE
55033200804177,6805502952,OBgE Scene Steal Concealer #Light Beige,OBgE,11.00,13.64,19.95,6.31,46.3,19.4,44.9,SUBE
55033610436945,10512479955,GRAFEN Match Up Shading Stick 1.8g #Neutral Brown,GRAFEN,11.00,13.64,19.95,6.31,46.3,19.4,44.9,SUBE
55033614795089,2093401,[GREEN FINGER] Natural Moisture Baby Lotion 320ml,GREEN FINGER,9.50,11.78,17.95,6.17,52.4,19.4,47.1,SUBE
55026959253841,4782799659,Dashu Men’s Aqua Matte BB Cushion (for Refill) 15g (SPF50+/PA++++),Dashu,8.00,9.92,14.95,5.03,50.7,19.4,46.5,SUBE
55026962301265,5362685551,PAUL MEDISON HOMME ALL IN ONE BB CREAM SPF50+ 60ml,PAUL MEDISON,8.00,9.92,14.95,5.03,50.7,19.4,46.5,SUBE
55026963087697,9927971455,PAUL MEDISON HOMME Hydration All In One Lotion 100ml,PAUL MEDISON,8.00,9.92,14.95,5.03,50.7,19.4,46.5,SUBE
55026971672913,4492848825,TONYMOLY Energy 24 Men's All-In-One Fresh Essence 120ml,TONYMOLY,8.00,9.92,14.95,5.03,50.7,19.4,46.5,SUBE
55026981667153,11062432945,JUNGSAEMMOOL Men Lip-Newal Color Balm 3g (2-type),JUNGSAEMMOOL,8.00,9.92,14.95,5.03,50.7,19.4,46.5,SUBE
55026981699921,11062432945,JUNGSAEMMOOL Men Lip-Newal Color Balm 3g (2-type),JUNGSAEMMOOL,8.00,9.92,14.95,5.03,50.7,19.4,46.5,SUBE
55026989039953,2197122205,SKINFOOD Black Sugar Perfect Toner 2X For Men 180ml,SKINFOOD,8.00,9.92,14.95,5.03,50.7,19.4,46.5,SUBE
55027010109777,6854249960,OBgE Gentle Finish Shaving Gel 80g,OBgE,8.00,9.92,14.95,5.03,50.7,19.4,46.5,SUBE
55027021414737,8084631310,SUNGBOON EDITOR Shea Butter Baby Foot Stick 20g,SUNGBOON EDITOR,8.00,9.92,14.95,5.03,50.7,19.4,46.5,SUBE
55027154682193,4823905907,MISSHA SAFE BLOCK RX COVER TONE UP SUN 50ml,MISSHA,8.00,9.92,14.95,5.03,50.7,19.4,46.5,SUBE
55027155632465,2005727410,DASHU Daily Light Fit Sun Gel 50ml,DASHU,8.00,9.92,14.95,5.03,50.7,19.4,46.5,SUBE
55027156549969,4547762980,[KIM JEONG MOON Aloe] Cure Water Splash Cooling Sun Stick SPF50+ PA++++ 23g,KIM JEONG MOON Aloe,8.00,9.92,14.95,5.03,50.7,19.4,46.5,SUBE
55027220840785,10462556663,Shingmulnara White Rice Bright Tone Sun Gel Lotion 60ml SPF50+ PA++++,Shingmulnara,8.00,9.92,14.95,5.03,50.7,19.4,46.5,SUBE
55027239747921,9987979241,Isntree Onion Fresh Light Sun Stick 22g SFP50 PA++++,Isntree,8.00,9.92,14.95,5.03,50.7,19.4,46.5,SUBE
55028047020369,10078807867,innisfree Intensive Leisure Sun Stick 18g SPF50+ PA++++,innisfree,8.00,9.92,14.95,5.03,50.7,19.4,46.5,SUBE
55028047151441,10078798613,Innisfree Tone up Watering Sunscreen SPF50+ PA++++ 60ml,innisfree,8.00,9.92,14.95,5.03,50.7,19.4,46.5,SUBE
55028052427089,6957091206,EUNYUL Lab Relief Sun Cream SPF50+ PA++++ 50ml,EUNYUL,8.00,9.92,14.95,5.03,50.7,19.4,46.5,SUBE
55028052885841,4949102325,MEDIPEEL Active Silky Sun Cream SPF50+ PA+++ 50ml,MEDIPEEL,8.00,9.92,14.95,5.03,50.7,19.4,46.5,SUBE
55028054131025,8304476066,[Real Barrier] Aqua Soothing Sun Lotion SPF50+PA++++ 1+1 (50ml+50ml),Real Barrier,8.00,9.92,14.95,5.03,50.7,19.4,46.5,SUBE
55028064878929,10007666013,O HUI Day Shield Sunquid SPF50+ PA++++ 50ml,O HUI,8.00,9.92,14.95,5.03,50.7,19.4,46.5,SUBE
55028065599825,8695827823,CENTELLIAN24 Madeca Derma Shield Safe Sun Stick SPF50+ PA++++ 18g,CENTELLIAN24,8.00,9.92,14.95,5.03,50.7,19.4,46.5,SUBE
55028068122961,12144570412,AHC Masters Air Rich Sun Stick SPF50+ PA++++ 10g,AHC,8.00,9.92,14.95,5.03,50.7,19.4,46.5,SUBE
55028070089041,11666905495,Shingmulnara Multi Sun Powder SPF+ PA++++ 4g,Shingmulnara,8.00,9.92,14.95,5.03,50.7,19.4,46.5,SUBE
55028072186193,10239372389-G,Shingmulnara White Rice Green Tone Up Moisture Sun Cream SPF50+ PA++++ 100ml,Shingmulnara,8.00,9.92,14.95,5.03,50.7,19.4,46.5,SUBE
55028072284497,10239372389-P,Shingmulnara White Rice Purple Tone Up Moisture Sun Cream SPF50+ PA++++ 100ml,Shingmulnara,8.00,9.92,14.95,5.03,50.7,19.4,46.5,SUBE
55028073988433,11726154407,MEDIHEAL Vitamin C UV Cut Outdoor Sun Patch [Triple Protection] 4P,MEDIHEAL,8.00,9.92,14.95,5.03,50.7,19.4,46.5,SUBE
55028085096785,10353499719,THE FACE SHOP NATURE GARDEN Perfumed Body Mist 155ml,THE FACE SHOP,8.00,9.92,14.95,5.03,50.7,19.4,46.5,SUBE
55028085129553,10353499719,THE FACE SHOP NATURE GARDEN Perfumed Body Mist 155ml,THE FACE SHOP,8.00,9.92,14.95,5.03,50.7,19.4,46.5,SUBE
55028085162321,10353499719,THE FACE SHOP NATURE GARDEN Perfumed Body Mist 155ml,THE FACE SHOP,8.00,9.92,14.95,5.03,50.7,19.4,46.5,SUBE
55028085326161,10325695578,THE FACE SHOP Perfume Seed Capsule Body Wash 300ml,THE FACE SHOP,8.00,9.92,14.95,5.03,50.7,19.4,46.5,SUBE
55028086276433,10324985962,THE FACE SHOP The Botanic Woody Musk Body Lotion 350ml,THE FACE SHOP,8.00,9.92,14.95,5.03,50.7,19.4,46.5,SUBE
55028087193937,10792893976,PAUL MEDISON Deep Perfume Body Lotion 1077ml #Fruity Floral,PAUL MEDISON,8.00,9.92,14.95,5.03,50.7,19.4,46.5,SUBE
55028087390545,4843177054,PAUL MEDISON Signature Body Lotion 1077ml #Baby Powder,PAUL MEDISON,8.00,9.92,14.95,5.03,50.7,19.4,46.5,SUBE
55028087488849,4843177054,PAUL MEDISON Signature Body Lotion 1077ml #Clean Soap,PAUL MEDISON,8.00,9.92,14.95,5.03,50.7,19.4,46.5,SUBE
55028087554385,4843177054,PAUL MEDISON Signature Body Lotion 1077ml #Floral Musk,PAUL MEDISON,8.00,9.92,14.95,5.03,50.7,19.4,46.5,SUBE
55028088340817,4843177054,PAUL MEDISON Signature Body Lotion 1077ml #YLANG YLANG,PAUL MEDISON,8.00,9.92,14.95,5.03,50.7,19.4,46.5,SUBE
55028088406353,4843177054,PAUL MEDISON Signature Body Lotion 1077ml #White Musk,PAUL MEDISON,8.00,9.92,14.95,5.03,50.7,19.4,46.5,SUBE
55028088766801,5718397325,KUNDAL Cool & Clear Ice Boosting Cool Body Wash 500ml #Aqua Mint,KUNDAL,8.00,9.92,14.95,5.03,50.7,19.4,46.5,SUBE
55028089487697,8894982550,innisfree My Perfumed Body Cleanser 330ml (3-type),innisfree,8.00,9.92,14.95,5.03,50.7,19.4,46.5,SUBE
55028089520465,8894982550,innisfree My Perfumed Body Cleanser 330ml (3-type),innisfree,8.00,9.92,14.95,5.03,50.7,19.4,46.5,SUBE
55028089553233,8894982550,innisfree My Perfumed Body Cleanser 330ml (3-type),innisfree,8.00,9.92,14.95,5.03,50.7,19.4,46.5,SUBE
55028089848145,9686912616,[Pyunkang yul] ATO Low PH Moisture Body Wash 590ml,Pyunkang Yul,8.00,9.92,14.95,5.03,50.7,19.4,46.5,SUBE
55028090208593,5898912021,[Pyunkang Yul] Intensive Ceramide Lotion 290ml,Pyunkang Yul,8.00,9.92,14.95,5.03,50.7,19.4,46.5,SUBE
55028101775697,10663418986,Shingmulnara Young Green Tea Trouble Body Wash 1000ml,Shingmulnara,8.00,9.92,14.95,5.03,50.7,19.4,46.5,SUBE
55028102660433,10219195967,nutseline Cica Nut Calming Balm 50ml,nutseline,8.00,9.92,14.95,5.03,50.7,19.4,46.5,SUBE
55028113408337,5378545923,EUNYUL Cloud Perfume Hand Cream 300ml #Grapefruit,EUNYUL,8.00,9.92,14.95,5.03,50.7,19.4,46.5,SUBE
55028113473873,5378500493,EUNYUL Cloud Perfume Hand Cream 300ml #Berry,EUNYUL,8.00,9.92,14.95,5.03,50.7,19.4,46.5,SUBE
55028113539409,5598249234,EUNYUL Cloud Perfume Hand Cream Set 50ml,EUNYUL,8.00,9.92,14.95,5.03,50.7,19.4,46.5,SUBE
55028115865937,AROMATICA2039,AROMATICA INSPIRIT HAND CREAM BASIL & BERGAMOT 30ml,AROMATICA,8.00,9.92,14.95,5.03,50.7,19.4,46.5,SUBE
55028115997009,AROMATICA2038,AROMATICA MELLOWNESS HAND CREAM MAGNOLIA & SANDALWOOD 30ml,AROMATICA,8.00,9.92,14.95,5.03,50.7,19.4,46.5,SUBE
55028116193617,AROMATICA2037,AROMATICA EMBRACE HAND CREAM NEROLI & PATCHOULI 30ml,AROMATICA,8.00,9.92,14.95,5.03,50.7,19.4,46.5,SUBE
55028116652369,10333391596,Shingmulnara Mild Antibacterial Foaming Hand Wash 280ml X 3ea (2type),Shingmulnara,8.00,9.92,14.95,5.03,50.7,19.4,46.5,SUBE
55028116685137,10333391596,Shingmulnara Mild Antibacterial Foaming Hand Wash 280ml X 3ea (2type),Shingmulnara,8.00,9.92,14.95,5.03,50.7,19.4,46.5,SUBE
55028120191313,6775362395,papa recipe Blemish Lip Serum 3.5ml,papa recipe,8.00,9.92,14.95,5.03,50.7,19.4,46.5,SUBE
55028129628497,11890808833,[NATURE REPUBLIC] Natural Made Lip Mask 12g (2types),NATURE REPUBLIC,8.00,9.92,14.95,5.03,50.7,19.4,46.5,SUBE
55028129661265,11890808833,[NATURE REPUBLIC] Natural Made Lip Mask 12g (2types),NATURE REPUBLIC,8.00,9.92,14.95,5.03,50.7,19.4,46.5,SUBE
55028146536785,7003276634,Re:NK RS Wrinkle Repair Eye Cream 30ml,Re:NK,8.00,9.92,14.95,5.03,50.7,19.4,46.5,SUBE
55028146962769,7370425539,It'S SKIN Power 10 Formula LI Eye Cream 25ml,It'S SKIN,8.00,9.92,14.95,5.03,50.7,19.4,46.5,SUBE
55028154663249,2248598073,PETITFEE Black Pearl & Gold Hydrogel Eye Patch (1.4g X 60 Patches),PETITFEE,8.00,9.92,14.95,5.03,50.7,19.4,46.5,SUBE
55028155646289,2188005657,PETITFEE GOLD EGF EYE & SPOT PATCH (EYE patch 1.1g X 60 Patches + SPOT patch 0.6,PETITFEE,8.00,9.92,14.95,5.03,50.7,19.4,46.5,SUBE
55028156170577,584691445,PETITFEE Collagen & CoQ10 Hydrogel Eye Patch (1.4g X 60 Patches),PETITFEE,8.00,9.92,14.95,5.03,50.7,19.4,46.5,SUBE
55028157284689,4264004339,TONYMOLY BIO EX Cell Peptide Eye Solution 30ml,TONYMOLY,8.00,9.92,14.95,5.03,50.7,19.4,46.5,SUBE
55028157382993,7655084996,TONYMOLY Red Retinol Wrinkle Focus Eye Cream 30ml,TONYMOLY,8.00,9.92,14.95,5.03,50.7,19.4,46.5,SUBE
55028158169425,7290145290,[Pyunkang Yul] Concentrated Eye Cream 25ml,Pyunkang Yul,8.00,9.92,14.95,5.03,50.7,19.4,46.5,SUBE
55028160889169,11367230073,NEOGEN RAAR Style Perfect Care Eyelash Ampoule 10g,NEOGEN,8.00,9.92,14.95,5.03,50.7,19.4,46.5,SUBE
55028169441617,9616362079,[NATURE REPUBLIC] Real Squeeze Aloe Vera Eye Serum 15ml,NATURE REPUBLIC,8.00,9.92,14.95,5.03,50.7,19.4,46.5,SUBE
55028278133073,3920855553,TONYMOLY Green Tea Moisturizing Mist 100ml,TONYMOLY,8.00,9.92,14.95,5.03,50.7,19.4,46.5,SUBE
55028278231377,11414267236,Hanskin Soonhan Houttuynia Claming Toner Pad 160ml/70ea [Refill],Hanskin,8.00,9.92,14.95,5.03,50.7,19.4,46.5,SUBE
55028279050577,12533453378,SUNGBOON EDITOR Green Tomato Pore Lifting Ampoule+ 30ml,SUNGBOON EDITOR,8.00,9.92,14.95,5.03,50.7,19.4,46.5,SUBE
55028279116113,12454091257,Shingmulnara Calendula Calming Toner 500ml,Shingmulnara,8.00,9.92,14.95,5.03,50.7,19.4,46.5,SUBE
55028279181649,11292773912,AHC Black Caviar Lotion 140ml,AHC,8.00,9.92,14.95,5.03,50.7,19.4,46.5,SUBE
55028279378257,5376803266,AHC Black Caviar Toner 140ml,AHC,8.00,9.92,14.95,5.03,50.7,19.4,46.5,SUBE
55028279640401,11292783611,AHC Black Caviar Cream 50g,AHC,8.00,9.92,14.95,5.03,50.7,19.4,46.5,SUBE
55028280262993,11292793163,AHC Vital Golden Collagen Lotion 140ml,AHC,8.00,9.92,14.95,5.03,50.7,19.4,46.5,SUBE
55028280361297,4103514696,[NATURE REPUBLIC] Ultra Hydrate Olive Emulsion 180ml,NATURE REPUBLIC,8.00,9.92,14.95,5.03,50.7,19.4,46.5,SUBE
55028280492369,11886636464,[NATURE REPUBLIC] Skincaring Peeling Pad 150g/50ea,NATURE REPUBLIC,8.00,9.92,14.95,5.03,50.7,19.4,46.5,SUBE
55028280590673,12101057566,[NATURE REPUBLIC] MAN IN BLUE TONER 150ml,NATURE REPUBLIC,8.00,9.92,14.95,5.03,50.7,19.4,46.5,SUBE
55028280688977,11886672906,[NATURE REPUBLIC] Skincaring Whitening Pad 150g/50ea,NATURE REPUBLIC,8.00,9.92,14.95,5.03,50.7,19.4,46.5,SUBE
55028280852817,11886647680,[NATURE REPUBLIC] Skincaring Elastic Pad 150g/50ea,NATURE REPUBLIC,8.00,9.92,14.95,5.03,50.7,19.4,46.5,SUBE
55028280918353,11886644020,[NATURE REPUBLIC] Skincaring Cooling Pad 150g/50ea,NATURE REPUBLIC,8.00,9.92,14.95,5.03,50.7,19.4,46.5,SUBE
55028281344337,12101067308,[NATURE REPUBLIC] MAN IN BLUE EMULSION 130ml,NATURE REPUBLIC,8.00,9.92,14.95,5.03,50.7,19.4,46.5,SUBE
55028281835857,8820963081,A'pieu Madecassoside Tetrasome CICA Toner 300ml,A'pieu,8.00,9.92,14.95,5.03,50.7,19.4,46.5,SUBE
55028282032465,4754224447,A'pieu Aqua Nature Bamboo Dew Drop Tightening Freshner 500ml,A'pieu,8.00,9.92,14.95,5.03,50.7,19.4,46.5,SUBE
55028282196305,2382452066,A'pieu Aqua Nature Deep-sea Dew Drop Clearing Softner 500ml,A'pieu,8.00,9.92,14.95,5.03,50.7,19.4,46.5,SUBE
55028282261841,8821046819,A'pieu Madecassoside Tetrasome CICA Ampoule 30ml,A'pieu,8.00,9.92,14.95,5.03,50.7,19.4,46.5,SUBE
55028282523985,11585698513,A'pieu Daily Sheet Mask 350ml/30ea #Black Tea,A'pieu,8.00,9.92,14.95,5.03,50.7,19.4,46.5,SUBE
55028282655057,10149436436,A'pieu Hamamelis Toner 200ml,A'pieu,8.00,9.92,14.95,5.03,50.7,19.4,46.5,SUBE
55028282818897,12011710499,It'S SKIN Dr.Savers Hyaluronic Hydro Serum 30ml,It'S SKIN,8.00,9.92,14.95,5.03,50.7,19.4,46.5,SUBE
55028283081041,12011710499,It'S SKIN Dr.Savers Cica Comfort Serum 30ml,It'S SKIN,8.00,9.92,14.95,5.03,50.7,19.4,46.5,SUBE
55028283179345,12011710499,It'S SKIN Dr.Savers Vita Glow Serum 30ml,It'S SKIN,8.00,9.92,14.95,5.03,50.7,19.4,46.5,SUBE
55028283244881,11559171801,TONYMOLY Houttuynia Cordata Cica Quick Calming Emulsion 200ml,TONYMOLY,8.00,9.92,14.95,5.03,50.7,19.4,46.5,SUBE
55028283539793,11635728066,SUNGBOON EDITOR Cocklebur Namomi Repair Ampoule 30ml,SUNGBOON EDITOR,8.00,9.92,14.95,5.03,50.7,19.4,46.5,SUBE
55028283638097,8297008788,SUNGBOON EDITOR Saeng Cica Barrier Intense Cream 30ml,SUNGBOON EDITOR,8.00,9.92,14.95,5.03,50.7,19.4,46.5,SUBE
55028283965777,12011710499,It'S SKIN Dr.Savers Bifida Silky Serum 30ml,It'S SKIN,8.00,9.92,14.95,5.03,50.7,19.4,46.5,SUBE
55028284064081,372588117,SKINFOOD Argan Oil Repair Plus Heat Serum in Oil 110ml,SKINFOOD,8.00,9.92,14.95,5.03,50.7,19.4,46.5,SUBE
55028284424529,10407533190,MISSHA Super Aqua Ultra Hyalron Toner Pad 180g/90pads (Refill),MISSHA,8.00,9.92,14.95,5.03,50.7,19.4,46.5,SUBE
55028284588369,7943287943,Isntree Aloe Soothing Gel Fresh Type 300ml,Isntree,8.00,9.92,14.95,5.03,50.7,19.4,46.5,SUBE
55028284653905,9200884137,[TOO COOL FOR SCHOOL] Egg Vita Peeling Gel 100g,TOO COOL FOR SCHOOL,8.00,9.92,14.95,5.03,50.7,19.4,46.5,SUBE
55028284719441,5628832630,[MACQUEEN New York] Yuja Vita C Clear Toner Pad 100ea/240ml,MACQUEEN New York,8.00,9.92,14.95,5.03,50.7,19.4,46.5,SUBE
55028285178193,8014174767,[MACQUEEN New York] Collagen Vita Whitening Multi Balm 11g,MACQUEEN New York,8.00,9.92,14.95,5.03,50.7,19.4,46.5,SUBE
55028285276497,4628961316,EUNYUL YELLOW SEED THERAPY Vital Cleansing Water 500ml,EUNYUL,8.00,9.92,14.95,5.03,50.7,19.4,46.5,SUBE
55028285538641,4628959792,EUNYUL GREEN SEED THERAPY Calming Cleansing Water 500ml,EUNYUL,8.00,9.92,14.95,5.03,50.7,19.4,46.5,SUBE
55028285604177,2566980234,EUNYUL Power Gold Ampoule 50ml,EUNYUL,8.00,9.92,14.95,5.03,50.7,19.4,46.5,SUBE
55028285669713,3227162618,EUNYUL Premium Cream 60g,EUNYUL,8.00,9.92,14.95,5.03,50.7,19.4,46.5,SUBE
55028286161233,3182847872,EUNYUL Super Snail Cream 70g,EUNYUL,8.00,9.92,14.95,5.03,50.7,19.4,46.5,SUBE
55028288291153,4411354599,EUNYUL Clean & Fresh Nose Pack (3 Steps) 7ea,EUNYUL,8.00,9.92,14.95,5.03,50.7,19.4,46.5,SUBE
55028288586065,4628969810,EUNYUL BLACK SEED THERAPY Moisturizing Toner 500ml,EUNYUL,8.00,9.92,14.95,5.03,50.7,19.4,46.5,SUBE
55028288684369,4628957232,EUNYUL BLACK SEED THERAPY Moisturizing Cleansing Water 500ml,EUNYUL,8.00,9.92,14.95,5.03,50.7,19.4,46.5,SUBE
55028288749905,8490515641,EUNYUL Vita Balance Own Sole Shine Toner Pad 2 Pads*10ea,EUNYUL,8.00,9.92,14.95,5.03,50.7,19.4,46.5,SUBE
55028288848209,11235936032,EUNYUL Collagen Special Program Lotion 200ml,EUNYUL,8.00,9.92,14.95,5.03,50.7,19.4,46.5,SUBE
55028289012049,11235912082,EUNYUL Collagen Special Program Skin 200ml,EUNYUL,8.00,9.92,14.95,5.03,50.7,19.4,46.5,SUBE
55028289077585,6171991295,EUNYUL Horse Oil Cream 70g,EUNYUL,8.00,9.92,14.95,5.03,50.7,19.4,46.5,SUBE
55028289175889,7466760281,EUNYUL VITA BALANCE OWN SOLE SHINE Serum 50ml,EUNYUL,8.00,9.92,14.95,5.03,50.7,19.4,46.5,SUBE
55028289274193,11235980196,EUNYUL Collagen Special Program Cream 50ml,EUNYUL,8.00,9.92,14.95,5.03,50.7,19.4,46.5,SUBE
55028289339729,6022313385,EUNYUL Aqua Seed Therapy Hydrating Ampoule 50ml,EUNYUL,8.00,9.92,14.95,5.03,50.7,19.4,46.5,SUBE
55028289405265,6050252697,EUNYUL Aloe Vera Gel 95% 300ml (Pump),EUNYUL,8.00,9.92,14.95,5.03,50.7,19.4,46.5,SUBE
55028289470801,8253577822,EUNYUL AHA/BHA Clean Exfoliating Serum 50ml,EUNYUL,8.00,9.92,14.95,5.03,50.7,19.4,46.5,SUBE
55028289962321,8252034082,[Pyunkang Yul] Calming Clear Spot Patch (Slim Care) 145ea,Pyunkang Yul,8.00,9.92,14.95,5.03,50.7,19.4,46.5,SUBE
55028290093393,8252016148,[Pyunkang Yul] Calming Clear Spot Patch Intensive Care + Slim Care 124ea,Pyunkang Yul,8.00,9.92,14.95,5.03,50.7,19.4,46.5,SUBE
55028290158929,401090569,[Pyunkang Yul] Mist Toner 100ml,Pyunkang Yul,8.00,9.92,14.95,5.03,50.7,19.4,46.5,SUBE
55028290355537,5931972753,[Pyunkang Yul] Clear Spot Patch (18ea X 4ea),Pyunkang Yul,8.00,9.92,14.95,5.03,50.7,19.4,46.5,SUBE
55028290421073,8252047507,[Pyunkang Yul] Calming Clear Spot Patch (Intensive Care) 165ea,Pyunkang Yul,8.00,9.92,14.95,5.03,50.7,19.4,46.5,SUBE
55028290486609,8816032578,[MARY & MAY] Centella Asiatica Serum 30ml,MARY & MAY,8.00,9.92,14.95,5.03,50.7,19.4,46.5,SUBE
55028290617681,5643149970,TONYMOLY Wonder Hyaluronic Acid Ampoule 100ml,TONYMOLY,8.00,9.92,14.95,5.03,50.7,19.4,46.5,SUBE
55028290683217,10073678934,TONYMOLY Houttuynia Cordata Cica Quick Calming Pad (Refill Pack) 150ml (50ea),TONYMOLY,8.00,9.92,14.95,5.03,50.7,19.4,46.5,SUBE
55028290912593,10555427670,TONYMOLY Spicule Ampoule 30ml (2 Types),TONYMOLY,8.00,9.92,14.95,5.03,50.7,19.4,46.5,SUBE
55028290945361,10555427670,TONYMOLY Spicule Ampoule 30ml (2 Types),TONYMOLY,8.00,9.92,14.95,5.03,50.7,19.4,46.5,SUBE
55028291436881,4555503976,TONYMOLY Wonder Ceramide Mocchi Water Cream 300ml,TONYMOLY,8.00,9.92,14.95,5.03,50.7,19.4,46.5,SUBE
55028292157777,5240610705,TONYMOLY Wonder Ceramide Mochi Emulsion 300ml,TONYMOLY,8.00,9.92,14.95,5.03,50.7,19.4,46.5,SUBE
55028292223313,6655533523,TONYMOLY Houttuynia Cordata Cica Quick Calming Mist Serum 110ml,TONYMOLY,8.00,9.92,14.95,5.03,50.7,19.4,46.5,SUBE
55028292321617,7538637750,TONYMOLY Houttuynia Cordata Cica Cream Mist 110ml,TONYMOLY,8.00,9.92,14.95,5.03,50.7,19.4,46.5,SUBE
55028295008593,7862615681,KUNDAL Mugwort Soothing Energy Serum 30ml,KUNDAL,8.00,9.92,14.95,5.03,50.7,19.4,46.5,SUBE
55028295336273,4958022355,PAUL MEDISON Deep Red Moisture Cream 211ml,PAUL MEDISON,8.00,9.92,14.95,5.03,50.7,19.4,46.5,SUBE
55028295401809,5417555082,make p:rem Comfort Me. Panthenol Moisture Essence 80ml,make p:rem,8.00,9.92,14.95,5.03,50.7,19.4,46.5,SUBE
55028295565649,10471519375,THE FACE SHOP The Therapy Vegan Blending Mist 100ml,THE FACE SHOP,8.00,9.92,14.95,5.03,50.7,19.4,46.5,SUBE
55028296221009,10325602611,THE FACE SHOP The Therapy Vegan Multi Balm 14g,THE FACE SHOP,8.00,9.92,14.95,5.03,50.7,19.4,46.5,SUBE
55028296417617,5458655834,PAUL MEDISON Deep Red King Peeling Pad 170ml (70ea),PAUL MEDISON,8.00,9.92,14.95,5.03,50.7,19.4,46.5,SUBE
55028296548689,9531054276,[ONE THING] Centella Asiatica Serum 30ml,ONE THING,8.00,9.92,14.95,5.03,50.7,19.4,46.5,SUBE
55028296646993,9678629401,One-day's you SOS Spot Clearing Cream 25ml,One-day's you,8.00,9.92,14.95,5.03,50.7,19.4,46.5,SUBE
55028296712529,8794985261,One-day's you Help Me Honey-C Pad REFILL PACK (60pads) 125ml,One-day's you,8.00,9.92,14.95,5.03,50.7,19.4,46.5,SUBE
55028296843601,papa962,papa recipe Eggplant Clearing Peeling Pad Toner Refill Only 35 pads(115ml),papa recipe,8.00,9.92,14.95,5.03,50.7,19.4,46.5,SUBE
55028297269585,9843508845,AMPLE:N VC Shot Ampoule 30ml,AMPLE:N,8.00,9.92,14.95,5.03,50.7,19.4,46.5,SUBE
55028297367889,10124088582,FATION Aqua Biome Toner Pad 170ml (80 pads),FATION,8.00,9.92,14.95,5.03,50.7,19.4,46.5,SUBE
55028298187089,7291673369,FATION Nosca9 Spot Patch 102 patches,FATION,8.00,9.92,14.95,5.03,50.7,19.4,46.5,SUBE
55028298285393,10353753679,FATION Nosca9 Trouble Clear Toner 100ml,FATION,8.00,9.92,14.95,5.03,50.7,19.4,46.5,SUBE
55028298383697,3840053663,AMPLE:N Ceramide Shot Ampoule 30ml,AMPLE:N,8.00,9.92,14.95,5.03,50.7,19.4,46.5,SUBE
55028298547537,332926088,AHC Herb Solution Rose Toner 500ml,AHC,8.00,9.92,14.95,5.03,50.7,19.4,46.5,SUBE
55028299006289,6502971611,TONYMOLY Houttuynia Cordata Cica Quick Calming Soothing Gel 300ml,TONYMOLY,8.00,9.92,14.95,5.03,50.7,19.4,46.5,SUBE
55028299202897,8273827790,innisfree Bija Trouble Lotion 100ml,innisfree,8.00,9.92,14.95,5.03,50.7,19.4,46.5,SUBE
55028299301201,8303281784,Isntree Onion Newpair B5 Ampoule 50ml,Isntree,8.00,9.92,14.95,5.03,50.7,19.4,46.5,SUBE
55028977762641,332730202,It'S SKIN V7 Hyaluronic Toner 150ml,It'S SKIN,8.00,9.92,14.95,5.03,50.7,19.4,46.5,SUBE
55028982382929,8554528114,Isntree Hyper Niacinamide 20 Serum 20ml,Isntree,8.00,9.92,14.95,5.03,50.7,19.4,46.5,SUBE
55028985397585,332264936,It'S SKIN Peptide Collagen Toner 150ml,It'S SKIN,8.00,9.92,14.95,5.03,50.7,19.4,46.5,SUBE
55028988641617,5994503078,Dr.G A'Clear Spotcure Patch (10mm 24pc / 12mm 15pc),Dr.G,8.00,9.92,14.95,5.03,50.7,19.4,46.5,SUBE
55028991197521,5906372163,Isntree Onion Newpair Essence Toner 200ml,Isntree,8.00,9.92,14.95,5.03,50.7,19.4,46.5,SUBE
55028992409937,4792648581,[HOLIKA HOLIKA] Less On Skin Essence Pad 120ea(220ml),HOLIKA HOLIKA,8.00,9.92,14.95,5.03,50.7,19.4,46.5,SUBE
55028993687889,4936299259,daymellow Aquaron Watery Emulsion 300ml,daymellow,8.00,9.92,14.95,5.03,50.7,19.4,46.5,SUBE
55028994474321,4673803408,[ONE THING] Citrus Unshiu Fruit Extract 150ml,ONE THING,8.00,9.92,14.95,5.03,50.7,19.4,46.5,SUBE
55028994998609,3936720060,TONYMOLY Wonder Rice Smoothing Toner 500ml,TONYMOLY,8.00,9.92,14.95,5.03,50.7,19.4,46.5,SUBE
55028995653969,4326797779,[ONE THING] Houttuynia Cordata Extract Toner 150ml,ONE THING,8.00,9.92,14.95,5.03,50.7,19.4,46.5,SUBE
55028995981649,4609453090,Dr.Jart+ Ctrl-A Teatreement Toner 120ml,Dr.Jart+,8.00,9.92,14.95,5.03,50.7,19.4,46.5,SUBE
55029195211089,5300497031,Cos De BAHA CH Centella Hyaluronic Acid Serum 30ml,Cos De BAHA,8.00,9.92,14.95,5.03,50.7,19.4,46.5,SUBE
55029195342161,5716937366,Cos De BAHA CG Centella Gel Cream 45ml,Cos De BAHA,8.00,9.92,14.95,5.03,50.7,19.4,46.5,SUBE
55029195506001,11058806516,Cos De BAHA LH Low Molecular Hyaluronic Acid Serum 30ml,Cos De BAHA,8.00,9.92,14.95,5.03,50.7,19.4,46.5,SUBE
55029238202705,11066868187,DERMALINE Normalizing Relief Gel 60ml,DERMALINE,8.00,9.92,14.95,5.03,50.7,19.4,46.5,SUBE
55029298495825,Elizavecca569,Elizavecca Milky Piggy Hell-Pore Clean Up Mask 100ml,Elizavecca,8.00,9.92,14.95,5.03,50.7,19.4,46.5,SUBE
55029298921809,Elizavecca414,Elizavecca Green Piggy Collagen Jella Pack 100g,Elizavecca,8.00,9.92,14.95,5.03,50.7,19.4,46.5,SUBE
55029299609937,8848932674,[MARY & MAY] Vegan Rose Hyaluronic Hydra Wash off Pack 30g,MARY & MAY,8.00,9.92,14.95,5.03,50.7,19.4,46.5,SUBE
55029299937617,8848908443,[MARY & MAY] Vegan CICA TeaTree Soothing Wash off Pack 30g,MARY & MAY,8.00,9.92,14.95,5.03,50.7,19.4,46.5,SUBE
55029300625745,3948270484,TONYMOLY Wonder Aloe Chok Chok Mask Sheet 22g X 10ea,TONYMOLY,8.00,9.92,14.95,5.03,50.7,19.4,46.5,SUBE
55029300822353,10669638993,DERMATORY Pro Ampoule Shot Mask 34g X 10ea (4-type),DERMATORY,8.00,9.92,14.95,5.03,50.7,19.4,46.5,SUBE
55029300855121,10669638993,DERMATORY Pro Ampoule Shot Mask 34g X 10ea (4-type),DERMATORY,8.00,9.92,14.95,5.03,50.7,19.4,46.5,SUBE
55029300887889,10669638993,DERMATORY Pro Ampoule Shot Mask 34g X 10ea (4-type),DERMATORY,8.00,9.92,14.95,5.03,50.7,19.4,46.5,SUBE
55029300920657,10669638993,DERMATORY Pro Ampoule Shot Mask 34g X 10ea (4-type),DERMATORY,8.00,9.92,14.95,5.03,50.7,19.4,46.5,SUBE
55029319500113,8849031102,[MARY & MAY] Vegan Blackberry Complex Glow Wash off Pack 30g,MARY & MAY,8.00,9.92,14.95,5.03,50.7,19.4,46.5,SUBE
55029319860561,8849092835,[MARY & MAY] Vegan Calendula Peptide Ageless Sleeping Mask 30g,MARY & MAY,8.00,9.92,14.95,5.03,50.7,19.4,46.5,SUBE
55029320221009,7269680111,TONYMOLY The Chok Chok Green Tea Watery Mask Sheet 20g X 10ea,TONYMOLY,8.00,9.92,14.95,5.03,50.7,19.4,46.5,SUBE
55029320515921,10669568953,DERMATORY Retinal Collagen Lifting Gel Mask 22g X 3ea,DERMATORY,8.00,9.92,14.95,5.03,50.7,19.4,46.5,SUBE
55029320941905,2001490088,papa recipe Eggplant Clearing Mud Cream Mask 100ml,papa recipe,8.00,9.92,14.95,5.03,50.7,19.4,46.5,SUBE
55029325037905,9402091952,HANYUL Yuja Brightening Wrapping Mask Sheet 5P,HANYUL,8.00,9.92,14.95,5.03,50.7,19.4,46.5,SUBE
55029328281937,5240331249,IOPE Bio Essence Facial Mask 23ml*5ea,IOPE,8.00,9.92,14.95,5.03,50.7,19.4,46.5,SUBE
55029331067217,10124355760,goodal Heartleaf Hyaluron Soothing Jelly Mask Sheet 5ea,goodal,8.00,9.92,14.95,5.03,50.7,19.4,46.5,SUBE
55029333655889,5551223496,REJURAN Healer Skin Protection Mask 27ml X 5ea,REJURAN,8.00,9.92,14.95,5.03,50.7,19.4,46.5,SUBE
55029338702161,9402076876,HANYUL Red Rice Moisture Firming Wrapping Mask Sheet 5P,HANYUL,8.00,9.92,14.95,5.03,50.7,19.4,46.5,SUBE
55029342732625,7820552956,[ONE THING] Cica Soothing Facial Sheet Mask 5P,ONE THING,8.00,9.92,14.95,5.03,50.7,19.4,46.5,SUBE
55029346500945,4925383511,SKINFOOD Strawberry Sugar Food Mask 120g,SKINFOOD,8.00,9.92,14.95,5.03,50.7,19.4,46.5,SUBE
55029348237649,372589269,SKINFOOD Egg White Pore Mask 120g,SKINFOOD,8.00,9.92,14.95,5.03,50.7,19.4,46.5,SUBE
55029350302033,2952066001,daymellow Diamond Toning TTM Mask 27ml X 10ea,daymellow,8.00,9.92,14.95,5.03,50.7,19.4,46.5,SUBE
55029351121233,4774908988,ROVECTIN DR. MASK CICA 25ml X 5ea,ROVECTIN,8.00,9.92,14.95,5.03,50.7,19.4,46.5,SUBE
55029352726865,561079803,[HOLIKA HOLIKA] Pure Essence Mask Sheet - Shea Butter 23ml x 10ea,HOLIKA HOLIKA,8.00,9.92,14.95,5.03,50.7,19.4,46.5,SUBE
55029353709905,4922159197,SKINFOOD Apricot Food Mask 120g,SKINFOOD,8.00,9.92,14.95,5.03,50.7,19.4,46.5,SUBE
55029357412689,4752077964,primera Seed and Sprout Energy Mask Lotus 20ml X 5ea,primera,8.00,9.92,14.95,5.03,50.7,19.4,46.5,SUBE
55029358428497,4758860781,d'Alba White Truffle Nourishing Treatment Mask 25ml x 5ea,d'Alba,8.00,9.92,14.95,5.03,50.7,19.4,46.5,SUBE
55029482783057,10968824225,FULLY RICE-DOUGH MODELING MASK 50g*4ea,FULLY,8.00,9.92,14.95,5.03,50.7,19.4,46.5,SUBE
55029494645073,7943206505,NEOGEN Dermalogy High G Exosome Mask Sheet 39g X 5ea,NEOGEN,8.00,9.92,14.95,5.03,50.7,19.4,46.5,SUBE
55029497626961,10601374209,MISSHA Cell Renew Snail Sleeping Mask 110ml,MISSHA,8.00,9.92,14.95,5.03,50.7,19.4,46.5,SUBE
55029502935377,11329118791,SKINFOOD Pink Grapefruit AHA Food Mask 120g,SKINFOOD,8.00,9.92,14.95,5.03,50.7,19.4,46.5,SUBE
55029505360209,10802009388,SKINFOOD Peanut Butter Food Mask 120g,SKINFOOD,8.00,9.92,14.95,5.03,50.7,19.4,46.5,SUBE
55029505753425,10092944098,SKINFOOD Cica BHA Food Mask 120g #Shine Muscat,SKINFOOD,8.00,9.92,14.95,5.03,50.7,19.4,46.5,SUBE
55029509554513,10381512796,Dr.G RTX Into Melting Collagen Film 0.038g 1P,Dr.G,8.00,9.92,14.95,5.03,50.7,19.4,46.5,SUBE
55029510668625,8550794376,Dr.G Black Collagen 300 Mask 27g X 4ea,Dr.G,8.00,9.92,14.95,5.03,50.7,19.4,46.5,SUBE
55029512798545,6818038867,SKINFOOD Lemon Dill Butter Food Mask 120g,SKINFOOD,8.00,9.92,14.95,5.03,50.7,19.4,46.5,SUBE
55029514142033,4925383420,SKINFOOD Honey Sugar Food Mask 120g,SKINFOOD,8.00,9.92,14.95,5.03,50.7,19.4,46.5,SUBE
55029518238033,10927701407,BRINGGREEN Fresh Mask Sheet 20g X 10ea (5-type),BRINGGREEN,8.00,9.92,14.95,5.03,50.7,19.4,46.5,SUBE
55029518270801,10927701407,BRINGGREEN Fresh Mask Sheet 20g X 10ea (5-type),BRINGGREEN,8.00,9.92,14.95,5.03,50.7,19.4,46.5,SUBE
55029518303569,10927701407,BRINGGREEN Fresh Mask Sheet 20g X 10ea (5-type),BRINGGREEN,8.00,9.92,14.95,5.03,50.7,19.4,46.5,SUBE
55029518336337,10927701407,BRINGGREEN Fresh Mask Sheet 20g X 10ea (5-type),BRINGGREEN,8.00,9.92,14.95,5.03,50.7,19.4,46.5,SUBE
55029518369105,10927701407,BRINGGREEN Fresh Mask Sheet 20g X 10ea (5-type),BRINGGREEN,8.00,9.92,14.95,5.03,50.7,19.4,46.5,SUBE
55032551833937,12650578536-5,[BIO HEAL BOH] NAD-PRIZCELL Glow Film Mask 27g X 5ea,BIO HEAL BOH,8.00,9.92,14.95,5.03,50.7,19.4,46.5,SUBE
55032556454225,4425226423,LINDSAY Calming Green Herb Modeling Pack 330g,LINDSAY,8.00,9.92,14.95,5.03,50.7,19.4,46.5,SUBE
55032614945105,11383298291,TROIAREUKE GPS Mask Vita-Toning 2-Step 1ea,TROIAREUKE,8.00,9.92,14.95,5.03,50.7,19.4,46.5,SUBE
55033018777937,10087588603,[so natural] So Vegan Sal Butter Melting Soap 100g,so natural,8.00,9.92,14.95,5.03,50.7,19.4,46.5,SUBE
55033018843473,4498450474,make p:rem Safe Me. Relief Moisture Cleasing Foam 250ml,make p:rem,8.00,9.92,14.95,5.03,50.7,19.4,46.5,SUBE
55033018974545,8740555459,[so natural] All Clean Fixx Lip & Eye Remover 300ml,so natural,8.00,9.92,14.95,5.03,50.7,19.4,46.5,SUBE
55033019203921,9245506568,MEDIHEAL The Teatree Calming Powder Wash 50g,MEDIHEAL,8.00,9.92,14.95,5.03,50.7,19.4,46.5,SUBE
55033019334993,10493224840,goodal Heartleaf Hyaluron Soothing Pore Cleansing Foam 150ml,goodal,8.00,9.92,14.95,5.03,50.7,19.4,46.5,SUBE
55033019466065,6631415581,Donggubat Shampoo Bar for Dry Scalp 120g,Donggubat,8.00,9.92,14.95,5.03,50.7,19.4,46.5,SUBE
55033019531601,4469364067,Donggubat The RIGHT Shampoo Bar For Mid-Dry Scalp 120g #Basil & Vetiver,Donggubat,8.00,9.92,14.95,5.03,50.7,19.4,46.5,SUBE
55033019695441,10124070456,AHC Prep+Reset Cleansing Foam 150ml,AHC,8.00,9.92,14.95,5.03,50.7,19.4,46.5,SUBE
55033019760977,10255151170,AHC Premier Vita 13 Melting Deep Cleansing Foam 200ml,AHC,8.00,9.92,14.95,5.03,50.7,19.4,46.5,SUBE
55033019859281,9570592444,Hanskin Cleansing Foam & Blackhead 120ml,Hanskin,8.00,9.92,14.95,5.03,50.7,19.4,46.5,SUBE
55033019990353,699556098,ETUDE SoonJung 5.5 Cleansing Water 320ml,ETUDE,8.00,9.92,14.95,5.03,50.7,19.4,46.5,SUBE
55033020154193,8776276320,SKINFOOD Carrot Carotene Balancing Cleansing Foam 150ml,SKINFOOD,8.00,9.92,14.95,5.03,50.7,19.4,46.5,SUBE
55033020219729,3844753809,Isntree Mugwort Calming Powder Wash 1g 25ea,Isntree,8.00,9.92,14.95,5.03,50.7,19.4,46.5,SUBE
55033020514641,6383074852,iUNIK Centella Mild Cleansing Foam 120ml,iUNIK,8.00,9.92,14.95,5.03,50.7,19.4,46.5,SUBE
55033020875089,244341895,Bonajour Green Tea Deep Cleansing Water 200ml (Make-up Remover),Bonajour,8.00,9.92,14.95,5.03,50.7,19.4,46.5,SUBE
55033021071697,2501688511,NEOGEN DERMALOGY Real Fresh Foam Heartleaf 160g,NEOGEN,8.00,9.92,14.95,5.03,50.7,19.4,46.5,SUBE
55033021170001,754070887,[NATURE REPUBLIC] California Aloe Vera Cleansing Tissue (1+1),NATURE REPUBLIC,8.00,9.92,14.95,5.03,50.7,19.4,46.5,SUBE
55033021628753,4407846566,daymellow Amazon Belief Deep Clay Cleansing Foam 150ml,daymellow,8.00,9.92,14.95,5.03,50.7,19.4,46.5,SUBE
55033021825361,5557232235,NEOGEN DERMALOGY Poreraser Clear BHA Pad 160ml(90 Pads),NEOGEN,8.00,9.92,14.95,5.03,50.7,19.4,46.5,SUBE
55033022185809,2501688511,NEOGEN Real Fresh Foam Cleanser Green Tea 160g,NEOGEN,8.00,9.92,14.95,5.03,50.7,19.4,46.5,SUBE
55033023005009,2501688511,NEOGEN Real Fresh Foam Cleanser 160g #Cranberry,NEOGEN,8.00,9.92,14.95,5.03,50.7,19.4,46.5,SUBE
55033023463761,2501688511,NEOGEN Real Fresh Foam Cleanser 160g #Blueberry,NEOGEN,8.00,9.92,14.95,5.03,50.7,19.4,46.5,SUBE
55033023791441,2745217577,NEOGEN Calming Cica Tree Micellar Cleansing Foam 200ml,NEOGEN,8.00,9.92,14.95,5.03,50.7,19.4,46.5,SUBE
55033024053585,5759711053,acwell pH Balancing Bubble Free Cleansing Gel 160ml,acwell,8.00,9.92,14.95,5.03,50.7,19.4,46.5,SUBE
55033024217425,4624596196,CNP Hydro Cera Perfect Barrier Cera Cleanser 120ml,CNP,8.00,9.92,14.95,5.03,50.7,19.4,46.5,SUBE
55033024282961,512201002,[THANK YOU FARMER] Back to Iceland Cleansing Foam 120ml,THANK YOU FARMER,8.00,9.92,14.95,5.03,50.7,19.4,46.5,SUBE
55033024348497,8644298104,THE FACE SHOP RICE WATER BRIGHT Cleansing Cream 400ml,THE FACE SHOP,8.00,9.92,14.95,5.03,50.7,19.4,46.5,SUBE
55033024414033,5759939112,acwell pH Balancing Soothing Cleansing Foam 150ml,acwell,8.00,9.92,14.95,5.03,50.7,19.4,46.5,SUBE
55033024512337,5157910153,NEOGEN Dermalogy Carrot Deep Clear Remover Oil Pad 60 Sheets,NEOGEN,8.00,9.92,14.95,5.03,50.7,19.4,46.5,SUBE
55033024577873,3922765720,TONYMOLY Intense Care Gold 24k Snail Foam Cleanser 150ml,TONYMOLY,8.00,9.92,14.95,5.03,50.7,19.4,46.5,SUBE
55033036243281,4904520458,PAUL MEDISON Deep-red All In One Foam Cleansing 510ml,PAUL MEDISON,8.00,9.92,14.95,5.03,50.7,19.4,46.5,SUBE
55033036407121,10792905184,PAUL MEDISON Deep Perfume Body Wash 1077ml #Fruity Floral,PAUL MEDISON,8.00,9.92,14.95,5.03,50.7,19.4,46.5,SUBE
55033039389009,8751786509,Isntree Yam Root Vegan Milk Cleanser (REFILL) 100ml,Isntree,8.00,9.92,14.95,5.03,50.7,19.4,46.5,SUBE
55033048727889,9237429096,TONYMOLY The Chok Chok Green Tea Lemon Mild Cleansing Foam 150ml,TONYMOLY,8.00,9.92,14.95,5.03,50.7,19.4,46.5,SUBE
55033053151569,3948362138,TONYMOLY Wonder Apricot Deep Cleansing Oil 190ml,TONYMOLY,8.00,9.92,14.95,5.03,50.7,19.4,46.5,SUBE
55033055150417,10869314155,DERMATORY Pro Trouble Acne Cleansing Foam 150ml,DERMATORY,8.00,9.92,14.95,5.03,50.7,19.4,46.5,SUBE
55033057018193,10347746776,Innisfree Green Barley Mild Peeling Gel 120ml,innisfree,8.00,9.92,14.95,5.03,50.7,19.4,46.5,SUBE
55033058558289,9626934480,innisfree Olive Vitamin E Real Cleansing Foam 150g,innisfree,8.00,9.92,14.95,5.03,50.7,19.4,46.5,SUBE
55033107349841,Elizavecca591,Elizavecca 24K Gold Snail Foam Cleansing 180ml,Elizavecca,8.00,9.92,14.95,5.03,50.7,19.4,46.5,SUBE
55033107415377,Elizavecca990,Elizavecca Clean Piggy Pink Energy Foam Cleansing 120ml,Elizavecca,8.00,9.92,14.95,5.03,50.7,19.4,46.5,SUBE
55033112625489,2823301035,[Pyunkang Yul] Cleansing Foam 150ml,Pyunkang Yul,8.00,9.92,14.95,5.03,50.7,19.4,46.5,SUBE
55033112953169,6735829308,[Pyunkang Yul] Calming Acne Cleansing Foam 100ml,Pyunkang Yul,8.00,9.92,14.95,5.03,50.7,19.4,46.5,SUBE
55033113870673,6022466637,[Pyunkang Yul] Low pH Feminine Wash 500ml,Pyunkang Yul,8.00,9.92,14.95,5.03,50.7,19.4,46.5,SUBE
55033114100049,5212378112,[Pyunkang Yul] Peeling Gel 100ml,Pyunkang Yul,8.00,9.92,14.95,5.03,50.7,19.4,46.5,SUBE
55033114755409,5441560548,EUNYUL Cloud Cleansing Pad 70P/170ml,EUNYUL,8.00,9.92,14.95,5.03,50.7,19.4,46.5,SUBE
55033118163281,4706905076,EUNYUL YELLOW SEED THERAPY Vital Foam Cleanser 500ml,EUNYUL,8.00,9.92,14.95,5.03,50.7,19.4,46.5,SUBE
55033118622033,2365048516,EUNYUL Clean & Fresh Ultra Firming Foam Cleanser 150ml,EUNYUL,8.00,9.92,14.95,5.03,50.7,19.4,46.5,SUBE
55033119375697,10284280204,belif Super Knights Pore Firming Vegan Pack Cleanser 150ml,belif,8.00,9.92,14.95,5.03,50.7,19.4,46.5,SUBE
55033121603921,4705284887,Dr.Ceuracle AC Care Solution Pink Gel 50ml,Dr.Ceuracle,8.00,9.92,14.95,5.03,50.7,19.4,46.5,SUBE
55033122193745,10178875909,[THE LAB by BLANC DOUX] Green Flavonoid Pore Gel Cleanser 120ml,THE LAB by BLANC DOUX,8.00,9.92,14.95,5.03,50.7,19.4,46.5,SUBE
55033123078481,10452410761,AROMATICA Zesty Hand Soap Grapefruit & Tangerine 300ml (Refill),AROMATICA,8.00,9.92,14.95,5.03,50.7,19.4,46.5,SUBE
55033127960913,4598221411,NEOGEN Dermalogy Real Polish - Royal Honey & Sugar Scrub 100g,NEOGEN,8.00,9.92,14.95,5.03,50.7,19.4,46.5,SUBE
55033128681809,10859995118,MISSHA Super Panthenol Bubble Cleanser (Oil Control) 200ml,MISSHA,8.00,9.92,14.95,5.03,50.7,19.4,46.5,SUBE
55033128976721,10859995002,MISSHA Super Panthenol Bubble Cleanser (Sensitive) 200ml,MISSHA,8.00,9.92,14.95,5.03,50.7,19.4,46.5,SUBE
55033129173329,10097212920,MISSHA Vita C Plus All In One Pack Foam Cleanser 200ml,MISSHA,8.00,9.92,14.95,5.03,50.7,19.4,46.5,SUBE
55033129566545,10212448398,SKINFOOD Acorn Pore Peptide Cleansing Foam 150ml,SKINFOOD,8.00,9.92,14.95,5.03,50.7,19.4,46.5,SUBE
55033133171025,651403116,SKINFOOD Egg White Perfect Pore Cleansing Oil 200ml,SKINFOOD,8.00,9.92,14.95,5.03,50.7,19.4,46.5,SUBE
55033140478289,10496617128,A'pieu Pore King Minji Trouble Cleansing Foam 200ml,A'pieu,8.00,9.92,14.95,5.03,50.7,19.4,46.5,SUBE
55033143755089,12053238810,Dr.Belmeur AHA PHA Sebum Control Gel Cleanser 100ml,Dr.Belmeur,8.00,9.92,14.95,5.03,50.7,19.4,46.5,SUBE
55033144541521,11890683191,[NATURE REPUBLIC] Simple Off Niacinamide Melting Cleansing Balm 80ml,NATURE REPUBLIC,8.00,9.92,14.95,5.03,50.7,19.4,46.5,SUBE
55033144836433,5476851390,[NATURE REPUBLIC] Vitapair C Vitamin Peeling Gel 120ml,NATURE REPUBLIC,8.00,9.92,14.95,5.03,50.7,19.4,46.5,SUBE
55033145917777,339390360,[NATURE REPUBLIC] Forest Garden Chamomile Cleansing Oil 200ml,NATURE REPUBLIC,8.00,9.92,14.95,5.03,50.7,19.4,46.5,SUBE
55033146048849,7613516711,ROVECTIN Pore Care Tightening Cleansing Foam 150ml,ROVECTIN,8.00,9.92,14.95,5.03,50.7,19.4,46.5,SUBE
55033146835281,10480799201,Shingmulnara Jeju Sparkling Water Pore Deep Cleansing Foam 120ml+120ml,Shingmulnara,8.00,9.92,14.95,5.03,50.7,19.4,46.5,SUBE
55033147064657,11609075471,Shingmulnara Cleansing Oil 200ml (2type),Shingmulnara,8.00,9.92,14.95,5.03,50.7,19.4,46.5,SUBE
55033147097425,11609075471,Shingmulnara Cleansing Oil 200ml (2type),Shingmulnara,8.00,9.92,14.95,5.03,50.7,19.4,46.5,SUBE
55033147261265,10336758479,Shingmulnara Jeju Sparkling Water Pore Deep Cleansing Oil 200ml,Shingmulnara,8.00,9.92,14.95,5.03,50.7,19.4,46.5,SUBE
55033147359569,10480837543,Shingmulnara White Rice Bright Cleansing Foam 120ml+120ml,Shingmulnara,8.00,9.92,14.95,5.03,50.7,19.4,46.5,SUBE
55033147621713,5944388324,ongredients Jeju Cica Cleansing Ball 110g,ongredients,8.00,9.92,14.95,5.03,50.7,19.4,46.5,SUBE
55033147982161,5817739253,ongredients Jeju Green Tea Cleansing Ball 110g,ongredients,8.00,9.92,14.95,5.03,50.7,19.4,46.5,SUBE
55033148047697,5944359959,ongredients Butterfly Pea Cleansing Ball 110g,ongredients,8.00,9.92,14.95,5.03,50.7,19.4,46.5,SUBE
55033151816017,9841612852,Hanskin Cleansing Pad & Blackhead 200ml/70ea,Hanskin,8.00,9.92,14.95,5.03,50.7,19.4,46.5,SUBE
55033156043089,13341802449,[MANYO FACTORY] Pure Soybean Cleansing Foam 120ml,Manyo Factory,8.00,9.92,14.95,5.03,50.7,19.4,46.5,SUBE
55033161056593,10792930302,PAUL MEDISON Deep Perfume Treatment 1077ml #Fruity Floral,PAUL MEDISON,8.00,9.92,14.95,5.03,50.7,19.4,46.5,SUBE
55033161154897,10792916008,PAUL MEDISON Deep Perfume Shampoo 1077ml #Fruity Floral,PAUL MEDISON,8.00,9.92,14.95,5.03,50.7,19.4,46.5,SUBE
55033162596689,5204305573,PAUL MEDISON Nutri Treatment 1077ml #White Musk,PAUL MEDISON,8.00,9.92,14.95,5.03,50.7,19.4,46.5,SUBE
55033162694993,5175970017,PAUL MEDISON Nutri Treatment 1077ml #Baby Powder,PAUL MEDISON,8.00,9.92,14.95,5.03,50.7,19.4,46.5,SUBE
55033163186513,6986493340,KUNDAL HONEY & MACADAMIA Nature Shampoo (Refill) 400ml #CHERRY BLOSSOM,KUNDAL,8.00,9.92,14.95,5.03,50.7,19.4,46.5,SUBE
55033164104017,6986499623,KUNDAL HONEY & MACADAMIA Nature Shampoo (Refill) 400ml #YLANG YLANG,KUNDAL,8.00,9.92,14.95,5.03,50.7,19.4,46.5,SUBE
55033166233937,Elizavecca517,Elizavecca CER-100 Collagen Coating Protein Ion Injection 50ml,Elizavecca,8.00,9.92,14.95,5.03,50.7,19.4,46.5,SUBE
55033167151441,5440672176,[Pyunkang Yul] Low pH Scalp Treatment 500ml,Pyunkang Yul,8.00,9.92,14.95,5.03,50.7,19.4,46.5,SUBE
55033167774033,9534622500,AROMATICA Rosemary Scalp Scaling Shampoo 180ml,AROMATICA,8.00,9.92,14.95,5.03,50.7,19.4,46.5,SUBE
55033170821457,8628299030,Dr.G Doopi Lab Cool Salt Long-lasting Cooling Tonic 100ml,Dr.G,8.00,9.92,14.95,5.03,50.7,19.4,46.5,SUBE
55033180520785,10128716061,[mise en scene] Perfect Serum Original Shampoo 900ml,mise en scene,8.00,9.92,14.95,5.03,50.7,19.4,46.5,SUBE
55033181339985,5510484287,[mise en scene] Damage Care Red Protein Shampoo 1000ml,mise en scene,8.00,9.92,14.95,5.03,50.7,19.4,46.5,SUBE
55033181733201,5510484287,[mise en scene] Volume Care Purple Collagen Shampoo 1000ml,mise en scene,8.00,9.92,14.95,5.03,50.7,19.4,46.5,SUBE
55033182650705,758621788,[NATURE REPUBLIC] Argan Essential Deep Care Conditioner 300ml,NATURE REPUBLIC,8.00,9.92,14.95,5.03,50.7,19.4,46.5,SUBE
55033182945617,3903407485,[NATURE REPUBLIC] Argan Essential Deep Care Essence 80ml,NATURE REPUBLIC,8.00,9.92,14.95,5.03,50.7,19.4,46.5,SUBE
55033184649553,366799172,[NATURE REPUBLIC] Argan Essential Curling Essence 100ml,NATURE REPUBLIC,8.00,9.92,14.95,5.03,50.7,19.4,46.5,SUBE
55033184846161,9579975745,Kerasys Damage Clinic Protein Treatment 1L,Kerasys,8.00,9.92,14.95,5.03,50.7,19.4,46.5,SUBE
55033189171537,5460779291,Kerasys Tea Tree Oil Conditioner 1L,Kerasys,8.00,9.92,14.95,5.03,50.7,19.4,46.5,SUBE
55033189368145,5455895886-2,Kerasys Devil’s Perfume Conditioner 1L,Kerasys,8.00,9.92,14.95,5.03,50.7,19.4,46.5,SUBE
55033189400913,5455895886-4,Kerasys Devil’s Perfume Conditioner 1L,Kerasys,8.00,9.92,14.95,5.03,50.7,19.4,46.5,SUBE
55033189630289,5455895886-1,Kerasys Devil’s Perfume Shampoo 1L,Kerasys,8.00,9.92,14.95,5.03,50.7,19.4,46.5,SUBE
55033189663057,5455895886-3,Kerasys Devil’s Perfume Shampoo 1L,Kerasys,8.00,9.92,14.95,5.03,50.7,19.4,46.5,SUBE
55033191825745,6942896057,OBgE Multi Texture Curl Cream 150ml,OBgE,8.00,9.92,14.95,5.03,50.7,19.4,46.5,SUBE
55033192022353,7715267205,OBgE Style Setting Fixer 150ml,OBgE,8.00,9.92,14.95,5.03,50.7,19.4,46.5,SUBE
55033195954513,a69754,[mise en scene] Perfect Serum Hydrating Shampoo 680ml,mise en scene,8.00,9.92,14.95,5.03,50.7,19.4,46.5,SUBE
55033196118353,a69755,[mise en scene] Perfect Serum Hydrating Conditioner 680ml,mise en scene,8.00,9.92,14.95,5.03,50.7,19.4,46.5,SUBE
55033197986129,5176285494,LADOR Herbalism Shampoo 150ml,LADOR,8.00,9.92,14.95,5.03,50.7,19.4,46.5,SUBE
55033198772561,112548280,[Good Feel] Organic Cotton Cover with Wings (Medium) 36 pcs,Good Feel,8.00,9.92,14.95,5.03,50.7,19.4,46.5,SUBE
55033199755601,12043925407,[NATURE REPUBLIC] Essential Body Pure Feminine Wash 200ml,NATURE REPUBLIC,8.00,9.92,14.95,5.03,50.7,19.4,46.5,SUBE
55033627083089,20638652162,Rucipello CORAL REEF 1450 BLUE Toothpaste 120g,Rucipello,8.00,9.92,14.95,5.03,50.7,19.4,46.5,SUBE
55033628950865,1217613261,Rucipello WHITE PEARL OCEAN TOOTHPASTE 100g,Rucipello,8.00,9.92,14.95,5.03,50.7,19.4,46.5,SUBE
55033630228817,7944503510,AVCA Stick-Type Oral Mouthwash Fresh Mint 10ml X 50ea,AVCA,8.00,9.92,14.95,5.03,50.7,19.4,46.5,SUBE
55026960761169,9171280096,DASHU Men’s Oil Cut No-Sebum Powder 5g,DASHU,7.00,8.68,12.95,4.27,49.2,19.4,45.9,SUBE
55027006931281,7420897353,OBgE Cloud Deep Cleansing Foam 150ml,OBgE,7.00,8.68,12.95,4.27,49.2,19.4,45.9,SUBE
55027017253201,4931183717,PAUL MEDISON Deep-Red Keratin Care Foot Cream 510ml,PAUL MEDISON,7.00,8.68,12.95,4.27,49.2,19.4,45.9,SUBE
55027020071249,4958016248,PAUL MEDISON Deep-red Foot Shampoo 510ml,PAUL MEDISON,7.00,8.68,12.95,4.27,49.2,19.4,45.9,SUBE
55027157631313,5508936587,Dr.Jart+ Every Sun Day Moisturizing Sun 30ml,Dr.Jart+,7.00,8.68,12.95,4.27,49.2,19.4,45.9,SUBE
55027179716945,8376788587,It'S SKIN Power 10 Formula VC Tone Up Sun Cream 45ml,It'S SKIN,7.00,8.68,12.95,4.27,49.2,19.4,45.9,SUBE
55027187319121,5046565537,SKINFOOD Tomato Tone Up Sun Cream 50ml,SKINFOOD,7.00,8.68,12.95,4.27,49.2,19.4,45.9,SUBE
55027196854609,5700999840-001,"rom&nd ZERO SUN CLEAN 50ml, SPF 50+, PA++++",rom&nd,7.00,8.68,12.95,4.27,49.2,19.4,45.9,SUBE
55027196887377,5700999840-002,"rom&nd ZERO SUN CLEAN 50ml, SPF 50+, PA++++",rom&nd,7.00,8.68,12.95,4.27,49.2,19.4,45.9,SUBE
55027202687313,282667995,ETUDE Sunprise Mild Watery Light SPF50+ PA++++ 50ml,ETUDE,7.00,8.68,12.95,4.27,49.2,19.4,45.9,SUBE
55027236667729,6383454994,DEWYTREE Urban Shade Cool Calming Sun Stick SPF50+ PA++++ 20g,DEWYTREE,7.00,8.68,12.95,4.27,49.2,19.4,45.9,SUBE
55027238764881,4966528751,PAUL MEDISON DEEP-RED SUN CREAM 60ml SPF50 PA+++,PAUL MEDISON,7.00,8.68,12.95,4.27,49.2,19.4,45.9,SUBE
55028046758225,6532027854,TONYMOLY UV Master Perfecting Sun Block 50ml SPF50+ PA+++,TONYMOLY,7.00,8.68,12.95,4.27,49.2,19.4,45.9,SUBE
55028052722001,10560632731,[MACQUEEN New York] UV Daily Sun Cream Travel Kit SPF50+ PA+++ (Base 30ml+Matt 3,MACQUEEN New York,7.00,8.68,12.95,4.27,49.2,19.4,45.9,SUBE
55028065337681,8951830883,Dr.Belmeur UV Derma Tone Up Sun Cream SPF50+ PA++++ 50ml,Dr.Belmeur,7.00,8.68,12.95,4.27,49.2,19.4,45.9,SUBE
55028065435985,10353455303,Dr.Belmeur UV Derma Cica Moisture Sun Cream SPF50+ PA++++ 50ml,Dr.Belmeur,7.00,8.68,12.95,4.27,49.2,19.4,45.9,SUBE
55028080083281,7824546380,THE FACE SHOP Perfume Seed Velvet Body Milk 300ml,THE FACE SHOP,7.00,8.68,12.95,4.27,49.2,19.4,45.9,SUBE
55028080148817,7506829898,The Face Shop Perfume Seed Rich Body Milk 300ml,THE FACE SHOP,7.00,8.68,12.95,4.27,49.2,19.4,45.9,SUBE
55028100956497,9794176718,[NATURE REPUBLIC] Green Derma Tea Tree Cica Acne Body Wash 300ml,NATURE REPUBLIC,7.00,8.68,12.95,4.27,49.2,19.4,45.9,SUBE
55028101906769,10336785319,Shingmulnara Sea Salt Cooling Scrub Body Wash 200ml,Shingmulnara,7.00,8.68,12.95,4.27,49.2,19.4,45.9,SUBE
55028111769937,8709771518,TONYMOLY Peach Hand Cream 30g,TONYMOLY,7.00,8.68,12.95,4.27,49.2,19.4,45.9,SUBE
55028120518993,6276057950,One-day's you Cica:ming Lip Balm 10ml,One-day's you,7.00,8.68,12.95,4.27,49.2,19.4,45.9,SUBE
55028123402577,8565525297,[MACQUEEN New York] Volume Fix Essential Lip Oil 3ml (1+1),MACQUEEN New York,7.00,8.68,12.95,4.27,49.2,19.4,45.9,SUBE
55028130480465,9979475572,PETITFEE Aura Quartz Lip Mask 6.4g X 3ea,PETITFEE,7.00,8.68,12.95,4.27,49.2,19.4,45.9,SUBE
55028155187537,136216656,PETITFEE Gold Hydrogel Eye Patch (1.4g X 60 Patches),PETITFEE,7.00,8.68,12.95,4.27,49.2,19.4,45.9,SUBE
55028159152465,3227142152,EUNYUL Premium Eye Cream 40g,EUNYUL,7.00,8.68,12.95,4.27,49.2,19.4,45.9,SUBE
55028161708369,11328617377,SKINFOOD Salmon PDRN Eyelash Serum 7.6g,SKINFOOD,7.00,8.68,12.95,4.27,49.2,19.4,45.9,SUBE
55028996309329,10511974774,Hanskin 7 Layer Ceramide Cream Toner 500ml,Hanskin,7.00,8.68,12.95,4.27,49.2,19.4,45.9,SUBE
55028996538705,5376807597,AHC Vital Golden Collagen Toner 140ml,AHC,7.00,8.68,12.95,4.27,49.2,19.4,45.9,SUBE
55028996735313,11292815303,AHC Vital Golden Collagen Cream 50g,AHC,7.00,8.68,12.95,4.27,49.2,19.4,45.9,SUBE
55028996964689,12116669261,MEDIPEEL Bio Intense Glutathione White Emulsion 30ml,MEDIPEEL,7.00,8.68,12.95,4.27,49.2,19.4,45.9,SUBE
55028997226833,12116681247,MEDIPEEL Peptide Tox Bor Toner 30ml,MEDIPEEL,7.00,8.68,12.95,4.27,49.2,19.4,45.9,SUBE
55028997521745,4754224836,A'pieu Hamamelis Cream 50ml,A'pieu,7.00,8.68,12.95,4.27,49.2,19.4,45.9,SUBE
55028998439249,8821149359,A'pieu Madecassoside Tetrasome CICA Cream 50ml,A'pieu,7.00,8.68,12.95,4.27,49.2,19.4,45.9,SUBE
55028998635857,11636118621,SUNGBOON EDITOR Youngran White Mushroom Collagen Lifting Facegloss 30ml,SUNGBOON EDITOR,7.00,8.68,12.95,4.27,49.2,19.4,45.9,SUBE
55028999356753,4357530364,SKINFOOD Royal Honey Moisture Cream 100ml,SKINFOOD,7.00,8.68,12.95,4.27,49.2,19.4,45.9,SUBE
55028999422289,10897443101,SKINFOOD Shine Muscat Cica BHA Toner Pad 125g/40ea (Refill),SKINFOOD,7.00,8.68,12.95,4.27,49.2,19.4,45.9,SUBE
55029000110417,11750729038,SKINFOOD Rice Brightening Pad 135g/30Pads [Refill],SKINFOOD,7.00,8.68,12.95,4.27,49.2,19.4,45.9,SUBE
55029000667473,10169380978,PAUL MEDISON STEM CELL ALL IN ONE INTENSIVE ELASTICITY CREAM 100ml,PAUL MEDISON,7.00,8.68,12.95,4.27,49.2,19.4,45.9,SUBE
55029001257297,5626037249,EUNYUL Aloe Vera Soothing Gel 95% 300ml,EUNYUL,7.00,8.68,12.95,4.27,49.2,19.4,45.9,SUBE
55029007647057,3227104137,EUNYUL Premium Lotion 200ml,EUNYUL,7.00,8.68,12.95,4.27,49.2,19.4,45.9,SUBE
55029018624337,10169328163,PAUL MEDISON STEM CELL ALL IN ONE HIGH MOISTURIZING CREAM 100ml,PAUL MEDISON,7.00,8.68,12.95,4.27,49.2,19.4,45.9,SUBE
55029020262737,10169347854,PAUL MEDISON STEM CELL ALL IN ONE CICA CALMING CREAM 100ml,PAUL MEDISON,7.00,8.68,12.95,4.27,49.2,19.4,45.9,SUBE
55029021802833,332926088,AHC Herb Solution Lemon Toner 500ml,AHC,7.00,8.68,12.95,4.27,49.2,19.4,45.9,SUBE
55029024293201,6186612550,[ONE THING] Carrot Root Extract 150ml,ONE THING,7.00,8.68,12.95,4.27,49.2,19.4,45.9,SUBE
55029027242321,8435424675,It'S SKIN Power 10 Formula PO Toner PORE MASTER 200ml,It'S SKIN,7.00,8.68,12.95,4.27,49.2,19.4,45.9,SUBE
55029028454737,5819741974,It'S SKIN [NEW] Power 10 Formula YE Effector 30ml,It'S SKIN,7.00,8.68,12.95,4.27,49.2,19.4,45.9,SUBE
55029029175633,5819741184,It'S SKIN [NEW] Power 10 Formula VE Effector 30ml,It'S SKIN,7.00,8.68,12.95,4.27,49.2,19.4,45.9,SUBE
55029030125905,5819742295,It'S SKIN [NEW] Power 10 Formula VC Effector 30ml,It'S SKIN,7.00,8.68,12.95,4.27,49.2,19.4,45.9,SUBE
55029033664849,5819742445,It'S SKIN [NEW] Power 10 Formula PO Effector 30ml,It'S SKIN,7.00,8.68,12.95,4.27,49.2,19.4,45.9,SUBE
55029039366481,2805034947,daymellow Gold Aloe Soothing Gel 300g,daymellow,7.00,8.68,12.95,4.27,49.2,19.4,45.9,SUBE
55029040546129,8676272024,THE FACE SHOP Calendula Essential Moisture Cream 50ml,THE FACE SHOP,7.00,8.68,12.95,4.27,49.2,19.4,45.9,SUBE
55029042184529,8952201221,Dr.Belmeur Clean Face Mild Lotion 145ml,Dr.Belmeur,7.00,8.68,12.95,4.27,49.2,19.4,45.9,SUBE
55029044478289,2057100052,Isntree C-Niacin Toning Ampoule 50ml,Isntree,7.00,8.68,12.95,4.27,49.2,19.4,45.9,SUBE
55029048541521,451708368,Isntree Hyaluronic Acid Aqua Gel Cream 100ml,Isntree,7.00,8.68,12.95,4.27,49.2,19.4,45.9,SUBE
55029051228497,5025536712,CNP Anti-Blemish Spot Patch 12Patch x 5ea,CNP,7.00,8.68,12.95,4.27,49.2,19.4,45.9,SUBE
55029052801361,4326893299,[ONE THING] Centella Asiatica Extract Toner 150ml,ONE THING,7.00,8.68,12.95,4.27,49.2,19.4,45.9,SUBE
55029192458577,11900776488,belif Super Drops Multi-7 Hyaluronic Frozen Serum 3ml X 6ea,belif,7.00,8.68,12.95,4.27,49.2,19.4,45.9,SUBE
55029256454481,3331105806,TIAM Centella Blending Powder 10g,TIAM,7.00,8.68,12.95,4.27,49.2,19.4,45.9,SUBE
55029257666897,3337267705,TIAM Vitamin Blending Powder 10g,TIAM,7.00,8.68,12.95,4.27,49.2,19.4,45.9,SUBE
55029360099665,4966554948,PAUL MEDISON Deep-red Sleeping Pack 211ml,PAUL MEDISON,7.00,8.68,12.95,4.27,49.2,19.4,45.9,SUBE
55029361836369,2542072469,DEWYTREE PICK & QUICK Hydrating Mask 30ea,DEWYTREE,7.00,8.68,12.95,4.27,49.2,19.4,45.9,SUBE
55029362590033,4900115274,PAUL MEDISON Deep Red Pore Peel Off Pack 155ml,PAUL MEDISON,7.00,8.68,12.95,4.27,49.2,19.4,45.9,SUBE
55029363638609,9887679208,goodal Black Carrot Vita-A Retinol Lifting Gel Sheet Mask 4P,goodal,7.00,8.68,12.95,4.27,49.2,19.4,45.9,SUBE
55029364785489,4922160541,SKINFOOD Pear Mint Food Mask 120g,SKINFOOD,7.00,8.68,12.95,4.27,49.2,19.4,45.9,SUBE
55029366227281,2951688101,daymellow Jade Aqua TTM Mask 27ml X 10ea,daymellow,7.00,8.68,12.95,4.27,49.2,19.4,45.9,SUBE
55029366587729,2952012279,daymellow Gold Recovery TTM Mask 27ml X 10ea,daymellow,7.00,8.68,12.95,4.27,49.2,19.4,45.9,SUBE
55029368160593,1011935,LEADERS MEDIU AMINO MOISTURE MASK Sheet 25ml x 10ea,LEADERS,7.00,8.68,12.95,4.27,49.2,19.4,45.9,SUBE
55029369831761,6363642296,goodal Green Tangerine Vita C Dark Spot Serum Sheet Mask (5EA),goodal,7.00,8.68,12.95,4.27,49.2,19.4,45.9,SUBE
55029373632849,3613579179,Isntree MUGWORT CALMING CLAY MASK 100ml,Isntree,7.00,8.68,12.95,4.27,49.2,19.4,45.9,SUBE
55029374583121,3413545976,Isntree Real Rose Calming Mask 100ml,Isntree,7.00,8.68,12.95,4.27,49.2,19.4,45.9,SUBE
55029376287057,2470892,[all NATURAL] Organic Mask Sheet Houttuynia Cordata 25ml x 5ea,all NATURAL,7.00,8.68,12.95,4.27,49.2,19.4,45.9,SUBE
55029376713041,6630659066,Dr.Jart+ DERMASK WATER JET SOOTHING HYDRA SOLUTION 25g x 5ea,Dr.Jart+,7.00,8.68,12.95,4.27,49.2,19.4,45.9,SUBE
55029465252177,372542586,SKINFOOD Rice Mask Wash Off 120g,SKINFOOD,7.00,8.68,12.95,4.27,49.2,19.4,45.9,SUBE
55029468332369,9088620741,EUNYUL Purity Facial Sheet Mask Pack Set 22ml*10ea (8-types),EUNYUL,7.00,8.68,12.95,4.27,49.2,19.4,45.9,SUBE
55029468365137,9088620741,EUNYUL Purity Facial Sheet Mask Pack Set 22ml*10ea (8-types),EUNYUL,7.00,8.68,12.95,4.27,49.2,19.4,45.9,SUBE
55029468397905,9088620741,EUNYUL Purity Facial Sheet Mask Pack Set 22ml*10ea (8-types),EUNYUL,7.00,8.68,12.95,4.27,49.2,19.4,45.9,SUBE
55029468430673,9088620741,EUNYUL Purity Facial Sheet Mask Pack Set 22ml*10ea (8-types),EUNYUL,7.00,8.68,12.95,4.27,49.2,19.4,45.9,SUBE
55029468463441,9088620741,EUNYUL Purity Facial Sheet Mask Pack Set 22ml*10ea (8-types),EUNYUL,7.00,8.68,12.95,4.27,49.2,19.4,45.9,SUBE
55029468496209,9088620741,EUNYUL Purity Facial Sheet Mask Pack Set 22ml*10ea (8-types),EUNYUL,7.00,8.68,12.95,4.27,49.2,19.4,45.9,SUBE
55029468528977,9088620741,EUNYUL Purity Facial Sheet Mask Pack Set 22ml*10ea (8-types),EUNYUL,7.00,8.68,12.95,4.27,49.2,19.4,45.9,SUBE
55029468561745,9088620741,EUNYUL Purity Facial Sheet Mask Pack Set 22ml*10ea (8-types),EUNYUL,7.00,8.68,12.95,4.27,49.2,19.4,45.9,SUBE
55029496217937,7061225164,NEOGEN Dermalogy Real Heartleaf Soothing Mask 37g X 5ea,NEOGEN,7.00,8.68,12.95,4.27,49.2,19.4,45.9,SUBE
55029497889105,6826493306,MISSHA Time Revolution The First Essence Mask 30g X 5ea,MISSHA,7.00,8.68,12.95,4.27,49.2,19.4,45.9,SUBE
55029498151249,6826493320,MISSHA Super Aqua Ampoule Mask 28g X 5ea,MISSHA,7.00,8.68,12.95,4.27,49.2,19.4,45.9,SUBE
55029498478929,6826469062,MISSHA Bee Pollen Ampoule Mask 30g X 5ea,MISSHA,7.00,8.68,12.95,4.27,49.2,19.4,45.9,SUBE
55029499167057,6826469196,MISSHA Artemisia Ampoule Mask 27g X 5ea,MISSHA,7.00,8.68,12.95,4.27,49.2,19.4,45.9,SUBE
55029499724113,6826469183,MISSHA Vita C Plus Ampoule Mask 27g X 5ea,MISSHA,7.00,8.68,12.95,4.27,49.2,19.4,45.9,SUBE
55029506179409,10125016062,SKINFOOD Potato Madecassoside Soothing Pad 135g/30ea (Refill),SKINFOOD,7.00,8.68,12.95,4.27,49.2,19.4,45.9,SUBE
55029506539857,10212497787,SKINFOOD Potato Food Mask 120g,SKINFOOD,7.00,8.68,12.95,4.27,49.2,19.4,45.9,SUBE
55029518631249,11356644529,[Cell Fusion C] Cica Cooling Mask 27g X 5ea,Cell Fusion C,7.00,8.68,12.95,4.27,49.2,19.4,45.9,SUBE
55032533909841,12386077641,Shingmulnara Young Green Tea Watery Calming Sheet Mask 20g X 10ea,Shingmulnara,7.00,8.68,12.95,4.27,49.2,19.4,45.9,SUBE
55032534991185,12386074148,Shingmulnara White Rice Bright Tone Sheet Mask 20g X 10ea,Shingmulnara,7.00,8.68,12.95,4.27,49.2,19.4,45.9,SUBE
55032540758353,12109938410,MEDIHEAL V.T.R Stretching Patch 23ml X 4ea,MEDIHEAL,7.00,8.68,12.95,4.27,49.2,19.4,45.9,SUBE
55032552063313,12166643692,Hanskin Vital 40 Layering Ampoule Mask 21g X 10ea,Hanskin,7.00,8.68,12.95,4.27,49.2,19.4,45.9,SUBE
55032553374033,Elizavecca498,Elizavecca Milky Piggy Carbonated Bubble Clay Mask 100g,Elizavecca,7.00,8.68,12.95,4.27,49.2,19.4,45.9,SUBE
55033024741713,10385158580,Dr.Belmeur Amino Clear pH-Balanced Foaming Gel Cleanser 190ml,Dr.Belmeur,7.00,8.68,12.95,4.27,49.2,19.4,45.9,SUBE
55033026019665,10385362927,Dr.Belmeur Amino Clear Peeling Gel 130ml,Dr.Belmeur,7.00,8.68,12.95,4.27,49.2,19.4,45.9,SUBE
55033026117969,10325565337,THE FACE SHOP RICE WATER BRIGHT FACIAL FOAMING CLEANSER 150ml (Dragons Edition),THE FACE SHOP,7.00,8.68,12.95,4.27,49.2,19.4,45.9,SUBE
55033026347345,10385430405,THE FACE SHOP ALL CLEAR MICELLAR ALL-IN-ONE CLEANSING FOAM 150ml,THE FACE SHOP,7.00,8.68,12.95,4.27,49.2,19.4,45.9,SUBE
55033026412881,5941668275,papa recipe Eggplant Clearing Mild Cleansing Foam 120ml,papa recipe,7.00,8.68,12.95,4.27,49.2,19.4,45.9,SUBE
55033026511185,7220880597,papa recipe Tea Tree Control Cleansing Foam 120ml,papa recipe,7.00,8.68,12.95,4.27,49.2,19.4,45.9,SUBE
55033026675025,9789677767,The SAEM Derma Plan Gel To Foam Cleanser 180ml,The SAEM,7.00,8.68,12.95,4.27,49.2,19.4,45.9,SUBE
55033026773329,10273042438,Shingmulnara Jeju Sparkling Water Quick Lip & Eye Remover 150ml,Shingmulnara,7.00,8.68,12.95,4.27,49.2,19.4,45.9,SUBE
55033026937169,4529848248,AMPLE:N Purifying Shot Cream Cleanser 150ml,AMPLE:N,7.00,8.68,12.95,4.27,49.2,19.4,45.9,SUBE
55033027002705,6536974547,[so natural] Polar Clay Deep Clean Foam 150ml,so natural,7.00,8.68,12.95,4.27,49.2,19.4,45.9,SUBE
55033027068241,5825609540,ETUDE Moistfull Collagen Cleansing Foam 150ml,ETUDE,7.00,8.68,12.95,4.27,49.2,19.4,45.9,SUBE
55033027133777,6563108370,ETUDE PPOYAN Lip & Eye Remover 250ml,ETUDE,7.00,8.68,12.95,4.27,49.2,19.4,45.9,SUBE
55033027232081,9390930978,goodal Vegan Rice Milk Mask Cleanser 150ml,goodal,7.00,8.68,12.95,4.27,49.2,19.4,45.9,SUBE
55033027887441,4475911267,Donggubat The RIGHT Rinse Bar 100g,Donggubat,7.00,8.68,12.95,4.27,49.2,19.4,45.9,SUBE
55033027952977,5506300593,ROVECTIN AQUA DEEP CLEANSING WATER 400ml,ROVECTIN,7.00,8.68,12.95,4.27,49.2,19.4,45.9,SUBE
55033028084049,9143688624,innisfree Apple Seed Bubble Cleanser 150ml,innisfree,7.00,8.68,12.95,4.27,49.2,19.4,45.9,SUBE
55033028149585,8046141350,innisfree Green Tea Amino Hydrating Cleansing Water 320ml,innisfree,7.00,8.68,12.95,4.27,49.2,19.4,45.9,SUBE
55033028280657,4782327343,ETUDE SoonJung 5.5 Foam Cleanser 150ml,ETUDE,7.00,8.68,12.95,4.27,49.2,19.4,45.9,SUBE
55033028477265,371313584,SKINFOOD Black Sugar Mask Wash Off 120g,SKINFOOD,7.00,8.68,12.95,4.27,49.2,19.4,45.9,SUBE
55033028608337,5426521804,[MANYO FACTORY] ma:nyo Pure Cleansing Tissue 80 Sheets,Manyo Factory,7.00,8.68,12.95,4.27,49.2,19.4,45.9,SUBE
55033028739409,225459297,Bonajour Green Tea Foam Cleansing 150ml,Bonajour,7.00,8.68,12.95,4.27,49.2,19.4,45.9,SUBE
55033028837713,287633568,Bonajour Green Tea AHA Peeling Gel 150ml,Bonajour,7.00,8.68,12.95,4.27,49.2,19.4,45.9,SUBE
55033028936017,4754225096,A'pieu Deep Clean Foam Cleanser - Pore 130ml X 3ea,A'pieu,7.00,8.68,12.95,4.27,49.2,19.4,45.9,SUBE
55033029067089,5426354252,goodal Green Tangerine Vita C Cleansing Foam 150ml,goodal,7.00,8.68,12.95,4.27,49.2,19.4,45.9,SUBE
55033029165393,8644340270,THE FACE SHOP Rice Water Bright Mild Cleansing Water 500ml,THE FACE SHOP,7.00,8.68,12.95,4.27,49.2,19.4,45.9,SUBE
55033029296465,2253936981,heimish All Clean White Clay Foam 150g,heimish,7.00,8.68,12.95,4.27,49.2,19.4,45.9,SUBE
55033030082897,5035336999,Benton Deep Green Tea Cleansing Foam 120g,Benton,7.00,8.68,12.95,4.27,49.2,19.4,45.9,SUBE
55033049416017,3985814725,TONYMOLY Shea Butter Chok Chok Foam Cleanser 250ml,TONYMOLY,7.00,8.68,12.95,4.27,49.2,19.4,45.9,SUBE
55033112101201,4840870176,[Pyunkang yul] Ato Moisturizing Baby Soap 80gX2ea,Pyunkang Yul,7.00,8.68,12.95,4.27,49.2,19.4,45.9,SUBE
55033113674065,5182038395,[Pyunkang Yul] Low pH Cleansing Water 290ml,Pyunkang Yul,7.00,8.68,12.95,4.27,49.2,19.4,45.9,SUBE
55033125339473,6041108079,[Real Barrier] Cream Cleansing Foam 120ml,Real Barrier,7.00,8.68,12.95,4.27,49.2,19.4,45.9,SUBE
55033125699921,2009483427,[TOO COOL FOR SCHOOL] Egg-Zyme Whipped Foam 150g,TOO COOL FOR SCHOOL,7.00,8.68,12.95,4.27,49.2,19.4,45.9,SUBE
55033129730385,10212468378,SKINFOOD Pineapple BHA Peeling Cleansing Oil 200ml,SKINFOOD,7.00,8.68,12.95,4.27,49.2,19.4,45.9,SUBE
55033131008337,8482383470,Dr.G RED BLEMISH Cica Cleansing Foam 120ml,Dr.G,7.00,8.68,12.95,4.27,49.2,19.4,45.9,SUBE
55033140871505,7215419159,A'pieu Pore King Minji Cleansing Oil 150ml,A'pieu,7.00,8.68,12.95,4.27,49.2,19.4,45.9,SUBE
55033141166417,12116798027,MEDIPEEL Vegan Vitamin Collagen Clear 120ml,MEDIPEEL,7.00,8.68,12.95,4.27,49.2,19.4,45.9,SUBE
55033144607057,7191202333,[NATURE REPUBLIC] Hyathenol Hydra Foam Cleanser 150ml,NATURE REPUBLIC,7.00,8.68,12.95,4.27,49.2,19.4,45.9,SUBE
55033146507601,12448731637,Shingmulnara Jeju Sparkling Water Deep Pore Cleansing Sherbet Balm 100ml,Shingmulnara,7.00,8.68,12.95,4.27,49.2,19.4,45.9,SUBE
55033147523409,10336706235,Shingmulnara Young Green Tea Tube Cleansing Balm 100ml,Shingmulnara,7.00,8.68,12.95,4.27,49.2,19.4,45.9,SUBE
55033155879249,4346449624,TIAM Snail & Azulene Low pH Cleanser 200ml,TIAM,7.00,8.68,12.95,4.27,49.2,19.4,45.9,SUBE
55033163874641,7406504956,KUNDAL HONEY & MACADAMIA Nature Shampoo (Refill) 400ml #WHITE MUSK,KUNDAL,7.00,8.68,12.95,4.27,49.2,19.4,45.9,SUBE
55033164005713,7406498127,KUNDAL HONEY & MACADAMIA Nature Shampoo (Refill) 400ml #WHITE MUSK,KUNDAL,7.00,8.68,12.95,4.27,49.2,19.4,45.9,SUBE
55033166692689,5836655080,[Pyunkang Yul] Low pH Scalp Treatment 290ml,Pyunkang Yul,7.00,8.68,12.95,4.27,49.2,19.4,45.9,SUBE
55033167053137,5836627120,[Pyunkang Yul] Low pH Scalp Shampoo 290ml,Pyunkang Yul,7.00,8.68,12.95,4.27,49.2,19.4,45.9,SUBE
55033185239377,10740359699-2,Kerasys Oilex Tea Tree Scaling Shampoo 280ml,Kerasys,7.00,8.68,12.95,4.27,49.2,19.4,45.9,SUBE
55033185435985,10740359699-1,Kerasys Oilex Argan Ultra Repair Shampoo 280ml,Kerasys,7.00,8.68,12.95,4.27,49.2,19.4,45.9,SUBE
55033185894737,10685426813-1,Kerasys Advanced Keramide Ampoule Damage Clinic Shampoo 1L,Kerasys,7.00,8.68,12.95,4.27,49.2,19.4,45.9,SUBE
55033186386257,10685355734-1,Kerasys Advanced Keramide Ampoule Damage Clinic Treatment 1L,Kerasys,7.00,8.68,12.95,4.27,49.2,19.4,45.9,SUBE
55033188942161,5189305564,Kerasys Coconut Oil Conditioner 1L,Kerasys,7.00,8.68,12.95,4.27,49.2,19.4,45.9,SUBE
55033190580561,5189302964,Kerasys Coconut Oil Shampoo 1L,Kerasys,7.00,8.68,12.95,4.27,49.2,19.4,45.9,SUBE
55033190842705,5649502723,Kerasys Clean Note Scalp Calming Shampoo 1L,Kerasys,7.00,8.68,12.95,4.27,49.2,19.4,45.9,SUBE
55033190875473,11553985232,Kerasys Clean Note Scalp Calming Shampoo 1L,Kerasys,7.00,8.68,12.95,4.27,49.2,19.4,45.9,SUBE
55033190908241,11554042147,Kerasys Clean Note Scalp Calming Shampoo 1L,Kerasys,7.00,8.68,12.95,4.27,49.2,19.4,45.9,SUBE
55033197658449,12016380642,LADOR Perfumed Hair Shampoo 100ml (3types),LADOR,7.00,8.68,12.95,4.27,49.2,19.4,45.9,SUBE
55033197691217,12016380642,LADOR Perfumed Hair Shampoo 100ml (3types),LADOR,7.00,8.68,12.95,4.27,49.2,19.4,45.9,SUBE
55033197723985,12016380642,LADOR Perfumed Hair Shampoo 100ml (3types),LADOR,7.00,8.68,12.95,4.27,49.2,19.4,45.9,SUBE
55033201426769,6805487378,OBgE Easy Pencil Brow 0.08g (2colors),OBgE,7.00,8.68,12.95,4.27,49.2,19.4,45.9,SUBE
55033201459537,6805487378,OBgE Easy Pencil Brow 0.08g (2colors),OBgE,7.00,8.68,12.95,4.27,49.2,19.4,45.9,SUBE
55033615679825,28024945,GOONGBE Baby Face Lotion 80ml,GOONGBE,7.00,8.68,12.95,4.27,49.2,19.4,45.9,SUBE
55033623740753,9031502943,EUTHYMOL Original Toothpaste 106g,EUTHYMOL,7.00,8.68,12.95,4.27,49.2,19.4,45.9,SUBE
55033627181393,7444617417,Rucipello CORAL REEF HIGH FLUORIDE TOOTHPASTE 120g,Rucipello,7.00,8.68,12.95,4.27,49.2,19.4,45.9,SUBE
55033628033361,7704896215,Rucipello SHINY PIRUNA TOOTHPASTE 100g,Rucipello,7.00,8.68,12.95,4.27,49.2,19.4,45.9,SUBE
55033629016401,7555919377,Gagreen Stick-type Original Mouthwash 10ml X 30ea,Gagreen,7.00,8.68,12.95,4.27,49.2,19.4,45.9,SUBE
55028284195153,8051692697,Dr.G Dermoisture Barrier.D Intensive Cream 100ml,Dr.G,8.00,10.92,14.95,4.03,36.9,26.7,46.5,SUBE
55027019383121,10109244900,PAUL MEDISON Deep-red Foot Cream Green Tea 100ml,PAUL MEDISON,5.00,6.20,9.95,3.75,60.5,19.4,49.7,SUBE
55027158581585,4754226562,A'pieu Pure Block Tone-Up Sun Base SPF50+/PA+++ 50ml,A'pieu,5.00,6.20,9.95,3.75,60.5,19.4,49.7,SUBE
55027159695697,4754226558,A'pieu Pure Block Sun Cream Waterproof Sun Cream SPF50/PA+++ 50ml,A'pieu,5.00,6.20,9.95,3.75,60.5,19.4,49.7,SUBE
55027160613201,4754226556,A'pieu Pure Block Aqua Sun Gel SPF50+/PA+++ 50ml,A'pieu,5.00,6.20,9.95,3.75,60.5,19.4,49.7,SUBE
55028055802193,6510736508,MISSHA All Around Safe Block Cotton Sun SPF50+ PA++++ 50ml,MISSHA,5.00,6.20,9.95,3.75,60.5,19.4,49.7,SUBE
55028064256337,10036414476,MISSHA All-Around Safe Block Zero Vegan Sun SPF50+ PA++++ 50ml,MISSHA,5.00,6.20,9.95,3.75,60.5,19.4,49.7,SUBE
55028076446033,4900112319,SCINIC Enjoy Super Mild Sun Essence SPF50+ PA++++ 50ml,SCINIC,5.00,6.20,9.95,3.75,60.5,19.4,49.7,SUBE
55028108132689,8968093334,Dr.Belmeur Advanced Cica Recovery Hand Cream 60ml,Dr.Belmeur,5.00,6.20,9.95,3.75,60.5,19.4,49.7,SUBE
55028111343953,5051098602,KUNDAL Shea Butter & Macadamia Pure Hand Cream Aroma Edition 50ml #FRENCH LAVEND,KUNDAL,5.00,6.20,9.95,3.75,60.5,19.4,49.7,SUBE
55028111901009,11046728760,TONYMOLY Pocket Hand Cream 30ml (3-type),TONYMOLY,5.00,6.20,9.95,3.75,60.5,19.4,49.7,SUBE
55028111933777,11046728760,TONYMOLY Pocket Hand Cream 30ml (3-type),TONYMOLY,5.00,6.20,9.95,3.75,60.5,19.4,49.7,SUBE
55028111966545,11046728760,TONYMOLY Pocket Hand Cream 30ml (3-type),TONYMOLY,5.00,6.20,9.95,3.75,60.5,19.4,49.7,SUBE
55028112195921,9489766502,innisfree My Perfumed Hand Cream 30ml,innisfree,5.00,6.20,9.95,3.75,60.5,19.4,49.7,SUBE
55028112228689,9489766502,innisfree My Perfumed Hand Cream 30ml,innisfree,5.00,6.20,9.95,3.75,60.5,19.4,49.7,SUBE
55028112261457,9489766502,innisfree My Perfumed Hand Cream 30ml,innisfree,5.00,6.20,9.95,3.75,60.5,19.4,49.7,SUBE
55028112294225,9489766502,innisfree My Perfumed Hand Cream 30ml,innisfree,5.00,6.20,9.95,3.75,60.5,19.4,49.7,SUBE
55028112326993,9489766502,innisfree My Perfumed Hand Cream 30ml,innisfree,5.00,6.20,9.95,3.75,60.5,19.4,49.7,SUBE
55028112359761,9489766502,innisfree My Perfumed Hand Cream 30ml,innisfree,5.00,6.20,9.95,3.75,60.5,19.4,49.7,SUBE
55028117471569,543,Manyo Factory What A Melon Lip Serum 10ml,Manyo Factory,5.00,6.20,9.95,3.75,60.5,19.4,49.7,SUBE
55028127367505,11065515939,SKINFOOD Lemon Dill Butter Food Mask Lip Balm 21ml,SKINFOOD,5.00,6.20,9.95,3.75,60.5,19.4,49.7,SUBE
55028128940369,6667525932,[NATURE REPUBLIC] Essential Lip Balm 4.2g (5colors),NATURE REPUBLIC,5.00,6.20,9.95,3.75,60.5,19.4,49.7,SUBE
55028128973137,6667525932,[NATURE REPUBLIC] Essential Lip Balm 4.2g (5colors),NATURE REPUBLIC,5.00,6.20,9.95,3.75,60.5,19.4,49.7,SUBE
55028129005905,6667525932,[NATURE REPUBLIC] Essential Lip Balm 4.2g (5colors),NATURE REPUBLIC,5.00,6.20,9.95,3.75,60.5,19.4,49.7,SUBE
55028129038673,6667525932,[NATURE REPUBLIC] Essential Lip Balm 4.2g (5colors),NATURE REPUBLIC,5.00,6.20,9.95,3.75,60.5,19.4,49.7,SUBE
55028129071441,6667525932,[NATURE REPUBLIC] Essential Lip Balm 4.2g (5colors),NATURE REPUBLIC,5.00,6.20,9.95,3.75,60.5,19.4,49.7,SUBE
55028130939217,10842919910,Shingmulnara Moisuture Lip Mask 20g,Shingmulnara,5.00,6.20,9.95,3.75,60.5,19.4,49.7,SUBE
55029119549777,11096097676,Dr.Belmeur Vita C Clean Toning Ampoule 10ml,Dr.Belmeur,5.00,6.20,9.95,3.75,60.5,19.4,49.7,SUBE
55029121417553,8952192114,Dr.Belmeur Clean Face Mild Toner 145ml,Dr.Belmeur,5.00,6.20,9.95,3.75,60.5,19.4,49.7,SUBE
55029122203985,4754224682,A'pieu Nonco Tea Tree Emulsion 210ml,A'pieu,5.00,6.20,9.95,3.75,60.5,19.4,49.7,SUBE
55029122728273,8550288427,BRINGGREEN Tea Tree Cica SOS Spot Patch 100pcs(75+25),BRINGGREEN,5.00,6.20,9.95,3.75,60.5,19.4,49.7,SUBE
55029124628817,4628972049,EUNYUL GREEN SEED THERAPY Calming Toner 500ml,EUNYUL,5.00,6.20,9.95,3.75,60.5,19.4,49.7,SUBE
55029125710161,3346282830,CURESYS Trouble Clear Patch (9pcs),CURESYS,5.00,6.20,9.95,3.75,60.5,19.4,49.7,SUBE
55029127709009,Elizavecca943,Elizavecca Witch Piggy Hell-Pore Blemish Spot Patch 44ea,Elizavecca,5.00,6.20,9.95,3.75,60.5,19.4,49.7,SUBE
55029129347409,Elizavecca1000000043,Elizavecca Witch Piggy Hell-Pore AC-guard Spot Patch (12mm X 36ea),Elizavecca,5.00,6.20,9.95,3.75,60.5,19.4,49.7,SUBE
55029132722513,5656653376,TONYMOLY Aloe 93% Chok Chok Soothing Gel Mist 150ml,TONYMOLY,5.00,6.20,9.95,3.75,60.5,19.4,49.7,SUBE
55029133672785,8308222107,TONYMOLY ALOE 93% Chok Chok Soothing Gel 250ml,TONYMOLY,5.00,6.20,9.95,3.75,60.5,19.4,49.7,SUBE
55029133771089,9908892724,PAUL MEDISON Deep Red Hyaluronic Acid Cleansing Water 510ml,PAUL MEDISON,5.00,6.20,9.95,3.75,60.5,19.4,49.7,SUBE
55029134098769,4840748315,PAUL MEDISON Caredermthin Spotpatch Cover HONEY 68ea,PAUL MEDISON,5.00,6.20,9.95,3.75,60.5,19.4,49.7,SUBE
55029134262609,9904291145,PAUL MEDISON Deep-red Hyaluronic Acid Toner 510ml,PAUL MEDISON,5.00,6.20,9.95,3.75,60.5,19.4,49.7,SUBE
55029134623057,4519274112,PAUL MEDISON Supervital Neck Cream 30ml,PAUL MEDISON,5.00,6.20,9.95,3.75,60.5,19.4,49.7,SUBE
55029135769937,7451174036,One-day's you P.Z. Ssoc Ssoc No More Blackhead Nose Pack 2g x 5ea,One-day's you,5.00,6.20,9.95,3.75,60.5,19.4,49.7,SUBE
55029136752977,10333464153,Shingmulnara Jeju Aloe Moisture Soothing Gel 200ml,Shingmulnara,5.00,6.20,9.95,3.75,60.5,19.4,49.7,SUBE
55029138424145,5819741640,It'S SKIN [NEW] POWER 10 Formula Propolis Effector 30ml,It'S SKIN,5.00,6.20,9.95,3.75,60.5,19.4,49.7,SUBE
55029188493649,452512454,Isntree Aloe Soothing Emulsion 120ml,Isntree,5.00,6.20,9.95,3.75,60.5,19.4,49.7,SUBE
55029188723025,8643522094,THE FACE SHOP Rice & Ceramide Moisturizing Emulsion 150ml,THE FACE SHOP,5.00,6.20,9.95,3.75,60.5,19.4,49.7,SUBE
55029189280081,5536900264,"NEOGEN A-Clear AID Soothing Spot Patch, 24 COUNT (1 PACK)",NEOGEN,5.00,6.20,9.95,3.75,60.5,19.4,49.7,SUBE
55029189476689,338129323,[NATURE REPUBLIC] Soothing & Moisture Aloe Vera 92% Soothing Gel 300ml,NATURE REPUBLIC,5.00,6.20,9.95,3.75,60.5,19.4,49.7,SUBE
55029189837137,2135864166,[HOLIKA HOLIKA] Aloe 99% Soothing Gel 250ml,HOLIKA HOLIKA,5.00,6.20,9.95,3.75,60.5,19.4,49.7,SUBE
55029230666065,2135864166,[HOLIKA HOLIKA] Aloe Hydro Formula 96% Soothing Gel 250ml,HOLIKA HOLIKA,5.00,6.20,9.95,3.75,60.5,19.4,49.7,SUBE
55029379793233,9019468546,MIGUHARA 2 Step Whitening Mask Pack Origin 1.7ml + 25ml,MIGUHARA,5.00,6.20,9.95,3.75,60.5,19.4,49.7,SUBE
55029379891537,534330414,[THANK YOU FARMER] Miracle Age Repair Cotton Mask 25ml X 1ea,THANK YOU FARMER,5.00,6.20,9.95,3.75,60.5,19.4,49.7,SUBE
55029380022609,3510140723,[By Wishtrend] Natural Vitamin 21.5 Enhancing Sheet Mask 23ml,By Wishtrend,5.00,6.20,9.95,3.75,60.5,19.4,49.7,SUBE
55029517287761,9945895077,BRINGGREEN Zinc Teca Trouble Serum Mask 20g X 5ea,BRINGGREEN,5.00,6.20,9.95,3.75,60.5,19.4,49.7,SUBE
55033033064785,10385388513,Dr.Belmeur Amino Clear Cleansing Foam 150ml,Dr.Belmeur,5.00,6.20,9.95,3.75,60.5,19.4,49.7,SUBE
55033033130321,10388744064,Dr.Belmeur Daily Repair Foaming Cleanser 150ml,Dr.Belmeur,5.00,6.20,9.95,3.75,60.5,19.4,49.7,SUBE
55033033490769,10385411629,THE FACE SHOP All Clear Micellar Cleansing Water Wipes 40 sheets,THE FACE SHOP,5.00,6.20,9.95,3.75,60.5,19.4,49.7,SUBE
55033033589073,10228083375,Shingmulnara Jeju Sparkling Water Lip & Eye Remover Tissue (20ea) 89g,Shingmulnara,5.00,6.20,9.95,3.75,60.5,19.4,49.7,SUBE
55033033687377,3061864453,AMPLE:N VC Shot Oxygen Peel 14g,AMPLE:N,5.00,6.20,9.95,3.75,60.5,19.4,49.7,SUBE
55033033785681,9205928052,innisfree Bija Trouble Cleansing Foam 150g,innisfree,5.00,6.20,9.95,3.75,60.5,19.4,49.7,SUBE
55033033851217,9172849279,innisfree Green Tea Amino Hydrating Cleansing Foam 150g,innisfree,5.00,6.20,9.95,3.75,60.5,19.4,49.7,SUBE
55033034342737,471387493,ETUDE Baking Powder B.B Deep Cleansing Foam 160ml,ETUDE,5.00,6.20,9.95,3.75,60.5,19.4,49.7,SUBE
55033034572113,6122299471,Isntree Mugwort Calming Powder Wash 15g,Isntree,5.00,6.20,9.95,3.75,60.5,19.4,49.7,SUBE
55033034637649,5627074654,BANILA CO Clean It Zero Lychee Vita Cleansing Tissue 30 Sheets,BANILA CO,5.00,6.20,9.95,3.75,60.5,19.4,49.7,SUBE
55033034899793,8709249081,THE FACE SHOP THE THERAPY Essential Foaming Cleanser 150ml,THE FACE SHOP,5.00,6.20,9.95,3.75,60.5,19.4,49.7,SUBE
55033036308817,5572377394,PAUL MEDISON Deep-red Acne Foam cleansing 155ml,PAUL MEDISON,5.00,6.20,9.95,3.75,60.5,19.4,49.7,SUBE
55033036472657,4756182294,PAUL MEDISON Panthella Peeling Gel 155ml,PAUL MEDISON,5.00,6.20,9.95,3.75,60.5,19.4,49.7,SUBE
55033062981969,9172852873,innisfree Volcanic BHA Pore Cleansing Foam 150g,innisfree,5.00,6.20,9.95,3.75,60.5,19.4,49.7,SUBE
55033063473489,9539979967,innisfree Olive Vitamin E Real Cleansing Tissue 150g (30ea),innisfree,5.00,6.20,9.95,3.75,60.5,19.4,49.7,SUBE
55033132515665,651403622,SKINFOOD Egg White Perfect Pore Cleansing Foam 150ml,SKINFOOD,5.00,6.20,9.95,3.75,60.5,19.4,49.7,SUBE
55033140117841,10149274611,A'pieu Micellar Cleansing Water (Moisture) 330ml,A'pieu,5.00,6.20,9.95,3.75,60.5,19.4,49.7,SUBE
55033145000273,5956667797,[NATURE REPUBLIC] Vitapair C Big Cleansing Foam 300ml,NATURE REPUBLIC,5.00,6.20,9.95,3.75,60.5,19.4,49.7,SUBE
55033160597841,10337410835,THE FACE SHOP Cherry Blossom Clear Hair Mist 200ml,THE FACE SHOP,5.00,6.20,9.95,3.75,60.5,19.4,49.7,SUBE
55033181110609,9999111085,[mise en scene] Damage Care Red Protein Conditioner 680ml,mise en scene,5.00,6.20,9.95,3.75,60.5,19.4,49.7,SUBE
55033181274449,9999111085,[mise en scene] Volume Care Purple Collagen Shampoo 680ml,mise en scene,5.00,6.20,9.95,3.75,60.5,19.4,49.7,SUBE
55033187402065,5189338430-3,Kerasys Moisture Clinic Moisture Care Solution Shampoo 750ml,Kerasys,5.00,6.20,9.95,3.75,60.5,19.4,49.7,SUBE
55033187696977,5189338430-1,Kerasys Scalp Cooling Solution Shampoo 750ml,Kerasys,5.00,6.20,9.95,3.75,60.5,19.4,49.7,SUBE
55033188516177,5189338430-6,Kerasys Moisture Clinic Moisture Care Solution Conditioner 750ml,Kerasys,5.00,6.20,9.95,3.75,60.5,19.4,49.7,SUBE
55033188680017,5189338430-7,Kerasys Volume Clinic Volume Care Solution Conditioner 750ml,Kerasys,5.00,6.20,9.95,3.75,60.5,19.4,49.7,SUBE
55033625215313,4552518687,MEDIAN Gum Science Toothpaste Clean Mint 120g*3,MEDIAN,5.00,6.20,9.95,3.75,60.5,19.4,49.7,SUBE
55033625510225,4220382929,MEDIAN Tartar Toothpaste Gum 120g*3,MEDIAN,5.00,6.20,9.95,3.75,60.5,19.4,49.7,SUBE
55033625575761,4220382929,MEDIAN Tartar Toothpaste Fresh 120g*3,MEDIAN,5.00,6.20,9.95,3.75,60.5,19.4,49.7,SUBE
55033626067281,4552518687,MEDIAN Halitosis Science Toothpaste Freezing cool Mint 120g*3,MEDIAN,5.00,6.20,9.95,3.75,60.5,19.4,49.7,SUBE
55033626198353,4552518687,MEDIAN Gum Science Toothpaste Strong Mint 120g*3,MEDIAN,5.00,6.20,9.95,3.75,60.5,19.4,49.7,SUBE
55033626591569,4220382929,MEDIAN Tartar Toothpaste Original 120g*3,MEDIAN,5.00,6.20,9.95,3.75,60.5,19.4,49.7,SUBE
55033626722641,4220382929,MEDIAN Tartar Toothpaste White 120g*3,MEDIAN,5.00,6.20,9.95,3.75,60.5,19.4,49.7,SUBE
55033627672913,1217613260,Rucipello Tropical Ocean Toothpaste 100g,Rucipello,5.00,6.20,9.95,3.75,60.5,19.4,49.7,SUBE
55033628098897,229323299,Rucipello Rooisland Toothpaste 100g,Rucipello,5.00,6.20,9.95,3.75,60.5,19.4,49.7,SUBE
55033628197201,1384067407,Rucipello Mystic Forest Toothpaste 100g,Rucipello,5.00,6.20,9.95,3.75,60.5,19.4,49.7,SUBE
55033629802833,7944528751,AVCA Mild Mouthwash Cool Mint 800ml,AVCA,5.00,6.20,9.95,3.75,60.5,19.4,49.7,SUBE
55027009421649,6805472310,OBgE One Step Pore Cleansing Sheet 135g/32ea,OBgE,6.00,7.44,10.95,3.51,47.2,19.4,45.2,SUBE
55028063600977,6510736541,MISSHA All-Around Safe Block Aqua Sun SPF50+ PA++++ 50ml,MISSHA,6.00,7.44,10.95,3.51,47.2,19.4,45.2,SUBE
55028085522769,10322613138,THE FACE SHOP Perfume Seed Velvet Rich Creamy Shower Gel 300ml,THE FACE SHOP,6.00,7.44,10.95,3.51,47.2,19.4,45.2,SUBE
55028085817681,10322105644,THE FACE SHOP THE BOTANIC WOODY MUSK BODY WASH 350ml,THE FACE SHOP,6.00,7.44,10.95,3.51,47.2,19.4,45.2,SUBE
55028086473041,10325550465,THE FACE SHOP The Botanic Lemon Verbena Body Wash 350ml,THE FACE SHOP,6.00,7.44,10.95,3.51,47.2,19.4,45.2,SUBE
55028086636881,10336763673,THE FACE SHOP The Botanic Lemon Verbena Body Lotion 350ml,THE FACE SHOP,6.00,7.44,10.95,3.51,47.2,19.4,45.2,SUBE
55028094894417,10434797931,AROMATICA Serene Bath Salts Magnolia & Sandalwood 50g,AROMATICA,6.00,7.44,10.95,3.51,47.2,19.4,45.2,SUBE
55028100825425,8272916661,Kerasys Clean Note Moisture Perfumed Body Lotion 500ml,Kerasys,6.00,7.44,10.95,3.51,47.2,19.4,45.2,SUBE
55028100858193,11554106207,Kerasys Clean Note Moisture Perfumed Body Lotion 500ml,Kerasys,6.00,7.44,10.95,3.51,47.2,19.4,45.2,SUBE
55028101546321,8606882601,Kerasys Clean Note Moisture Perfumed Body Wash 800ml,Kerasys,6.00,7.44,10.95,3.51,47.2,19.4,45.2,SUBE
55028101579089,11554091839,Kerasys Clean Note Moisture Perfumed Body Wash 800ml,Kerasys,6.00,7.44,10.95,3.51,47.2,19.4,45.2,SUBE
55028110131537,5051052559,KUNDAL Shea Butter & Macadamia Pure Hand Cream 50ml #BABY POWDER,KUNDAL,6.00,7.44,10.95,3.51,47.2,19.4,45.2,SUBE
55028110197073,5051092854,KUNDAL Shea Butter & Macadamia Pure Hand Cream 50ml #BLANC,KUNDAL,6.00,7.44,10.95,3.51,47.2,19.4,45.2,SUBE
55028110262609,5051055861,KUNDAL Shea Butter & Macadamia Pure Hand Cream 50ml #CLEAN SOAP,KUNDAL,6.00,7.44,10.95,3.51,47.2,19.4,45.2,SUBE
55028110360913,5051060132,KUNDAL Shea Butter & Macadamia Pure Hand Cream 50ml #CHERRY BLOSSOM,KUNDAL,6.00,7.44,10.95,3.51,47.2,19.4,45.2,SUBE
55028111442257,5051091188,KUNDAL Shea Butter & Macadamia Pure Hand Cream 50ml #YLANG YLANG,KUNDAL,6.00,7.44,10.95,3.51,47.2,19.4,45.2,SUBE
55028111507793,9969679261,TONYMOLY Banana Hand Milk 45ml,TONYMOLY,6.00,7.44,10.95,3.51,47.2,19.4,45.2,SUBE
55028120617297,10576586647,THE FACE SHOP Vitamin Sun Lip Balm SPF 22 PA+++ 3.9g,THE FACE SHOP,6.00,7.44,10.95,3.51,47.2,19.4,45.2,SUBE
55028120650065,10576586647,THE FACE SHOP Vitamin Sun Lip Balm SPF 22 PA+++ 3.9g,THE FACE SHOP,6.00,7.44,10.95,3.51,47.2,19.4,45.2,SUBE
55028124320081,5283886404,BBIA Lip Oil Balm 10g,BBIA,6.00,7.44,10.95,3.51,47.2,19.4,45.2,SUBE
55028125925713,8637034165,FORENCOS Night Care Lip Balm 10ml,FORENCOS,6.00,7.44,10.95,3.51,47.2,19.4,45.2,SUBE
55028150501713,724667215,AMPLE:N Hyaluron Shot Eye Cream 25ml,AMPLE:N,6.00,7.44,10.95,3.51,47.2,19.4,45.2,SUBE
55028167934289,10507290125,O HUI Age Recovery Collagen Wrinkle Patch 9ea,O HUI,6.00,7.44,10.95,3.51,47.2,19.4,45.2,SUBE
55029054439761,4699338133,[NATURE REPUBLIC] Mild Green Tea Emulsion 155ml,NATURE REPUBLIC,6.00,7.44,10.95,3.51,47.2,19.4,45.2,SUBE
55029057093969,4103514696-T,[NATURE REPUBLIC] Ultra Hydrate Olive Toner 180ml,NATURE REPUBLIC,6.00,7.44,10.95,3.51,47.2,19.4,45.2,SUBE
55029058797905,5898925604,PETITFEE Calming Spot Treatment 20g,PETITFEE,6.00,7.44,10.95,3.51,47.2,19.4,45.2,SUBE
55029060141393,12134060304,Hanskin Cleansing Blackhead Clear Patch 15ml X 7ea,Hanskin,6.00,7.44,10.95,3.51,47.2,19.4,45.2,SUBE
55029061681489,4699338133-T,[NATURE REPUBLIC] Mild Green Tea Toner 155ml,NATURE REPUBLIC,6.00,7.44,10.95,3.51,47.2,19.4,45.2,SUBE
55029063123281,4699343496,[NATURE REPUBLIC] Mild Green Tea Cream 55ml,NATURE REPUBLIC,6.00,7.44,10.95,3.51,47.2,19.4,45.2,SUBE
55029066465617,6419310799,[NATURE REPUBLIC] Black Charcoal Pore Toner Pad 100g/50ea,NATURE REPUBLIC,6.00,7.44,10.95,3.51,47.2,19.4,45.2,SUBE
55029067219281,8951565833,Dr.Belmeur Clarifying Soothing Mist 100ml,Dr.Belmeur,6.00,7.44,10.95,3.51,47.2,19.4,45.2,SUBE
55029070430545,12116749714,MEDIPEEL Bio Intense Glutathione White Toner 30ml,MEDIPEEL,6.00,7.44,10.95,3.51,47.2,19.4,45.2,SUBE
55029072494929,373316997,SKINFOOD Pineapple Peeling Gel 100ml,SKINFOOD,6.00,7.44,10.95,3.51,47.2,19.4,45.2,SUBE
55029073805649,6601545597,SKINFOOD Cica Clear Spot Patch 100pcs,SKINFOOD,6.00,7.44,10.95,3.51,47.2,19.4,45.2,SUBE
55029077115217,9380205960,SKINFOOD Shine Muscat BHA Toner 200ml,SKINFOOD,6.00,7.44,10.95,3.51,47.2,19.4,45.2,SUBE
55029078458705,10357207228,innisfree Aloe Revitalizing Soothing Gel 300ml,innisfree,6.00,7.44,10.95,3.51,47.2,19.4,45.2,SUBE
55029083504977,10165459743,d'Alba Daily Mild Cica Calming Pad 165ml (50ea),d'Alba,6.00,7.44,10.95,3.51,47.2,19.4,45.2,SUBE
55029084455249,9380212331,SKINFOOD Pink Grapefruit AHA Toner 200ml,SKINFOOD,6.00,7.44,10.95,3.51,47.2,19.4,45.2,SUBE
55029086126417,8600866920,Isntree Onion Newpair Clear Pad (REFILL) 80ml (20ea),Isntree,6.00,7.44,10.95,3.51,47.2,19.4,45.2,SUBE
55029088026961,9067915522,Isntree Hyper Acid 4 (AHA BHA PHA LAH) 30 Serum 20ml,Isntree,6.00,7.44,10.95,3.51,47.2,19.4,45.2,SUBE
55029090713937,10169401788,PAUL MEDISONAI AI ELASTICITY CREAM 100ml,PAUL MEDISON,6.00,7.44,10.95,3.51,47.2,19.4,45.2,SUBE
55029091795281,10169420209,PAUL MEDISONAI AI CICA SOOTHING CREAM 100ml,PAUL MEDISON,6.00,7.44,10.95,3.51,47.2,19.4,45.2,SUBE
55029093073233,9983281862,PAUL MEDISON VITA A RETINOL CREAM 155ml,PAUL MEDISON,6.00,7.44,10.95,3.51,47.2,19.4,45.2,SUBE
55029094678865,9619322978,PAUL MEDISON VITA B CALMING CREAM 155ml,PAUL MEDISON,6.00,7.44,10.95,3.51,47.2,19.4,45.2,SUBE
55029096087889,9619344016,PAUL MEDISON VITA C TONING CREAM 155ml,PAUL MEDISON,6.00,7.44,10.95,3.51,47.2,19.4,45.2,SUBE
55029097300305,9619355081,PAUL MEDISON VITA E INTENSIVE CREAM 155ml,PAUL MEDISON,6.00,7.44,10.95,3.51,47.2,19.4,45.2,SUBE
55029098316113,10169372490,PAUL MEDISON STEM CELL ALL IN ONE SKIN DETOX CREAM 100ml,PAUL MEDISON,6.00,7.44,10.95,3.51,47.2,19.4,45.2,SUBE
55029098807633,9998891788,PAUL MEDISON All-in-One Elasticity Snail Cream 100ml,PAUL MEDISON,6.00,7.44,10.95,3.51,47.2,19.4,45.2,SUBE
55029099856209,9998798499,PAUL MEDISON All-in-One Nutritional Snail Cream 100ml,PAUL MEDISON,6.00,7.44,10.95,3.51,47.2,19.4,45.2,SUBE
55029102018897,9998833017,PAUL MEDISON All-in-One Wrinkle Improvement Snail Cream 100ml,PAUL MEDISON,6.00,7.44,10.95,3.51,47.2,19.4,45.2,SUBE
55029103427921,5529255404,PAUL MEDISON Deep Red Spot Remover 25g,PAUL MEDISON,6.00,7.44,10.95,3.51,47.2,19.4,45.2,SUBE
55029103853905,9989439973,PAUL MEDISON All-in-One Cica Snail Cream 100ml,PAUL MEDISON,6.00,7.44,10.95,3.51,47.2,19.4,45.2,SUBE
55029104607569,4570664820,DEWYTREE Aqua Collagen Peptide EX Multi Cream 80ml,DEWYTREE,6.00,7.44,10.95,3.51,47.2,19.4,45.2,SUBE
55029105197393,5594416771,DEWYTREE Aqua Deep Boosting Toner 150ml,DEWYTREE,6.00,7.44,10.95,3.51,47.2,19.4,45.2,SUBE
55029106213201,8046412370,innisfree Retinol Cica Ampoule Focusing Patch 1ea/9 patches,innisfree,6.00,7.44,10.95,3.51,47.2,19.4,45.2,SUBE
55029106409809,452503493,Isntree Aloe Soothing Toner 200ml,Isntree,6.00,7.44,10.95,3.51,47.2,19.4,45.2,SUBE
55029106508113,8893169361,It'S SKIN [NEW] Power 10 Formula VB Effector 30ml,It'S SKIN,6.00,7.44,10.95,3.51,47.2,19.4,45.2,SUBE
55029106606417,5819742626,It'S SKIN [NEW] Power 10 Formula LI Effector 30ml,It'S SKIN,6.00,7.44,10.95,3.51,47.2,19.4,45.2,SUBE
55029106704721,4362314969,daymellow Snow Mushroom Real Soothing Gel 300g,daymellow,6.00,7.44,10.95,3.51,47.2,19.4,45.2,SUBE
55029107294545,4952625256,A'pieu Madecassoside Moisture Gel Cream 50ml,A'pieu,6.00,7.44,10.95,3.51,47.2,19.4,45.2,SUBE
55029108408657,5819741475,It'S SKIN [NEW] Power 10 Formula CO Effector 30ml,It'S SKIN,6.00,7.44,10.95,3.51,47.2,19.4,45.2,SUBE
55029111783761,5819742143,It'S SKIN [NEW] Power 10 Formula GF Effector 30ml,It'S SKIN,6.00,7.44,10.95,3.51,47.2,19.4,45.2,SUBE
55029114765649,4492303499,daymellow Houttuynia Cordata Real Soothing Gel 300g,daymellow,6.00,7.44,10.95,3.51,47.2,19.4,45.2,SUBE
55029117485393,102486483,Isntree Hyaluronic Acid Toner 200ml,Isntree,6.00,7.44,10.95,3.51,47.2,19.4,45.2,SUBE
55029118435665,8644078421,THE FACE SHOP Rice Water Bright Facial Massage Cream 200ml,THE FACE SHOP,6.00,7.44,10.95,3.51,47.2,19.4,45.2,SUBE
55029256814929,8207291313,"TIAM Surprise B Patch (96ea, Pack of 4)",TIAM,6.00,7.44,10.95,3.51,47.2,19.4,45.2,SUBE
55029379498321,7631615753,goodal Mild Sheet Mask 20g X 10ea (3-type),goodal,6.00,7.44,10.95,3.51,47.2,19.4,45.2,SUBE
55029379531089,7631615753,goodal Mild Sheet Mask 20g X 10ea (3-type),goodal,6.00,7.44,10.95,3.51,47.2,19.4,45.2,SUBE
55029379563857,7631615753,goodal Mild Sheet Mask 20g X 10ea (3-type),goodal,6.00,7.44,10.95,3.51,47.2,19.4,45.2,SUBE
55029379694929,7331059503,It'S SKIN Power 10 Formula LI Jelly Mask Sheet 23g x 5 sheets,It'S SKIN,6.00,7.44,10.95,3.51,47.2,19.4,45.2,SUBE
55029469053265,9068732952,EUNYUL Natural Sheet Mask Pack 22ml*10ea (14-types),EUNYUL,6.00,7.44,10.95,3.51,47.2,19.4,45.2,SUBE
55029469086033,9068732952,EUNYUL Natural Sheet Mask Pack 22ml*10ea (14-types),EUNYUL,6.00,7.44,10.95,3.51,47.2,19.4,45.2,SUBE
55029469118801,9068732952,EUNYUL Natural Sheet Mask Pack 22ml*10ea (14-types),EUNYUL,6.00,7.44,10.95,3.51,47.2,19.4,45.2,SUBE
55029469151569,9068732952,EUNYUL Natural Sheet Mask Pack 22ml*10ea (14-types),EUNYUL,6.00,7.44,10.95,3.51,47.2,19.4,45.2,SUBE
55029469184337,9068732952,EUNYUL Natural Sheet Mask Pack 22ml*10ea (14-types),EUNYUL,6.00,7.44,10.95,3.51,47.2,19.4,45.2,SUBE
55029469217105,9068732952,EUNYUL Natural Sheet Mask Pack 22ml*10ea (14-types),EUNYUL,6.00,7.44,10.95,3.51,47.2,19.4,45.2,SUBE
55029469249873,9068732952,EUNYUL Natural Sheet Mask Pack 22ml*10ea (14-types),EUNYUL,6.00,7.44,10.95,3.51,47.2,19.4,45.2,SUBE
55029469282641,9068732952,EUNYUL Natural Sheet Mask Pack 22ml*10ea (14-types),EUNYUL,6.00,7.44,10.95,3.51,47.2,19.4,45.2,SUBE
55029469315409,9068732952,EUNYUL Natural Sheet Mask Pack 22ml*10ea (14-types),EUNYUL,6.00,7.44,10.95,3.51,47.2,19.4,45.2,SUBE
55029469348177,9068732952,EUNYUL Natural Sheet Mask Pack 22ml*10ea (14-types),EUNYUL,6.00,7.44,10.95,3.51,47.2,19.4,45.2,SUBE
55029469380945,9068732952,EUNYUL Natural Sheet Mask Pack 22ml*10ea (14-types),EUNYUL,6.00,7.44,10.95,3.51,47.2,19.4,45.2,SUBE
55029469413713,9068732952,EUNYUL Natural Sheet Mask Pack 22ml*10ea (14-types),EUNYUL,6.00,7.44,10.95,3.51,47.2,19.4,45.2,SUBE
55029469446481,9068732952,EUNYUL Natural Sheet Mask Pack 22ml*10ea (14-types),EUNYUL,6.00,7.44,10.95,3.51,47.2,19.4,45.2,SUBE
55029469479249,9068732952,EUNYUL Natural Sheet Mask Pack 22ml*10ea (14-types),EUNYUL,6.00,7.44,10.95,3.51,47.2,19.4,45.2,SUBE
55029469970769,6204885894,EUNYUL Daily Care Facial Sheet Mask 22ml*10ea (12-type),EUNYUL,6.00,7.44,10.95,3.51,47.2,19.4,45.2,SUBE
55029470003537,6204885894,EUNYUL Daily Care Facial Sheet Mask 22ml*10ea (12-type),EUNYUL,6.00,7.44,10.95,3.51,47.2,19.4,45.2,SUBE
55029470036305,6204885894,EUNYUL Daily Care Facial Sheet Mask 22ml*10ea (12-type),EUNYUL,6.00,7.44,10.95,3.51,47.2,19.4,45.2,SUBE
55029470069073,6204885894,EUNYUL Daily Care Facial Sheet Mask 22ml*10ea (12-type),EUNYUL,6.00,7.44,10.95,3.51,47.2,19.4,45.2,SUBE
55029470101841,6204885894,EUNYUL Daily Care Facial Sheet Mask 22ml*10ea (12-type),EUNYUL,6.00,7.44,10.95,3.51,47.2,19.4,45.2,SUBE
55029470134609,6204885894,EUNYUL Daily Care Facial Sheet Mask 22ml*10ea (12-type),EUNYUL,6.00,7.44,10.95,3.51,47.2,19.4,45.2,SUBE
55029470167377,6204885894,EUNYUL Daily Care Facial Sheet Mask 22ml*10ea (12-type),EUNYUL,6.00,7.44,10.95,3.51,47.2,19.4,45.2,SUBE
55029470200145,6204885894,EUNYUL Daily Care Facial Sheet Mask 22ml*10ea (12-type),EUNYUL,6.00,7.44,10.95,3.51,47.2,19.4,45.2,SUBE
55029470232913,6204885894,EUNYUL Daily Care Facial Sheet Mask 22ml*10ea (12-type),EUNYUL,6.00,7.44,10.95,3.51,47.2,19.4,45.2,SUBE
55029470265681,6204885894,EUNYUL Daily Care Facial Sheet Mask 22ml*10ea (12-type),EUNYUL,6.00,7.44,10.95,3.51,47.2,19.4,45.2,SUBE
55029470298449,6204885894,EUNYUL Daily Care Facial Sheet Mask 22ml*10ea (12-type),EUNYUL,6.00,7.44,10.95,3.51,47.2,19.4,45.2,SUBE
55029470331217,6204885894,EUNYUL Daily Care Facial Sheet Mask 22ml*10ea (12-type),EUNYUL,6.00,7.44,10.95,3.51,47.2,19.4,45.2,SUBE
55029504377169,11065517471,SKINFOOD Honey Sugar Food Mask Lip Sleeping Pack 21ml,SKINFOOD,6.00,7.44,10.95,3.51,47.2,19.4,45.2,SUBE
55029513421137,5046584412,SKINFOOD Sous Vide Mask Sheet 18ml x 10ea,SKINFOOD,6.00,7.44,10.95,3.51,47.2,19.4,45.2,SUBE
55029513453905,5046584412,SKINFOOD Sous Vide Mask Sheet 18ml x 10ea,SKINFOOD,6.00,7.44,10.95,3.51,47.2,19.4,45.2,SUBE
55029513486673,5046584412,SKINFOOD Sous Vide Mask Sheet 18ml x 10ea,SKINFOOD,6.00,7.44,10.95,3.51,47.2,19.4,45.2,SUBE
55029513519441,5046584412,SKINFOOD Sous Vide Mask Sheet 18ml x 10ea,SKINFOOD,6.00,7.44,10.95,3.51,47.2,19.4,45.2,SUBE
55029513552209,5046584412,SKINFOOD Sous Vide Mask Sheet 18ml x 10ea,SKINFOOD,6.00,7.44,10.95,3.51,47.2,19.4,45.2,SUBE
55029513584977,5046584412,SKINFOOD Sous Vide Mask Sheet 18ml x 10ea,SKINFOOD,6.00,7.44,10.95,3.51,47.2,19.4,45.2,SUBE
55029513617745,5046584412,SKINFOOD Sous Vide Mask Sheet 18ml x 10ea,SKINFOOD,6.00,7.44,10.95,3.51,47.2,19.4,45.2,SUBE
55029513650513,5046584412,SKINFOOD Sous Vide Mask Sheet 18ml x 10ea,SKINFOOD,6.00,7.44,10.95,3.51,47.2,19.4,45.2,SUBE
55029513683281,5046584412,SKINFOOD Sous Vide Mask Sheet 18ml x 10ea,SKINFOOD,6.00,7.44,10.95,3.51,47.2,19.4,45.2,SUBE
55029513716049,5046584412,SKINFOOD Sous Vide Mask Sheet 18ml x 10ea,SKINFOOD,6.00,7.44,10.95,3.51,47.2,19.4,45.2,SUBE
55029519253841,11774569593,belif Aqua Bomb Frozen Modeling Mask 55g,belif,6.00,7.44,10.95,3.51,47.2,19.4,45.2,SUBE
55029522170193,669541645,ETUDE 0.2 Therapy Air Mask 20ml X 10ea,ETUDE,6.00,7.44,10.95,3.51,47.2,19.4,45.2,SUBE
55029522202961,669541645,ETUDE 0.2 Therapy Air Mask 20ml X 10ea,ETUDE,6.00,7.44,10.95,3.51,47.2,19.4,45.2,SUBE
55029522235729,669541645,ETUDE 0.2 Therapy Air Mask 20ml X 10ea,ETUDE,6.00,7.44,10.95,3.51,47.2,19.4,45.2,SUBE
55029522268497,669541645,ETUDE 0.2 Therapy Air Mask 20ml X 10ea,ETUDE,6.00,7.44,10.95,3.51,47.2,19.4,45.2,SUBE
55029522301265,669541645,ETUDE 0.2 Therapy Air Mask 20ml X 10ea,ETUDE,6.00,7.44,10.95,3.51,47.2,19.4,45.2,SUBE
55029522334033,669541645,ETUDE 0.2 Therapy Air Mask 20ml X 10ea,ETUDE,6.00,7.44,10.95,3.51,47.2,19.4,45.2,SUBE
55029522366801,669541645,ETUDE 0.2 Therapy Air Mask 20ml X 10ea,ETUDE,6.00,7.44,10.95,3.51,47.2,19.4,45.2,SUBE
55029522399569,669541645,ETUDE 0.2 Therapy Air Mask 20ml X 10ea,ETUDE,6.00,7.44,10.95,3.51,47.2,19.4,45.2,SUBE
55029522432337,669541645,ETUDE 0.2 Therapy Air Mask 20ml X 10ea,ETUDE,6.00,7.44,10.95,3.51,47.2,19.4,45.2,SUBE
55029522465105,669541645,ETUDE 0.2 Therapy Air Mask 20ml X 10ea,ETUDE,6.00,7.44,10.95,3.51,47.2,19.4,45.2,SUBE
55029529575761,12275650205,[NATURE REPUBLIC] REAL COMFORTING MASK SHEET #HYALURONIC ACID 24g*10ea,NATURE REPUBLIC,6.00,7.44,10.95,3.51,47.2,19.4,45.2,SUBE
55033030181201,10385365297,Dr.Belmeur Amino Clear Lip & Eye Makeup Remover 150ml,Dr.Belmeur,6.00,7.44,10.95,3.51,47.2,19.4,45.2,SUBE
55033030246737,10385334100,THE FACE SHOP MANGO SEED Soft Cleansing Wipes 50 Sheets,THE FACE SHOP,6.00,7.44,10.95,3.51,47.2,19.4,45.2,SUBE
55033031262545,7631591597,CARE ZONE Calming Relief Acne Foam 200ml,CAREZONE,6.00,7.44,10.95,3.51,47.2,19.4,45.2,SUBE
55033031328081,4812192798,ETUDE AC Clean Up Cleansing Foam 150ml,ETUDE,6.00,7.44,10.95,3.51,47.2,19.4,45.2,SUBE
55033031459153,472530739,ETUDE Baking Powder Crunch Pore Scrub 200g,ETUDE,6.00,7.44,10.95,3.51,47.2,19.4,45.2,SUBE
55033031655761,117809067,ETUDE Lip & Eye Remover 250ml,ETUDE,6.00,7.44,10.95,3.51,47.2,19.4,45.2,SUBE
55033031754065,4469364067,Donggubat The RIGHT Shampoo Bar For Mid-Dry Scalp 120g #Grapefruit,Donggubat,6.00,7.44,10.95,3.51,47.2,19.4,45.2,SUBE
55033031819601,8424402348,innisfree Apple Seed Cleansing Cream 150ml,innisfree,6.00,7.44,10.95,3.51,47.2,19.4,45.2,SUBE
55033031885137,5046569820,SKINFOOD Milk Shake Point Make-Up Remover 160ml,SKINFOOD,6.00,7.44,10.95,3.51,47.2,19.4,45.2,SUBE
55033032016209,4754225085,A'pieu Deep Clean Foam Cleanser 130ml X 4ea,A'pieu,6.00,7.44,10.95,3.51,47.2,19.4,45.2,SUBE
55033032081745,261571953,Benton Honest Cleansing Foam 150g,Benton,6.00,7.44,10.95,3.51,47.2,19.4,45.2,SUBE
55033032212817,8951865380,Dr.Belmeur Amino Clear Bubble Foaming Cleanser for Acne Prone Skin 150ml,Dr.Belmeur,6.00,7.44,10.95,3.51,47.2,19.4,45.2,SUBE
55033032311121,8670542681,THE FACE SHOP White Seed Brightening Exfoliating Foam Cleanser 150ml,THE FACE SHOP,6.00,7.44,10.95,3.51,47.2,19.4,45.2,SUBE
55033032442193,8644263351,THE FACE SHOP Rice Water Bright Rich Cleansing Oil 150ml,THE FACE SHOP,6.00,7.44,10.95,3.51,47.2,19.4,45.2,SUBE
55033032540497,8677083846,THE FACE SHOP SMART PEELING HONEY SUGAR SCRUB 120ml,THE FACE SHOP,6.00,7.44,10.95,3.51,47.2,19.4,45.2,SUBE
55033032737105,8677075176,THE FACE SHOP SMART PEELING MILD PAPAYA 150ml,THE FACE SHOP,6.00,7.44,10.95,3.51,47.2,19.4,45.2,SUBE
55033032868177,8677062792,THE FACE SHOP SMART PEELING WHITE JEWEL 120ml,THE FACE SHOP,6.00,7.44,10.95,3.51,47.2,19.4,45.2,SUBE
55033032933713,8644114783,THE FACE SHOP Rice Water Bright Foaming Cleanser 300ml,THE FACE SHOP,6.00,7.44,10.95,3.51,47.2,19.4,45.2,SUBE
55033032999249,3920837231,TONYMOLY The Chok Chok Green Tea No Wash Cleansing Tissue 100ea,TONYMOLY,6.00,7.44,10.95,3.51,47.2,19.4,45.2,SUBE
55033036177745,9237928753,PAUL MEDISON LACTO COLLAGEN WHIP FOAM CLEANSING 155ml,PAUL MEDISON,6.00,7.44,10.95,3.51,47.2,19.4,45.2,SUBE
55033043812689,3949950789,TONYMOLY FLORIA Brightening Peeling Gel 150ml,TONYMOLY,6.00,7.44,10.95,3.51,47.2,19.4,45.2,SUBE
55033051775313,5702379945,TONYMOLY THE PEACH CHOK CHOK Body Peeling Mist 300ml,TONYMOLY,6.00,7.44,10.95,3.51,47.2,19.4,45.2,SUBE
55033054069073,8424402348,innisfree Apple Seed Cleansing Cream 150ml,innisfree,6.00,7.44,10.95,3.51,47.2,19.4,45.2,SUBE
55033112035665,7123538257,SKINFOOD Rice Daily Brightening Cleansing Foam 150ml,SKINFOOD,6.00,7.44,10.95,3.51,47.2,19.4,45.2,SUBE
55033112297809,3104301290,SKINFOOD Rice Daily Brightening Cleansing Tissue 80ea/380ml,SKINFOOD,6.00,7.44,10.95,3.51,47.2,19.4,45.2,SUBE
55033112396113,2770554364,SKINFOOD Rice Daily Brightening Scrub Foam 150ml,SKINFOOD,6.00,7.44,10.95,3.51,47.2,19.4,45.2,SUBE
55033115967825,6112843122,EUNYUL Horse Oil Foam Cleansing 150g,EUNYUL,6.00,7.44,10.95,3.51,47.2,19.4,45.2,SUBE
55033133826385,9642138093,SUNGBOON EDITOR Centell Lacto AC Less Clearing Foam Cleanser 150ml,SUNGBOON EDITOR,6.00,7.44,10.95,3.51,47.2,19.4,45.2,SUBE
55033139855697,10829192973,A'pieu Deep Clean Cleansing Milk 130ml,A'pieu,6.00,7.44,10.95,3.51,47.2,19.4,45.2,SUBE
55033139921233,10829243481,A'pieu Deep Clean Cleansing Water 150ml,A'pieu,6.00,7.44,10.95,3.51,47.2,19.4,45.2,SUBE
55033143263569,10253662755,Shingmulnara Jeju Sparkling Water Whip Power Cleansing Foam 120ml,Shingmulnara,6.00,7.44,10.95,3.51,47.2,19.4,45.2,SUBE
55033143591249,8951611815,Dr.Belmeur Amino Clear Cleansing Water 300ml,Dr.Belmeur,6.00,7.44,10.95,3.51,47.2,19.4,45.2,SUBE
55033144770897,6178361501,[NATURE REPUBLIC] Natural Made Lemongrass Ultra Peeling Gel 100ml,NATURE REPUBLIC,6.00,7.44,10.95,3.51,47.2,19.4,45.2,SUBE
55033145131345,6178345663,[NATURE REPUBLIC] Natural Made Eucalyptus Mild Peeling Gel 100ml,NATURE REPUBLIC,6.00,7.44,10.95,3.51,47.2,19.4,45.2,SUBE
55033145196881,5023173935,[NATURE REPUBLIC] Green Derma Tea Tree Cica Acne Foam Cleanser 150ml,NATURE REPUBLIC,6.00,7.44,10.95,3.51,47.2,19.4,45.2,SUBE
55033149194577,12057735600,SUNGBOON EDITOR Active Marine Astaxanthin Vita Toning Whipping Foam 120g,SUNGBOON EDITOR,6.00,7.44,10.95,3.51,47.2,19.4,45.2,SUBE
55033149751633,5898898619,PETITFEE Clarifying AHA Gel Cleanser 100g,PETITFEE,6.00,7.44,10.95,3.51,47.2,19.4,45.2,SUBE
55033150406993,10578214149,MEDIHEAL Teatree Trouble Calming Cleanser 120ml,MEDIHEAL,6.00,7.44,10.95,3.51,47.2,19.4,45.2,SUBE
55033151979857,11558793705,Hanskin Cleansing Mild Foam & Blackhead 100ml,Hanskin,6.00,7.44,10.95,3.51,47.2,19.4,45.2,SUBE
55033153814865,111290000248,[HAPPY BATH] Micro Clean Soapberry Bubble Cleansing Foam 300ml,HAPPY BATH,6.00,7.44,10.95,3.51,47.2,19.4,45.2,SUBE
55033180586321,10572740169,[mise en scene] Perfect 3 Minute Hair Mask 300ml,mise en scene,6.00,7.44,10.95,3.51,47.2,19.4,45.2,SUBE
55033180914001,9999567114,[mise en scene] Volume Care Purple Collagen Treatment 330ml,mise en scene,6.00,7.44,10.95,3.51,47.2,19.4,45.2,SUBE
55033180979537,9999111085,[mise en scene] Damage Care Red Protein Shampoo 680ml,mise en scene,6.00,7.44,10.95,3.51,47.2,19.4,45.2,SUBE
55033181045073,6444313485,[mise en scene] Perfect Base Up Essence 200ml,mise en scene,6.00,7.44,10.95,3.51,47.2,19.4,45.2,SUBE
55033181176145,5510484287,[mise en scene] Scalp Care Green Cica Shampoo 680ml,mise en scene,6.00,7.44,10.95,3.51,47.2,19.4,45.2,SUBE
55033184452945,366799395,[NATURE REPUBLIC] Argan Essential Moist Hair Mist 220ml,NATURE REPUBLIC,6.00,7.44,10.95,3.51,47.2,19.4,45.2,SUBE
55033185075537,5002888517,Kerasys Keramide Extreme Damage Repair Serum 70ml,Kerasys,6.00,7.44,10.95,3.51,47.2,19.4,45.2,SUBE
55033187205457,5002901814-1,Kerasys Damage Repair Propolis Shampoo 1L,Kerasys,6.00,7.44,10.95,3.51,47.2,19.4,45.2,SUBE
55033188122961,5002901814-T,Kerasys Damage Repair Propolis Treatment 1L,Kerasys,6.00,7.44,10.95,3.51,47.2,19.4,45.2,SUBE
55033189925201,6479339478-5,Kerasys Perfume Rinse 980ml (3-type),Kerasys,6.00,7.44,10.95,3.51,47.2,19.4,45.2,SUBE
55033189957969,6479339478-6,Kerasys Perfume Rinse 980ml (3-type),Kerasys,6.00,7.44,10.95,3.51,47.2,19.4,45.2,SUBE
55033189990737,6479339478-7,Kerasys Perfume Rinse 980ml (3-type),Kerasys,6.00,7.44,10.95,3.51,47.2,19.4,45.2,SUBE
55033191498065,10844288700,Kerasys Advanced Keratin Bond Shampoo 750ml (4-type),Kerasys,6.00,7.44,10.95,3.51,47.2,19.4,45.2,SUBE
55033191530833,10844288700,Kerasys Advanced Keratin Bond Shampoo 750ml (4-type),Kerasys,6.00,7.44,10.95,3.51,47.2,19.4,45.2,SUBE
55033191563601,10844288700,Kerasys Advanced Keratin Bond Shampoo 750ml (4-type),Kerasys,6.00,7.44,10.95,3.51,47.2,19.4,45.2,SUBE
55033191596369,10844288700,Kerasys Advanced Keratin Bond Shampoo 750ml (4-type),Kerasys,6.00,7.44,10.95,3.51,47.2,19.4,45.2,SUBE
55033633636689,9237542477,AROMATICA Tea Tree Balancing Toothpaste 100ml,AROMATICA,6.00,7.44,10.95,3.51,47.2,19.4,45.2,SUBE
55033198936401,169135994,[Sofy Body Fit] Guierang Sanitary Pad (Large 29cm) 18 Pads,Sofy Body Fit,4.50,5.58,8.95,3.37,60.4,19.4,49.7,SUBE
55028284326225,8324637783,Dr.G Black Snail Cream 50ml,Dr.G,8.00,11.92,14.95,3.03,25.4,32.9,46.5,SUBE
55027161694545,4744401740,MISSHA All Around Safe Block Essence Sun SPF45 PA+++ 50ml,MISSHA,4.00,4.96,7.95,2.99,60.3,19.4,49.7,SUBE
55028109607249,10797112530,THE FACE SHOP Rich Hand V Soft Touch Hand Lotion 200ml,THE FACE SHOP,4.00,4.96,7.95,2.99,60.3,19.4,49.7,SUBE
55028109705553,10797001070,THE FACE SHOP Daily Moment Vegan Hand Cream 30ml (6 Types),THE FACE SHOP,4.00,4.96,7.95,2.99,60.3,19.4,49.7,SUBE
55028109738321,10797001070,THE FACE SHOP Daily Moment Vegan Hand Cream 30ml (6 Types),THE FACE SHOP,4.00,4.96,7.95,2.99,60.3,19.4,49.7,SUBE
55028109771089,10797001070,THE FACE SHOP Daily Moment Vegan Hand Cream 30ml (6 Types),THE FACE SHOP,4.00,4.96,7.95,2.99,60.3,19.4,49.7,SUBE
55028109803857,10797001070,THE FACE SHOP Daily Moment Vegan Hand Cream 30ml (6 Types),THE FACE SHOP,4.00,4.96,7.95,2.99,60.3,19.4,49.7,SUBE
55028109836625,10797001070,THE FACE SHOP Daily Moment Vegan Hand Cream 30ml (6 Types),THE FACE SHOP,4.00,4.96,7.95,2.99,60.3,19.4,49.7,SUBE
55028109869393,10797001070,THE FACE SHOP Daily Moment Vegan Hand Cream 30ml (6 Types),THE FACE SHOP,4.00,4.96,7.95,2.99,60.3,19.4,49.7,SUBE
55028112425297,10542617484,Innisfree Jeju Orchid Hand Cream SPF15 PA+ EX 50ml,innisfree,4.00,4.96,7.95,2.99,60.3,19.4,49.7,SUBE
55028130152785,10272918954,Shingmulnara Moisture Color Lip Balm 3.5g (2colors),Shingmulnara,4.00,4.96,7.95,2.99,60.3,19.4,49.7,SUBE
55028130185553,10272918954,Shingmulnara Moisture Color Lip Balm 3.5g (2colors),Shingmulnara,4.00,4.96,7.95,2.99,60.3,19.4,49.7,SUBE
55029190164817,12274055748,[NATURE REPUBLIC] SOOTHING & MOISTURE ALOE VERA SOOTHING GEL 250ML,NATURE REPUBLIC,4.00,4.96,7.95,2.99,60.3,19.4,49.7,SUBE
55029190656337,10302373518,PAUL MEDISON BIOME SPOT AMPOULE 30ml (4-TYPE),PAUL MEDISON,4.00,4.96,7.95,2.99,60.3,19.4,49.7,SUBE
55029190689105,10302373518,PAUL MEDISON BIOME SPOT AMPOULE 30ml (4-TYPE),PAUL MEDISON,4.00,4.96,7.95,2.99,60.3,19.4,49.7,SUBE
55029190721873,10302373518,PAUL MEDISON BIOME SPOT AMPOULE 30ml (4-TYPE),PAUL MEDISON,4.00,4.96,7.95,2.99,60.3,19.4,49.7,SUBE
55029190754641,10302373518,PAUL MEDISON BIOME SPOT AMPOULE 30ml (4-TYPE),PAUL MEDISON,4.00,4.96,7.95,2.99,60.3,19.4,49.7,SUBE
55029191180625,10302355760,EUNYUL Soothing Moisture Aloe Vera Mist 150 ml,EUNYUL,4.00,4.96,7.95,2.99,60.3,19.4,49.7,SUBE
55029209694545,5586155841,DERMA FACTORY Niacinamide 20% Serum 30ml,DERMA FACTORY,4.00,4.96,7.95,2.99,60.3,19.4,49.7,SUBE
55033035391313,10253720711,Shingmulnara Jeju Sparkling Water Quick & Deep Cleansing Tissue 20 Sheets 107g,Shingmulnara,4.00,4.96,7.95,2.99,60.3,19.4,49.7,SUBE
55033035653457,10385473158,THE FACE SHOP Rice Water Bright Cleansing Wipes 50 Sheets,THE FACE SHOP,4.00,4.96,7.95,2.99,60.3,19.4,49.7,SUBE
55033035718993,8697281944,THE FACE SHOP Herb Day 365 Master Blending Facial Foaming Cleanser 170ml #Mungbe,THE FACE SHOP,4.00,4.96,7.95,2.99,60.3,19.4,49.7,SUBE
55033035981137,8697281944,THE FACE SHOP Herb Day 365 Master Blending Facial Foaming Cleanser 170ml #Lemon ,THE FACE SHOP,4.00,4.96,7.95,2.99,60.3,19.4,49.7,SUBE
55033046237521,5268083074,TONYMOLY Fresh To Go Avocado Foam Cleanser 170ml,TONYMOLY,4.00,4.96,7.95,2.99,60.3,19.4,49.7,SUBE
55033047089489,5268082998,TONYMOLY Fresh To Go Pomegranate Foam Cleanser 170ml,TONYMOLY,4.00,4.96,7.95,2.99,60.3,19.4,49.7,SUBE
55033048236369,5268082903,TONYMOLY Fresh To Go Rice Foam Cleanser 170ml,TONYMOLY,4.00,4.96,7.95,2.99,60.3,19.4,49.7,SUBE
55033139986769,10149274561,A'pieu Micellar Cleansing Water (Fresh) 330ml,A'pieu,4.00,4.96,7.95,2.99,60.3,19.4,49.7,SUBE
55033140773201,10149098874,A'pieu Deep Clean Bubble Foam 200ml,A'pieu,4.00,4.96,7.95,2.99,60.3,19.4,49.7,SUBE
55033140937041,4754225099,A'pieu Deep Clean Foam Cleanser Whipping 130ml,A'pieu,4.00,4.96,7.95,2.99,60.3,19.4,49.7,SUBE
55033188352337,5189338430-5,Kerasys Scalp Clinic Solution Conditioner 750ml,Kerasys,4.00,4.96,7.95,2.99,60.3,19.4,49.7,SUBE
55033190252881,6479339478,Kerasys Perfume Shampoo 980ml (4-type),Kerasys,4.00,4.96,7.95,2.99,60.3,19.4,49.7,SUBE
55033190285649,6479339479,Kerasys Perfume Shampoo 980ml (4-type),Kerasys,4.00,4.96,7.95,2.99,60.3,19.4,49.7,SUBE
55033190318417,6479339480,Kerasys Perfume Shampoo 980ml (4-type),Kerasys,4.00,4.96,7.95,2.99,60.3,19.4,49.7,SUBE
55033190351185,6479339481,Kerasys Perfume Shampoo 980ml (4-type),Kerasys,4.00,4.96,7.95,2.99,60.3,19.4,49.7,SUBE
55033624265041,9096710331,PERIOE PUMPING CITRUS 285g (WHITE),PERIOE,4.00,4.96,7.95,2.99,60.3,19.4,49.7,SUBE
55033624756561,217937009,PERIOE PUMPING HERB 285g(BAD BREATH CARE),PERIOE,4.00,4.96,7.95,2.99,60.3,19.4,49.7,SUBE
55033624822097,217938162,PERIOE PUMPING TOOTHPASTE SPEARMINT 285g(PLAQUE CARE),PERIOE,4.00,4.96,7.95,2.99,60.3,19.4,49.7,SUBE
55033180782929,10536674906,[mise en scene] Salon 10 Professional Cica Ceramide Oil Serum 60ml,mise en scene,14.00,23.36,25.95,2.59,11.1,40.1,46.1,SUBE
55028111573329,6032359996,TONYMOLY I'm Hand Cream 30ml,TONYMOLY,3.00,3.72,5.95,2.23,59.9,19.4,49.6,SUBE
55028111606097,6032359996,TONYMOLY I'm Hand Cream 30ml,TONYMOLY,3.00,3.72,5.95,2.23,59.9,19.4,49.6,SUBE
55028111638865,6032359996,TONYMOLY I'm Hand Cream 30ml,TONYMOLY,3.00,3.72,5.95,2.23,59.9,19.4,49.6,SUBE
55028111671633,6032359996,TONYMOLY I'm Hand Cream 30ml,TONYMOLY,3.00,3.72,5.95,2.23,59.9,19.4,49.6,SUBE
55028119142737,5290460799,Benton Honest Lip Balm 10ml,Benton,3.00,3.72,5.95,2.23,59.9,19.4,49.6,SUBE
55028127596881,4754225562,A'pieu Honey & Milk Lip Balm 3.3g,A'pieu,3.00,3.72,5.95,2.23,59.9,19.4,49.6,SUBE
55029191410001,9238368796,THE FACE SHOP Jeju Aloe Fresh Soothing Gel 300ml,THE FACE SHOP,3.00,3.72,5.95,2.23,59.9,19.4,49.6,SUBE
55029191835985,4754224988,A'pieu Goblin Blackhead 3-Step Nose Pack 3 SET(9pcs),A'pieu,3.00,3.72,5.95,2.23,59.9,19.4,49.6,SUBE
55029530100049,12176152195,[NATURE REPUBLIC] REAL SKIN LAB MODELING PACK 25g (3TYPE),NATURE REPUBLIC,3.00,3.72,5.95,2.23,59.9,19.4,49.6,SUBE
55029530132817,12176152195,[NATURE REPUBLIC] REAL SKIN LAB MODELING PACK 25g (3TYPE),NATURE REPUBLIC,3.00,3.72,5.95,2.23,59.9,19.4,49.6,SUBE
55029530165585,12176152195,[NATURE REPUBLIC] REAL SKIN LAB MODELING PACK 25g (3TYPE),NATURE REPUBLIC,3.00,3.72,5.95,2.23,59.9,19.4,49.6,SUBE
55033035817297,8674765553,THE FACE SHOP Jeju Aloe Fresh Soothing Foam Cleanser 150ml,THE FACE SHOP,3.00,3.72,5.95,2.23,59.9,19.4,49.6,SUBE
55033131303249,2954974807,SKINFOOD Vegegarden Cleansing Foam 150ml (2 Types),SKINFOOD,3.00,3.72,5.95,2.23,59.9,19.4,49.6,SUBE
55033131336017,2954974807,SKINFOOD Vegegarden Cleansing Foam 150ml (2 Types),SKINFOOD,3.00,3.72,5.95,2.23,59.9,19.4,49.6,SUBE
55033145393489,754067907,[NATURE REPUBLIC] Soothing & Moisture Aloe Vera Cleansing Gel Cream 150ml,NATURE REPUBLIC,3.00,3.72,5.95,2.23,59.9,19.4,49.6,SUBE
55033145557329,386921093,[NATURE REPUBLIC] Fresh Herb Cleansing Foam 170ml (4type),NATURE REPUBLIC,3.00,3.72,5.95,2.23,59.9,19.4,49.6,SUBE
55033145590097,386921093,[NATURE REPUBLIC] Fresh Herb Cleansing Foam 170ml (4type),NATURE REPUBLIC,3.00,3.72,5.95,2.23,59.9,19.4,49.6,SUBE
55033145622865,386921093,[NATURE REPUBLIC] Fresh Herb Cleansing Foam 170ml (4type),NATURE REPUBLIC,3.00,3.72,5.95,2.23,59.9,19.4,49.6,SUBE
55033145655633,386921093,[NATURE REPUBLIC] Fresh Herb Cleansing Foam 170ml (4type),NATURE REPUBLIC,3.00,3.72,5.95,2.23,59.9,19.4,49.6,SUBE
55033145819473,12304671983,[NATURE REPUBLIC] Jeju Sparkling Cleansing Tissue 50 sheets,NATURE REPUBLIC,3.00,3.72,5.95,2.23,59.9,19.4,49.6,SUBE
55033634324817,11662814030,[Live orals] Live Breathe Perfume Mouthwash 17ml,Live orals,3.00,3.72,5.95,2.23,59.9,19.4,49.6,SUBE
55033019040081,9245484261,MEDIHEAL The Teatree Pore Powder Wash 50g,MEDIHEAL,8.00,12.92,14.95,2.03,15.7,38.1,46.5,SUBE
55029191999825,9238352452,[THE FACE SHOP] Jeju Aloe Fresh Soothing Gel 300ml,THE FACE SHOP,2.00,2.48,3.95,1.47,59.3,19.4,49.4,SUBE
55029192294737,9238368796,[THE FACE SHOP] Jeju Aloe Fresh Soothing Gel 300ml (Tube),THE FACE SHOP,2.00,2.48,3.95,1.47,59.3,19.4,49.4,SUBE
55033134481745,7625218702,TONYMOLY The Shocking Lip & Eye Remover Pads 150g/30ea,TONYMOLY,2.00,2.48,3.95,1.47,59.3,19.4,49.4,SUBE
55033140609361,10829115690,A'pieu Deep Clean Lip & Eye Remover Pad 37g/20ea,A'pieu,2.00,2.48,3.95,1.47,59.3,19.4,49.4,SUBE
55033145262417,754073715,[NATURE REPUBLIC] Jeju Sparkling Cleansing Tissue 70g/15ea,NATURE REPUBLIC,2.00,2.48,3.95,1.47,59.3,19.4,49.4,SUBE
55033629409617,7644377895,TANGO TANGLE TANGLE Mouthwash 11ml X 10ea,TANGO,2.00,2.48,3.95,1.47,59.3,19.4,49.4,SUBE
