variant_id,product_id,sku,coste_eur,precio_original_eur,precio_objetivo_eur,producto
55026959253841,11167483199825,4782799659,8.0,9.92,14.95,Dashu Men’s Aqua Matte BB Cushion (for Refill) 15g (SPF50+/PA++++) - Default Title
55026960007505,11167483527505,4706924143,14.0,17.36,25.95,Dashu Men’s Aqua Matte BB Cushion 11g - Default Title
55026960761169,11167483789649,9171280096,7.0,8.68,12.95,DASHU Men’s Oil Cut No-Sebum Powder 5g - Default Title
55026961514833,11167484019025,8471735103,19.0,23.56,34.95,[ONE THING] FOR MEN All in One Deo Wash 500ml - Default Title
55026962301265,11167484248401,5362685551,8.0,9.92,14.95,PAUL MEDISON HOMME ALL IN ONE BB CREAM SPF50+ 60ml - Default Title
55026963087697,11167484510545,9927971455,8.0,9.92,14.95,PAUL MEDISON HOMME Hydration All In One Lotion 100ml - Default Title
55026964726097,11167484739921,8670433120,15.0,18.60,27.95,KUNDAL CLASSIC MEN'S AQUA SEBUM BALANCING ALL IN ONE LOTION 150ml - Default Title
55026966659409,11167485296977,000359,15.0,18.60,27.95,ATOMY Homme Tone Up Moisturizer 33ml - NO. 1
55026966692177,11167485296977,000359,15.0,18.60,27.95,ATOMY Homme Tone Up Moisturizer 33ml - NO. 2
55026967544145,11167485591889,5463383149,21.0,26.04,37.95,Sulwhasoo MEN UV Defense Protector 50ml SPF50+ PA++++ - Default Title
55026968396113,11167485886801,6205355972,13.0,16.12,23.95,TONYMOLY BIO EX Homme All In One Fluid 130ml - Default Title
55026969149777,11167486116177,10796594464,13.0,16.12,23.95,innisfree Green Tea Skin For Men 150ml - Default Title
55026970100049,11167486345553,10796602677,13.0,16.12,23.95,innisfree Green Tea Lotion For Men 150ml - Default Title
55026970886481,11167486574929,8637401442,15.0,18.60,27.95,TONYMOLY Intense Care Homme Gold 24K Snail Emulsion 130ml - Default Title
55026971672913,11167486869841,4492848825,8.0,9.92,14.95,TONYMOLY Energy 24 Men's All-In-One Fresh Essence 120ml - Default Title
55026973999441,11167487131985,10453425177,18.0,22.32,32.95,d'Alba Waterfull Balancing Sun Cream 50ml SPF50+PA++++ - Default Title
55026975015249,11167487394129,5294486021,15.0,18.60,27.95,d'Alba White Truffle Balancing Serum Skin 80ml - Default Title
55026975998289,11167487623505,5294503440,23.0,28.52,41.95,d'Alba White Truffle Balancing Water Cream 50ml - Default Title
55026976424273,11167487983953,4930898336,11.0,13.64,19.95,EUNYUL Homme All-in-One 150*2ea - Default Title
55026977014097,11167488115025,5226834168,10.0,12.40,18.95,[THE WHOO] Gongjinhyang Kun Jayoung Foam Cleanser 180ml - Default Title
55026977767761,11167488311633,7820581078,22.0,27.28,39.95,belif Manology 101 Deepclean Pore Cleansing Soap 160ml - Default Title
55026978586961,11167488541009,4430252014,12.0,14.88,21.95,[NATURE REPUBLIC] Africa Bird Homme All In One Fresh Balancer 150ml - Default Title
55026979373393,11167488868689,5226827158,22.0,27.28,39.95,[THE WHOO] Gongjinhyang Kun Nourishing Balancer for Men 140ml - Default Title
55026980192593,11167489098065,5226829106,20.0,24.80,36.95,[THE WHOO] Gongjinhyang Kun Nourishing Emulsion for Men 100ml - Default Title
55026981667153,11167489360209,11062432945,8.0,9.92,14.95,JUNGSAEMMOOL Men Lip-Newal Color Balm 3g (2-type) - Black Balm
55026981699921,11167489360209,11062432945,8.0,9.92,14.95,JUNGSAEMMOOL Men Lip-Newal Color Balm 3g (2-type) - Blue Balm
55026983010641,11167489982801,10509766246,12.0,14.88,21.95,Dr.G RED BLEMISH For Men All In One Tone Lotion 50ml - Default Title
55026983829841,11167490310481,11515903245,14.0,17.36,25.95,Dr.G RED BLEMISH For Men Wrinkle All In One 150ml - Default Title
55026984583505,11167490572625,8482197241,14.0,17.36,25.95,Dr.G RED BLEMISH For Men All In One Oil Cut Lotion 150ml - Default Title
55026985369937,11167490802001,5712828177,14.0,17.36,25.95,Dr.G RED BLEMISH For Men Calming All In One 150ml - Default Title
55026986189137,11167491064145,4949508275,10.0,12.40,18.95,Dr.G RED BLEMISH For Men Multi Soothing Toner 200ml - Default Title
55026987106641,11167491293521,9536339345,11.0,13.64,19.95,[NATURE REPUBLIC] Man In Blue All In One Wash 350ml - Default Title
55026989039953,11167491785041,2197122205,8.0,9.92,14.95,SKINFOOD Black Sugar Perfect Toner 2X For Men 180ml - Default Title
55026989826385,11167492079953,11070985986,12.0,14.88,21.95,[NATURE REPUBLIC] Man In Blue All In One Moisturizer 150ml - Default Title
55026990612817,11167492342097,12053640530,19.0,23.56,34.95,belif Manology Protective Ectoin Toner 150ml - Default Title
55026992218449,11167492866385,11601163121,21.0,26.04,37.95,A'pieu Men's All Cover Calming Foundation 12g (2 Colors) - #01 Neutral
55026992251217,11167492866385,11601163121,21.0,26.04,37.95,A'pieu Men's All Cover Calming Foundation 12g (2 Colors) - #02 Healthy
55026995560785,11167493914961,6055284231,14.0,17.36,25.95,O HUI The First Geniture For Men Natural BB Cream 50ml - Default Title
55026996609361,11167494209873,6055245450,13.0,16.12,23.95,O HUI The First Geniture For Men Daily Sunblock SPF50+ PA+++ 50ml - Default Title
55026997231953,11167494504785,6055137263,19.0,23.56,34.95,O HUI The First Geniture For Men Moisturizer 110ml - Default Title
55026998051153,11167494766929,5203750621,14.0,17.36,25.95,O HUI Meister For Men Hydra Lotion 110ml - Default Title
55026998804817,11167495061841,5203757391,14.0,17.36,25.95,O HUI Meister For Men Fresh Skin 150ml - Default Title
55026999624017,11167495258449,5203763377,14.0,17.36,25.95,O HUI Meister For Men Fresh Lotion 110ml - Default Title
55027000181073,11167495520593,6055120772,17.0,21.08,30.95,O HUI The First Geniture For Men Skin Refresher 150ml - Default Title
55027001360721,11167495749969,5203744882,14.0,17.36,25.95,O HUI Meister For Men Hydra Skin 150ml - Default Title
55027002114385,11167496044881,5203736528,13.0,16.12,23.95,O HUI For Men Neofeel Moisturizing Emulsion 135ml - Default Title
55027003588945,11167496569169,6507231923,13.0,16.12,23.95,AHC Only For Man Pore Fresh All In One Essence 200ml - Default Title
55027004375377,11167496831313,6507226734,13.0,16.12,23.95,AHC Only For Man All In One Essence 200ml - Default Title
55027005129041,11167497126225,TM20250106000150421,12.0,14.88,21.95,TONYMOLY Regencia Homme Emulsion 150ml - Default Title
55027005718865,11167497322833,3935112654,22.0,27.28,39.95,TONYMOLY Regencia Homme Skincare SET - Default Title
55027006931281,11167497584977,7420897353,7.0,8.68,12.95,OBgE Cloud Deep Cleansing Foam 150ml - Default Title
55027007684945,11167497847121,7108836953,19.0,23.56,34.95,OBgE All in One Double Essence 100ml - Default Title
55027008471377,11167498043729,TM20250106000150420,12.0,14.88,21.95,TONYMOLY Regencia Homme Toner 150ml - Default Title
55027009421649,11167498273105,6805472310,6.0,7.44,10.95,OBgE One Step Pore Cleansing Sheet 135g/32ea - Default Title
55027010109777,11167498633553,6854249960,8.0,9.92,14.95,OBgE Gentle Finish Shaving Gel 80g - Default Title
55027010797905,11167498764625,9625862040,12.0,14.88,21.95,Hanskin Perfect All In One Lotion 115ml - Default Title
55027011486033,11167498928465,12309469478,22.0,27.28,39.95,belif Manology Collagen Extreme All In One 100ml - Default Title
55027012272465,11167499092305,13636895407,16.0,19.84,28.95,DEWYTREE AC Deep Men's Calming Pore All-In-One 200ml - Default Title
55027012927825,11167499288913,4761642524,14.0,17.36,25.95,GRAFEN Calming Green Skin 180ml - Default Title
55027013517649,11167499387217,10512617333,11.0,13.64,19.95,GRAFEN Triple Lip Pro 4.3g [Color Lip] - Default Title
55027014271313,11167499551057,Mediflower Embossing Soft Cotton Puff Cotton Pads 600P,10.0,12.40,18.95,Mediflower Embossing Soft Cotton Puff Cotton Pads 600P - Default Title
55027014959441,11167499682129,11107135871,16.0,19.84,28.95,FULLY PORE CLEANSING BRUSH - Default Title
55027015614801,11167499845969,10812202491,15.0,18.60,27.95,SENNOK Bbiyaki Guasha - Default Title
55027016073553,11167499944273,10471713518,14.0,17.36,25.95,AMUSE Wellness Face Cooler 2ea - Default Title
55027016565073,11167500075345,9984669584,15.0,18.60,27.95,HEVEBLUE Natural White Clay Homecare Relaxing Gua Sha - Default Title
55027017253201,11167500206417,4931183717,7.0,8.68,12.95,PAUL MEDISON Deep-Red Keratin Care Foot Cream 510ml - Default Title
55027017908561,11167500337489,Rokkiss Foot care AGABAL stick 20g x 2ea,12.0,14.88,21.95,Rokkiss Foot care AGABAL stick 20g x 2ea - Default Title
55027018629457,11167500468561,MEFACTORY PEELING DEAD FOOT PACK 3EA,12.0,14.88,21.95,MEFACTORY PEELING DEAD FOOT PACK 3EA - Default Title
55027019383121,11167500632401,10109244900,5.0,6.20,9.95,PAUL MEDISON Deep-red Foot Cream Green Tea 100ml - Default Title
55027020071249,11167500796241,4958016248,7.0,8.68,12.95,PAUL MEDISON Deep-red Foot Shampoo 510ml - Default Title
55027020628305,11167500992849,9489810136,12.0,14.88,21.95,innisfree Special Care Mask Foot 20ml X 6ea - Default Title
55027021414737,11167501156689,8084631310,8.0,9.92,14.95,SUNGBOON EDITOR Shea Butter Baby Foot Stick 20g - Default Title
55027021939025,11167501451601,10874847138,13.0,16.12,23.95,Kerasys Spa Foot Shampoo 400ml X 2ea - Default Title
55027023446353,11167501844817,11525416788,11.0,13.64,19.95,MEDIHEAL Derma Layer Foot Mask 18ml X 5ea - Default Title
55027024134481,11167502139729,5569130647,11.0,13.64,19.95,Dr.Jart+ Every Sun Day Tone-Up Sun Fluid 30ml (SPF50+ PA++++) - Default Title
55027025150289,11167502270801,4624390000,12.0,14.88,21.95,CNP Tone-up Protection Sun 50ml - Default Title
55027026493777,11167502664017,534316494,15.0,18.60,27.95,[THANK YOU FARMER] Sun Project Light Sun Essence SPF50+ PA+++ 40ml - Default Title
55027027542353,11167503090001,4469108369,24.0,29.76,43.95,[THANK YOU FARMER] Safe Sun Fluid Age 0880 100ml - Default Title
55027029147985,11167503712593,5093131677,23.0,28.52,41.95,belif UV Protector Leports Waterproof (SPF50+/PA++++) 80ml - Default Title
55027030065489,11167504007505,534317036,18.0,22.32,32.95,[THANK YOU FARMER] Sun Project Shimmer Sun Essence SPF30 PA++ 40ml - Default Title
55027030851921,11167504400721,1675342644,17.0,21.08,30.95,AYODELE Natural Aloe Vera Sun Cream 500ml - Default Title
55027031572817,11167504597329,1944946724,17.0,21.08,30.95,EUNYUL Daily Care Fresh Sunscreen SPF46 PA+++ 300ml - Default Title
55027032195409,11167504925009,121,15.0,18.60,27.95,HERA SUN MATE LEPORTS PRO WATERPROOF SPF 50+ / PA++++ 70ml - Default Title
55027032949073,11167505318225,534314576,14.0,17.36,25.95,[THANK YOU FARMER] Sun Project Water Sun Cream SPF50+ PA+++ 50ml - Default Title
55027033669969,11167505645905,261339691,14.0,17.36,25.95,EUNYUL Daily Care Sun Stick Set 23g X 2ea - Default Title
55027034194257,11167505940817,5035358467,13.0,16.12,23.95,Benton Mineral Sun Stick (SPF50+ PA++++) 15g - Default Title
55027035177297,11167506170193,4583248357,13.0,16.12,23.95,BORNTREE Berry Essence Sun Block SPF50+ PA+++ 50ml + 50ml - Default Title
55027035767121,11167506563409,8676462820,12.0,14.88,21.95,THE FACE SHOP Power Long Lasting Tone Up Sun Pink SPF 50+ PA++++ 50ml - Default Title
55027036389713,11167506727249,378347802,12.0,14.88,21.95,Dr.G Brightening Up Sun SPF50+ PA+++ 50ml - Default Title
55027037176145,11167506989393,677101781,12.0,14.88,21.95,Dr.G Green Mild Up Sun Plus SPF50+/PA++++ 50ml - Default Title
55027037929809,11167507251537,4624396820,12.0,14.88,21.95,CNP Derma Shield Sun Stick 14g - Default Title
55027038880081,11167507611985,8951773768,11.0,13.64,19.95,Dr.Belmeur UV Derma Mineral Sun Stick SPF 50+ PA+++ 20g - Default Title
55027039863121,11167507939665,5508947625,10.0,12.40,18.95,Dr.Jart+ Every Sun Day Mild Sun 30ml - Default Title
55027153502545,11167540314449,4721240503,10.0,12.40,18.95,espoir Water Splash Sun Cream 60ml SPF50+PA+++ - Default Title
55027154682193,11167540609361,4823905907,8.0,9.92,14.95,MISSHA SAFE BLOCK RX COVER TONE UP SUN 50ml - Default Title
55027155632465,11167540904273,2005727410,8.0,9.92,14.95,DASHU Daily Light Fit Sun Gel 50ml - Default Title
55027156549969,11167541231953,4547762980,8.0,9.92,14.95,[KIM JEONG MOON Aloe] Cure Water Splash Cooling Sun Stick SPF50+ PA++++ 23g - Default Titl
55027157631313,11167541363025,5508936587,7.0,8.68,12.95,Dr.Jart+ Every Sun Day Moisturizing Sun 30ml - Default Title
55027158581585,11167541690705,4754226562,5.0,6.20,9.95,A'pieu Pure Block Tone-Up Sun Base SPF50+/PA+++ 50ml - Default Title
55027159695697,11167541920081,4754226558,5.0,6.20,9.95,A'pieu Pure Block Sun Cream Waterproof Sun Cream SPF50/PA+++ 50ml - Default Title
55027160613201,11167542346065,4754226556,5.0,6.20,9.95,A'pieu Pure Block Aqua Sun Gel SPF50+/PA+++ 50ml - Default Title
55027161694545,11167542673745,4744401740,4.0,4.96,7.95,MISSHA All Around Safe Block Essence Sun SPF45 PA+++ 50ml - Default Title
55027162644817,11167542935889,6881613491,11.0,13.64,19.95,MISSHA Safe Block RX Brightening Tone Up SPF50+/PA++++ 50ml - Default Title
55027163365713,11167543066961,7019750175,12.0,14.88,21.95,Re:NK INTENSE BRIGHTENING CELL ESSENCE SUN CREAM 50ml - Default Title
55027164119377,11167543329105,6473259158,15.0,18.60,27.95,MISSHA Chogongjin Sulbon Sunscreen SPF50+ PA++++ 50ml - Default Title
55027165331793,11167543591249,6791112967,11.0,13.64,19.95,MISSHA Safe Block RX Rosy Tone Up SPF50+/PA++++ 50ml - Default Title
55027166085457,11167543820625,8363334348,21.0,26.04,37.95,HERA UV PROTECTOR ACTIVE SUN BALM SPF 50+/PA++++ 10g - Default Title
55027167887697,11167544312145,5203668030,24.0,29.76,43.95,O HUI Day Shield Perfect Sun Black SPF50+ / PA++++ 50ml - Default Title
55027168903505,11167544574289,8135869579,16.0,19.84,28.95,O HUI MIRACLE TONING daily sun SPF 50+ / PA++++ 50ml - Default Title
55027170148689,11167544836433,6204724956,23.0,28.52,41.95,HERA UV PROTECTOR TONE-UP SPF50+ / PA++++ 50ml - Default Title
55027174179153,11167545557329,5488978234,19.0,23.56,34.95,O HUI ULTRA SUNBLOCK UV FORCE SPF50+ / PA++++ 50ml - Default Title
55027176636753,11167545917777,5203665108,15.0,18.60,27.95,O HUI Day Shield Perfect Sun Red SPF50+ PA++++ 50ml - Default Title
55027177652561,11167546179921,5203668030,15.0,18.60,27.95,O HUI Day Shield Perfect Sun Black SPF50+ PA++++ 50ml - Default Title
55027178570065,11167546442065,8376788793,10.0,12.40,18.95,It'S SKIN Power 10 Formula LI Foundation-Free Sun Cream 45ml - Default Title
55027179716945,11167546638673,8376788587,7.0,8.68,12.95,It'S SKIN Power 10 Formula VC Tone Up Sun Cream 45ml - Default Title
55027181027665,11167546933585,8708857707,15.0,18.60,27.95,AESTURA Derma UV 365 Red Calming Tone-up Sunscreen 40ml - Default Title
55027181945169,11167547130193,10673130972,17.0,21.08,30.95,AESTURA DERMA UV365 BARRIER HYDRO MINERAL SUNSCREEN 40ml - Default Title
55027182895441,11167547326801,8437124078,13.0,16.12,23.95,Hanskin Hyaluron Relief Water Sun Cream 50ml SPF50+ PA++++ - Default Title
55027184337233,11167547687249,8424423742,14.0,17.36,25.95,innisfree Hyaluron Moist Sunscreen 50ml SPF50+ PA++++ - Default Title
55027185516881,11167547916625,8424420126,11.0,13.64,19.95,innisfree Tone Up No Sebum Sunscreen EX 50+ PA++++ 60ml - Default Title
55027186336081,11167548146001,8277399128,12.0,14.88,21.95,innisfree UV Active Poreless Sunscreen 50ml SPF50+ PA++++ - Default Title
55027187319121,11167548342609,5046565537,7.0,8.68,12.95,SKINFOOD Tomato Tone Up Sun Cream 50ml - Default Title
55027188531537,11167548571985,8670569103,10.0,12.40,18.95,THE FACE SHOP The Therapy Vegan Sunscreen Stick SPF50+ PA++++ 18g - Default Title
55027189678417,11167548735825,3878109728,15.0,18.60,27.95,ROVECTIN INTENSE MOISTURE SUN CREAM SPF50+ PA++++ 50ml - Default Title
55027190628689,11167549161809,9398121249,18.0,22.32,32.95,ROVECTIN AQUA SOOTHING SUN CREAM SPF50+ PA++++ 50ml - Default Title
55027191120209,11167549391185,10284785053,13.0,16.12,23.95,AHC Masters Calming Waterfull Sun Stick 22g (SPF50+/PA++++) - Default Title
55027191808337,11167549587793,10126039239,10.0,12.40,18.95,AHC Masters Melaprotect Waterfull Sun Cream 40ml (SPF50+/PA++++) - Default Title
55027193577809,11167549948241,10257699454,24.0,29.76,43.95,IOPE UV shield Sun Ampoule SPF50+ PA+++ 40ml - Default Title
55027194102097,11167550112081,5586756979,21.0,26.04,37.95,IOPE UV Shield Essential Tone-up Sun SPF 50+ PA++++ 50ml - Default Title
55027195052369,11167550374225,5735980731,20.0,24.80,36.95,IOPE UV Shield Essential Sun Protector SPF 50+ PA++++ 50ml - Default Title
55027195838801,11167550570833,6562483490,18.0,22.32,32.95,IOPE Men Compound Sunscreen SPF50+ PA++++ 50ml - Default Title
55027196854609,11167550832977,5700999840-001,7.0,8.68,12.95,"rom&nd ZERO SUN CLEAN 50ml, SPF 50+, PA++++ - #01 Fresh"
55027196887377,11167550832977,5700999840-002,7.0,8.68,12.95,"rom&nd ZERO SUN CLEAN 50ml, SPF 50+, PA++++ - #02 Tone-up"
55027197477201,11167551127889,8435492271,17.0,21.08,30.95,IOPE UV Shield Sunstick SPF50+ PA++++ 20g - Default Title
55027197903185,11167551324497,8324356211,12.0,14.88,21.95,"goodal Heartleaf Calming Cooling Sun Stick 19g / SPF50+,PA++++ - Default Title"
55027199803729,11167551422801,5682707692,11.0,13.64,19.95,goodal Heartleaf Calming Moisture Sun Cream 50ml [SPF 50+ PA++++] - Default Title
55027200196945,11167551488337,9949340258,12.0,14.88,21.95,goodal Heartleaf Calming Tone Up Sun Cream 50ml [SPF50+ PA++++] - Default Title
55027200688465,11167551652177,6474058291,12.0,14.88,21.95,"ETUDE Soonjung Director's Moisture Sun Cream SPF50+ PA++++, 50ml - Default Title"
55027201835345,11167551848785,9957939171,14.0,17.36,25.95,espoir Water Splash Sun Serum 50ml SPF50+ PA+++ - Default Title
55027202687313,11167551979857,282667995,7.0,8.68,12.95,ETUDE Sunprise Mild Watery Light SPF50+ PA++++ 50ml - Default Title
55027203604817,11167552242001,10133756831,11.0,13.64,19.95,ETUDE Soonjung Director's Tone-up Cream SPF50+/PA++++ 40ml - Default Title
55027204227409,11167552405841,8874550000,11.0,13.64,19.95,APLB Glutathione Niacinamide Sunscreen 40ml - Default Title
55027204850001,11167552569681,5465379810,15.0,18.60,27.95,ILLIYOON Mild Easy-wash Sunscreen 150ml - Default Title
55027205341521,11167552667985,5411263565,22.0,27.28,39.95,JUNGSAEMMOOL Masterclass Ampoule Sun 50ml (SPF50+ / PA++++) - Default Title
55027207110993,11167552766289,10012419587,15.0,18.60,27.95,JUNGSAEMMOOL Sunsual Active Proof Sun 70ml SPF 50+ / PA++++ - Default Title
55027207471441,11167552930129,10012432096,19.0,23.56,34.95,JUNGSAEMMOOL Sunsual Vita Capsule Sun 50ml SPF50+ / PA++++ - Default Title
55027208290641,11167553061201,10158355930,11.0,13.64,19.95,"MEDIHEAL MEDIHEAL Moisture Tone-Up Sun Cream Vitamin C 50ml (SPF 50+, PA++++) - Default Ti"
55027208716625,11167553225041,6510829316,13.0,16.12,23.95,[THANK YOU FARMER] Sun Project Skin Relief Sun Cream SPF50+ PA++++ 50ml - Default Title
55027209339217,11167553356113,5694706375,15.0,18.60,27.95,[THANK YOU FARMER] Sun Project Silky Calming Sun Stick SPF50+ PA++++ 14g - Default Title
55027209765201,11167553454417,9945654702,19.0,23.56,34.95,primera Reparing Cera Capsule UV Protector Tone Up Priming 40ml - Default Title
55027210715473,11167553683793,8282912587,21.0,26.04,37.95,primera Reparing Cera Capsule UV Protector 40ml - Default Title
55027211469137,11167553913169,10158322115,11.0,13.64,19.95,"MEDIHEAL Moisture Calming Sun Cream Tea Tree 50ml (SPF 50+, PA++++) - Default Title"
55027211862353,11167554044241,8514878878,16.0,19.84,28.95,MIGUHARA Natural Whitening Sun Guard Cream Origin SPF50+/PA++++ 50ml - Default Title
55027212910929,11167554208081,6567130187,14.0,17.36,25.95,[so natural] Tone Up Sun Cream 50ml SPF50+ PA++++ - Default Title
55027213271377,11167554404689,8195251483,11.0,13.64,19.95,AMPLE:N Solar Shot Peach Tone Up Suncream 40ml - Default Title
55027213926737,11167554568529,8745408404,20.0,25.80,36.95,REJURAN Biome Healer Youth Formula Suncream 50ml - Default Title
55027214745937,11167554732369,8195287259,11.0,13.64,19.95,AMPLE:N Solar Shot Zinc Mild Suncream 40ml SPF 50+ PA++++ - Default Title
55027215401297,11167554896209,8195224476,11.0,13.64,19.95,AMPLE:N Solar Shot Water Suncream 40ml SPF 50+ PA++++ - Default Title
55027216482641,11167555158353,5939688804,19.0,23.56,34.95,REJURAN Healer UV Proteciton Cream SPF50+ PA+++ 40ml - Default Title
55027217006929,11167555420497,6882388079,22.0,27.28,39.95,REJURAN Healer UV Protection Balm SPF 50+ PA++++ 19g - Default Title
55027218579793,11167555748177,10239457423,10.0,12.40,18.95,Shingmulnara Oxygen Water Face & Body Sun Cream SPF+ PA++++ 150ml - Default Title
55027219595601,11167556010321,10239372389,11.0,13.64,19.95,Shingmulnara White Rice Bright Tone Up Moisture Sun Cream 100ml SPF50+ PA++++ - Default Ti
55027220414801,11167556206929,10239404374,11.0,13.64,19.95,Shingmulnara White Rice Bright Tone Up Cover Sun Cream 50ml - Default Title
55027220840785,11167556370769,10462556663,8.0,9.92,14.95,Shingmulnara White Rice Bright Tone Sun Gel Lotion 60ml SPF50+ PA++++ - Default Title
55027222184273,11167556698449,6804548231,14.0,17.36,25.95,papa recipe Eggplant Clearing Sun Cream 50ml (SPF 50+ PA++++) - Default Title
55027222577489,11167556796753,8565623871,20.0,24.80,36.95,papa recipe Mild Derma Waterfull Sun Lotion 50ml (SPF 50+ PA++++) - Default Title
55027223003473,11167556927825,9817484896,14.0,17.36,25.95,The SAEM Snail Essential EX Wrinkle Solution Sun Cream 40ml - Default Title
55027223920977,11167557091665,8304034369,11.0,13.64,19.95,CAREZONE Light Fit Velvet Sun Stick 39g - Default Title
55027225067857,11167557288273,9987372298,14.0,17.36,25.95,make p:rem Glow Beige Tone Up Sun Cream 50ml - Default Title
55027225887057,11167557615953,9987363131,14.0,17.36,25.95,make p:rem Soothing Pink Tone Up Sun Cream SPF 50+ PA++++ 50ml - Default Title
55027226509649,11167557714257,5497037747,13.0,16.12,23.95,make p:rem UV Defense Me. Calming Sun Cream SPF 50+ PA++++ 50ml - Default Title
55027227066705,11167557878097,7976260402,13.0,16.12,23.95,make p:rem UV Defense Me. No Sebum Sun Cream SPF50+ PA++++ 50ml - Default Title
55027228574033,11167558041937,5498205690,15.0,18.60,27.95,make p:rem UV Defense Me. Daily Sun Fluid 150ml - Default Title
55027229458769,11167558271313,6174536994,14.0,17.36,25.95,make p:rem UV Defense Me. Daily Sun Essence SPF 50+ PA++++ 50ml - Default Title
55027230605649,11167558533457,5496716863,12.0,14.88,21.95,make p:rem UV Defense Me. Calming Sun Stick 20g - Default Title
55027231490385,11167558697297,8756970139,13.0,16.12,23.95,make p:rem UV Defense Me. Watery Capsule Sun Cream 50ml - Default Title
55027232145745,11167559024977,7976245263,10.0,12.40,18.95,make p:rem UV Defense Me. Watery Balm Sun Stick SPF50+ PA++++ 18g - Default Title
55027232997713,11167559188817,10480345634,11.0,13.64,19.95,THE FACE SHOP Dewy Lasting Tone UP Sun Cream SPF50+ PA+++ 35ml - Default Title
55027233587537,11167559450961,9953407204,13.0,16.12,23.95,DEWYTREE Urban Shade Blue Tone Up Sun 40g - Default Title
55027234046289,11167559582033,9953776235,12.0,14.88,21.95,DEWYTREE Urban Shade Cool Calming Moist Sun 150ml - Default Title
55027234799953,11167559745873,8015944586,11.0,13.64,19.95,DEWYTREE Urban Shade Derma Panthenol 5 Moist Barrier Sun SPF50+ PA++++ 40ml - Default Titl
55027235520849,11167559975249,5474280344,10.0,12.40,18.95,DEWYTREE Urban Shade Cover And Fit Sun SPF50+ PA++++ 40ml - Default Title
55027236045137,11167560270161,6312509423,11.0,13.64,19.95,DEWYTREE Urban Shade Cover & Fit Sun Cushion SPF50+ PA++++ 14g - Default Title
55027236667729,11167560401233,6383454994,7.0,8.68,12.95,DEWYTREE Urban Shade Cool Calming Sun Stick SPF50+ PA++++ 20g - Default Title
55027237192017,11167560532305,4572007518,11.0,13.64,19.95,DEWYTREE Urban Shade Moisture Repair Sun SPF50+ PA++++ 50ml - Default Title
55027238207825,11167560761681,8016321666,13.0,16.12,23.95,DEWYTREE Urban Shade Peach Like Tone Up Sun Stick SPF50+ PA++++ 13g - Default Title
55027238764881,11167560958289,4966528751,7.0,8.68,12.95,PAUL MEDISON DEEP-RED SUN CREAM 60ml SPF50 PA+++ - Default Title
55027239354705,11167561056593,9987969856,12.0,14.88,21.95,Isntree Onion Fresh Fluid Sun Cream 50ml SFP50 PA++++ - Default Title
55027239747921,11167561154897,9987979241,8.0,9.92,14.95,Isntree Onion Fresh Light Sun Stick 22g SFP50 PA++++ - Default Title
55028046332241,11167576686929,10384272121,14.0,17.36,25.95,TONYMOLY Mild Apricot Tone Up Sun Cream SPF50+ PA++++ 50ml - Default Title
55028046430545,11167576752465,5746626775,14.0,17.36,25.95,TONYMOLY GIMIYA Whitening Tone Up Sun Cream 50ml SPF50+ PA+++ - Default Title
55028046496081,11167576785233,8676476466,16.0,19.84,28.95,THE FACE SHOP POWER LONG-LASTING SUN CREAM SPF50+ PA+++ 80ml - Default Title
55028046561617,11167576818001,8676489546,10.0,12.40,18.95,THE FACE SHOP POWER LONG-LASTING SUN CREAM SPF50+ PA+++ 50ml - Default Title
55028046627153,11167576850769,10254454262,14.0,17.36,25.95,TONYMOLY Mild Blue Agave Soothing Sun Gel 50ml SPF50+ PA++++ - Default Title
55028046758225,11167576916305,6532027854,7.0,8.68,12.95,TONYMOLY UV Master Perfecting Sun Block 50ml SPF50+ PA+++ - Default Title
55028046823761,11167576949073,8525982926,18.0,22.32,32.95,TONYMOLY UV Master Kids & Mom Mild Sun Cream SPF50+ PA++++ 45ml - Default Title
55028046922065,11167576981841,10760157464,11.0,13.64,19.95,goodal Heartleaf Calming Mineral Filter Sun Cream 50ml SPF50+ PA++++ - Default Title
55028047020369,11167577047377,10078807867,8.0,9.92,14.95,innisfree Intensive Leisure Sun Stick 18g SPF50+ PA++++ - Default Title
55028047151441,11167577112913,10078798613,8.0,9.92,14.95,Innisfree Tone up Watering Sunscreen SPF50+ PA++++ 60ml - Default Title
55028047249745,11167577178449,8496293599,17.0,21.08,30.95,d'Alba Air Fit Fresh Sun Stick 19g - Default Title
55028047479121,11167577211217,8822617970,14.0,17.36,25.95,[MARY & MAY] Vegan Niacinamide Panthenol Sun Cushion SPF50+ PA++++ 25g - Default Title
55028047577425,11167577243985,8822488663,10.0,12.40,18.95,[MARY & MAY] Vegan CICA Soothing Sun Cream SPF50+ PA++++ 50ml - Default Title
55028047642961,11167577309521,10453426713,22.0,27.28,39.95,d'Alba Waterfull Fresh Sun Cushion 15g SPF50+/PA++++ - Default Title
55028047708497,11167577342289,8496094073,16.0,19.84,28.95,d'Alba Waterfull Essence Sun Cream SPF50+/PA++++ 50ml - Default Title
55028047839569,11167577407825,8496267482,20.0,24.80,36.95,d'Alba Waterful Fresh Sun Cushion 25g - Default Title
55028047970641,11167577473361,8496219634,17.0,21.08,30.95,d'Alba Waterfull Mild Sun Cream 50ml - Default Title
55028048036177,11167577506129,8496284462,23.0,28.52,41.95,d'Alba Waterfull Tone-Up Sun Cushion 15g SPF50+/PA++++ - Default Title
55028048134481,11167577538897,8496182672,16.0,19.84,28.95,"d'Alba Waterfull Tone-Up Sun Cream SPF 50+, PA++++ 50ml - Default Title"
55028048200017,11167577604433,9933206755,16.0,19.84,28.95,d'Alba Waterfull Tone-Up Sun Cream (Purple) 50ml SPF50+ PA++++ - Default Title
55028048757073,11167577669969,9423606002,19.0,23.56,34.95,heimish Artless Glow Tinted Sunscreen SPF50+ PA++++ 40ml - Default Title
55028048822609,11167577702737,8496234398,16.0,19.84,28.95,d'Alba White Truffle Repair Sun Serum 35ml - Default Title
55028050198865,11167577768273,Elizavecca925,14.0,17.36,25.95,Elizavecca Milky Piggy Sun Great Block Stick SPF 50+ PA+++ 22g - Default Title
55028050526545,11167577801041,8376959589,14.0,17.36,25.95,KAINE Green Fit Pro Sun 55ml - Default Title
55028051050833,11167578128721,6751796511,13.0,16.12,23.95,[Pyunkang Yul] Moisture Soothing Sun Cream SPF50+ PA++++ 50ml - Default Title
55028051509585,11167578227025,7015971250,13.0,16.12,23.95,[Pyunkang Yul] Calming Sun Cream SPF50+ PA++++ 50ml - Default Title
55028051640657,11167578292561,8966564432,13.0,16.12,23.95,[Pyunkang Yul] Airy Protection Sun Stick SPF50+ PA++++ 17g - Default Title
55028052361553,11167578358097,6957066950,12.0,14.88,21.95,Eunyul Lab Moisture Sun Cream SPF50+ PA++++ 50ml - Default Title
55028052427089,11167578456401,6957091206,8.0,9.92,14.95,EUNYUL Lab Relief Sun Cream SPF50+ PA++++ 50ml - Default Title
55028052656465,11167578587473,9902398957,20.0,24.80,36.95,"belif Super Drops Multi Vitamin Sunquid 50ml (SPF 50+, PA++++) - Default Title"
55028052722001,11167578653009,10560632731,7.0,8.68,12.95,[MACQUEEN New York] UV Daily Sun Cream Travel Kit SPF50+ PA+++ (Base 30ml+Matt 30ml) - Def
55028052787537,11167578685777,10476264877,14.0,17.36,25.95,[I'm Sorry For My Skin] Lacto Aqua Sun Cream SPF50+ PA++++ 50ml - Default Title
55028052885841,11167578718545,4949102325,8.0,9.92,14.95,MEDIPEEL Active Silky Sun Cream SPF50+ PA+++ 50ml - Default Title
55028052984145,11167578784081,5912585818,13.0,16.12,23.95,Isntree Hyaluronic Acid Natural Suncream SPF50+PA++++ 50ml - Default Title
55028053082449,11167578849617,4194450506,21.0,26.04,37.95,Dr.Ceuracle 5α Control No Sebum Sun Lotion SPF50+ PA++++ 50ml - Default Title
55028053213521,11167578980689,5607743015,22.0,27.28,39.95,Dr.Ceuracle Cica Regen Vegan Sun SPF50+ PA++++ 50ml - Default Title
55028053377361,11167579046225,6258956710,17.0,21.08,30.95,Dr.Ceuracle Hyal Reyouth Moist Sun SPF50+ PA++++ 50ml - Default Title
55028053606737,11167579078993,9950349119,10.0,12.40,18.95,[THE LAB by BLANC DOUX] Green Flavonoid 2.0 Sun SPF50+ PA++++ 40ml - Default Title
55028053737809,11167579111761,10520548710,13.0,16.12,23.95,Dinto [Wooncho Collection] Last Sun Care SPF 50+PA++++ 50ml - S561 Clear
55028053770577,11167579111761,10520548710,13.0,16.12,23.95,Dinto [Wooncho Collection] Last Sun Care SPF 50+PA++++ 50ml - S562 Toneup
55028053868881,11167579177297,10448369796,17.0,21.08,30.95,AROMATICA Vitalizing Rosemary Moist Barrier Mineral Sunscreen SPF50+ PA++++ 50ml - Default
55028053934417,11167579242833,10325639733,12.0,14.88,21.95,KAHI Airy fit Sun Stick SPF 50+ PA++++ 14g - Default Title
55028053999953,11167579275601,10337556131,18.0,22.32,32.95,KAHI Aqua Shield Sun Lotion SPF50+PA++++ 50ml - Default Title
55028054131025,11167579341137,8304476066,8.0,9.92,14.95,[Real Barrier] Aqua Soothing Sun Lotion SPF50+PA++++ 1+1 (50ml+50ml) - Default Title
55028054720849,11167579406673,8304473108,12.0,14.88,21.95,[Real Barrier] Aqua Soothing Sun Lotion SPF50+ PA++++ 50ml - Default Title
55028054851921,11167579472209,8304500876,12.0,14.88,21.95,[Real Barrier] Auqa Soothing Sun Stick SPF50+ PA++++ 21g - Default Title
55028054917457,11167579570513,10008070321,11.0,13.64,19.95,[Real Barrier] Cera Moisture Barrier Sun Cream SPF 50+ PA++++ 50ml - Default Title
55028054982993,11167579603281,10058225408,14.0,17.36,25.95,[Real Barrier] Cica Green Tone Up Sun Cream SPF 50+ PA++++ 50ml - Default Title
55028055048529,11167579636049,10158142043,14.0,17.36,25.95,[Real Barrier] Peach Fit Tone-Up Sun Cream SPF 50+ PA++++50ml - Default Title
55028055114065,11167579668817,5606811289,12.0,14.88,21.95,AHC Masters Aqua Rich Sun Cream (SPF50+/PA++++) 30ml+30ml Double Set - Default Title
55028055212369,11167579734353,11498115970,11.0,13.64,19.95,AHC Masters Aqua Rich Sun Cream 50ml (SPF50+/PA++++) - Default Title
55028055310673,11167579767121,9999261194,16.0,19.84,28.95,[THE WHOO] Gongjinhyang Sunquid UV Protective Cream SPF50+ PA++++ 50ml - Default Title
55028055376209,11167579832657,11663422050,13.0,16.12,23.95,JUNGSAEMMOOL Blue Chamomile Hyaluronic Acid Airy Stick SPF50+ PA++++ 15g - Default Title
55028055507281,11167579865425,11183315771,13.0,16.12,23.95,NEOGEN White Truffle Treatment Sun Screen 50g - Default Title
55028055572817,11167579930961,4884291148,13.0,16.12,23.95,NEOGEN Surmedic Azulene Mild 5.5 UV Protect Sun 50ml - Default Title
55028055671121,11167579996497,10503627749,13.0,16.12,23.95,NEOGEN Dermalogy Double Vita Watery Sun Serum 50ml - Default Title
55028055736657,11167580029265,11601447917,13.0,16.12,23.95,JUNGSAEMMOOL Blue Chamomile Hyaluronic Acid Aqua Sun Cream SPF 50+ PA++++ 50ml - Default T
55028055802193,11167580062033,6510736508,5.0,6.20,9.95,MISSHA All Around Safe Block Cotton Sun SPF50+ PA++++ 50ml - Default Title
55028055900497,11167580094801,9902233579,11.0,13.64,19.95,[MANYO FACTORY] Hyaluron Hydrating Sunscreen SPF50+ PA++++ 50ml - Default Title
55028055966033,11167580160337,11590965189,20.0,24.80,36.95,d'Alba Clean Tea Tree Liposome Tone-Up Sun Cream (Green) SPF50+ PA++++ 50ml - Default Titl
55028056064337,11167580193105,11644674471,20.0,24.80,36.95,d'Alba Vita Anti-Aging Sun Cream SPF50+ PA++++ 50ml - Default Title
55028058489169,11167580291409,5092129591,16.0,19.84,28.95,belif UV Protector Multi Sunscreen+ SPF50+ PA++++ 50ml - Default Title
55028059177297,11167580553553,7812853057,10.0,12.40,18.95,SKINFOOD Berry Soothing Sun Cream SPF50+ PA++++ 50ml - Default Title
55028059504977,11167580684625,7812847290,10.0,12.40,18.95,SKINFOOD Berry Moisturizing Sun Cream SPF50+ PA++++ 50ml - Default Title
55028060062033,11167580881233,11689095368,13.0,16.12,23.95,Dr.G Vita Clear Waterproof Sun Stick SPF50+ PA++++ 21g - Default Title
55028060127569,11167580979537,10760742784,14.0,17.36,25.95,Dr.G MEDI UV Ultra Up Sun Cushion 15g - Default Title
55028060193105,11167581012305,9842373216,13.0,16.12,23.95,Dr.G PORE BLUR UP SUN SPF50+ PA++++ 50ml - Default Title
55028060258641,11167581045073,9279349426,11.0,13.64,19.95,Dr.G BLACK SNAIL GLUTATHIONE TONE UP SUN SPF50+ PA++++ 50ml - Default Title
55028060324177,11167581077841,8102443610,13.0,16.12,23.95,Dr.G RED BLEMISH Soothing Up Sun Stick SPF50+ PA++++ 21g - Default Title
55028060422481,11167581110609,8102171115,13.0,16.12,23.95,Dr.G Brightening Up Moisture Sun SPF50+ PA++++ 50ml - Default Title
55028060520785,11167581143377,6437604541,10.0,12.40,18.95,Dr.G RED BLEMISH Soothing Up Sun 50ml - Default Title
55028060717393,11167581274449,11943065831,12.0,14.88,21.95,TONYMOLY Mild Blue Agave Soothing Sun Stick SPF 50+ PA++++ 15g - Default Title
55028061012305,11167581339985,11754055103,19.0,23.56,34.95,TONYMOLY Gimiya Spot Toning Sun Ampoule SPF50+ PA++++ 30ml - Default Title
55028061077841,11167581372753,11610679518,11.0,13.64,19.95,TONYMOLY UV Master Aqua Cooling Sun Cream SPF50+ PA++++ 150ml - Default Title
55028061339985,11167581405521,11819611630,13.0,16.12,23.95,SUNGBOON EDITOR Pink Blossom Brightening Tone Up Sun Cream SPF 50+ PA+++ 50ml - Default Ti
55028061798737,11167581471057,10281540068,11.0,13.64,19.95,SUNGBOON EDITOR Active Marine Astaxanthin Tone Up Sun Cream SPF50+ PA++++ 50g - Default Ti
55028061929809,11167581536593,8297010605,14.0,17.36,25.95,SUNGBOON EDITOR Green Tomato Pore Blurring Sun Cream SPF50+PA++++ 50g - Default Title
55028062060881,11167581634897,11726529662,17.0,21.08,30.95,[Cell Fusion C] Laser UV Pore Sun Serum SPF50+ PA++++ 40ml - Default Title
55028062126417,11167581700433,11662393574,10.0,12.40,18.95,[Cell Fusion C] Cooling Sun Patch 4.5g X 4ea - Default Title
55028063338833,11167581733201,11533133984,13.0,16.12,23.95,[Cell Fusion C] Aquatica Cooling Sunscreen SPF50+ PA++++ 50ml - Default Title
55028063502673,11167581765969,11533073093,13.0,16.12,23.95,[Cell Fusion C] Dark Spot Toning Sunscreen SPF50+ PA++++ 50ml - Default Title
55028063600977,11167581864273,6510736541,6.0,7.44,10.95,MISSHA All-Around Safe Block Aqua Sun SPF50+ PA++++ 50ml - Default Title
55028064256337,11167581929809,10036414476,5.0,6.20,9.95,MISSHA All-Around Safe Block Zero Vegan Sun SPF50+ PA++++ 50ml - Default Title
55028064354641,11167582028113,11492854536,16.0,19.84,28.95,AESTURA DERMA UV 365 VITA-C RADIANCE SUNSCREEN SPF50+ PA++++ 40ml - Default Title
55028064420177,11167582093649,11941470989,18.0,22.32,32.95,A'pieu Waterlock Tone Up Sun Cushion Lavender SPF50+ PA++++ 15g - Default Title
55028064518481,11167582159185,10532466749,24.0,29.76,43.95,9wishes VB Tone-Up Sun Cream Signature SPF50+ PA++++ 50ml - Default Title
55028064616785,11167582191953,10420702518,11.0,13.64,19.95,A'pieu Pure Block Tone-Up Sun Cushion SPF50+ PA++++ 11g - Default Title
55028064747857,11167582290257,7710201845,14.0,17.36,25.95,9wishes Dermatic Cica Sunscreen 50ml - Default Title
55028064813393,11167582323025,11514204045,16.0,19.84,28.95,O HUI DAY SHIELD NIACINAMIDE 5% Tone Up Sun SPF50+ PA++++ 50ml - Default Title
55028064878929,11167582355793,10007666013,8.0,9.92,14.95,O HUI Day Shield Sunquid SPF50+ PA++++ 50ml - Default Title
55028065141073,11167582388561,8637939518,14.0,17.36,25.95,O HUI Day Shield Aqua Sun Stick To Go SPF50+ PA++++ 14g - Default Title
55028065272145,11167582421329,11615109373,17.0,21.08,30.95,Dr.Belmeur Family Easy Wash Sun Cream 190ml - Default Title
55028065337681,11167582486865,8951830883,7.0,8.68,12.95,Dr.Belmeur UV Derma Tone Up Sun Cream SPF50+ PA++++ 50ml - Default Title
55028065435985,11167582519633,10353455303,7.0,8.68,12.95,Dr.Belmeur UV Derma Cica Moisture Sun Cream SPF50+ PA++++ 50ml - Default Title
55028065534289,11167582617937,6448451073,20.0,24.80,36.95,O HUI The First Geniture Vitamin UV Defense SPF50+ PA++++ 50ml - Default Title
55028065599825,11167582650705,8695827823,8.0,9.92,14.95,CENTELLIAN24 Madeca Derma Shield Safe Sun Stick SPF50+ PA++++ 18g - Default Title
55028066648401,11167583207761,12043121555,11.0,13.64,19.95,[NATURE REPUBLIC] UV CUT BAOBAB Foundation Free Sun Cream SPF50+ PA++++ 40ml+40ml - Defaul
55028066713937,11167583273297,12042715876,11.0,13.64,19.95,[NATURE REPUBLIC] UV CUT BAOBAB Tone Up Sun Cream SPF50+ PA++++ 40ml+40ml - Default Title
55028066812241,11167583338833,12042692418,11.0,13.64,19.95,[NATURE REPUBLIC] UV CUT BAOBAB Moisturizing Sun Cream SPF50+ PA++++ 40ml+40ml - Default T
55028066877777,11167583371601,8535387460,11.0,13.64,19.95,AHC Safe On Cica Calming Sun Cushion EX SPF50+ PA++++ 25g - Default Title
55028068122961,11167583404369,12144570412,8.0,9.92,14.95,AHC Masters Air Rich Sun Stick SPF50+ PA++++ 10g - Default Title
55028068188497,11167583437137,2012798462,21.0,26.04,37.95,[NATURE REPUBLIC] California Aloe Aqua Jumbo Sunscreen SPF50+ PA++++ 250ml - Default Title
55028068286801,11167583469905,11667112880,17.0,21.08,30.95,[NATURE REPUBLIC] California Aloe Cooling Watery Sun Stick SPF50+ PA++++ 24g - Default Tit
55028068385105,11167583535441,6329103887,12.0,14.88,21.95,AHC Safe On Essence Sun Cream SPF50+ PA++++ 50ml - Default Title
55028068450641,11167583600977,5426448493,12.0,14.88,21.95,AHC Safe On Mild Sun Cushion SPF50+ PA++++25g - Default Title
55028069106001,11167583666513,11629548996,13.0,16.12,23.95,WELLAGE Real Hyaluronic Blue Sun Cream SPF50+ PA++++ 50ml - Default Title
55028069171537,11167583797585,10675087675,13.0,16.12,23.95,WELLAGE Real Hyaluronic Tone-up Sun Cream SPF50+ PA++++ 50ml - Default Title
55028069433681,11167583830353,10040734403,15.0,18.60,27.95,ROVECTIN Calming Lotus Sun Cream SPF50 PA++++ 50ml - Default Title
55028069499217,11167583895889,11487994416,12.0,14.88,21.95,[so natural] ALL DAY SUN FIXX TONE UP PINK SPF50+ PA++++ 50ml - Default Title
55028069564753,11167583928657,11501606180,14.0,17.36,25.95,[so natural] ALL DAY SUN FIXX SKIN FIT BEIGE SPF50+ PA++++ 50ml - Default Title
55028069695825,11167584026961,2899924173,17.0,21.08,30.95,ROVECTIN Vita Tone Up Sun Cream SPF50+ PA++++ 50ml - Default Title
55028069957969,11167584059729,12139696040,21.0,26.04,37.95,Genabelle Mild Teca UV Defense Sunscreen SPF+ PA++++ 40ml - Default Title
55028070023505,11167584092497,8894633441,15.0,18.60,27.95,Genabelle PDRN Dewy Tone-Up Sunscreen SPF50+ PA++++ 40ml - Default Title
55028070089041,11167584125265,11666905495,8.0,9.92,14.95,Shingmulnara Multi Sun Powder SPF+ PA++++ 4g - Default Title
55028070154577,11167584158033,11549672821,13.0,16.12,23.95,Shingmulnara Jeju Aloe Cooling Sun Stick SPF50+ PA++++ 19g+19g(Refill) - Default Title
55028070252881,11167584190801,10272519835,11.0,13.64,19.95,Shingmulnara White Rice Bright Tone Up Sun Cushion SPF50+ PA++++ 15g+15g(Refill) (4colors)
55028070285649,11167584190801,10272519835,11.0,13.64,19.95,Shingmulnara White Rice Bright Tone Up Sun Cushion SPF50+ PA++++ 15g+15g(Refill) (4colors)
55028070318417,11167584190801,10272519835,11.0,13.64,19.95,Shingmulnara White Rice Bright Tone Up Sun Cushion SPF50+ PA++++ 15g+15g(Refill) (4colors)
55028070351185,11167584190801,10272519835,11.0,13.64,19.95,Shingmulnara White Rice Bright Tone Up Sun Cushion SPF50+ PA++++ 15g+15g(Refill) (4colors)
55028070482257,11167584256337,10239439742,17.0,21.08,30.95,Shingmulnara Soft Face & Body Sun Stick SPF50+ PA++++ 30g+30g - Default Title
55028072022353,11167584321873,7862092708,12.0,14.88,21.95,ongredients Daily Fresh Sun Stick SPF50+ PA++++ 15g - Default Title
55028072120657,11167584420177,10228342896,13.0,16.12,23.95,Shingmulnara Light Watery Sun Gel SPF50+ PA++++ 60ml+60ml - Default Title
55028072186193,11167584452945,10239372389-G,8.0,9.92,14.95,Shingmulnara White Rice Green Tone Up Moisture Sun Cream SPF50+ PA++++ 100ml - Default Tit
55028072284497,11167584485713,10239372389-P,8.0,9.92,14.95,Shingmulnara White Rice Purple Tone Up Moisture Sun Cream SPF50+ PA++++ 100ml - Default Ti
55028072415569,11167584551249,7239412561,16.0,19.84,28.95,ongredients Blue Tone Up Sun Lotion SPF50+ PA++++ 50ml - Default Title
55028072513873,11167584584017,12076271124,17.0,21.08,30.95,ongredients Skin Barrier Moisture Sun Cream SPF50+ PA++++ 50ml - Default Title
55028072644945,11167584649553,10957117357,24.0,29.76,43.95,HEVEBLUE Makeup Pro Ecto Namu Tone Up Sun Base SPF50+ PA++++ 60ml - Default Title
55028072776017,11167584780625,9362185109,20.0,24.80,36.95,HEVEBLUE Black Yuja Bean Water Sun 50ml - Default Title
55028073005393,11167584813393,8602249142,15.0,18.60,27.95,tfit Skin Fit Sun Fluid SPF50+ PA++++ 50ml - Default Title
55028073070929,11167584846161,9390735988,21.0,26.04,37.95,molvany Triple Defense Daily Sun Cream SPF50+ PA++++ 50ml - Default Title
55028073267537,11167584878929,11835692426,20.0,24.80,36.95,HEVEBLUE Phyton Squa Hyal Blue Tone Up Sun Cushion SPF30 PA++ 15g - Default Title
55028073333073,11167584977233,7779371868,18.0,22.32,32.95,HEVEBLUE Salmon Caring Centella Toner 200ml - Default Title
55028073464145,11167585010001,8602176364,11.0,13.64,19.95,tfit Tone Up Sun Fluid SPF50+ PA++++ 50ml - Default Title
55028073562449,11167585075537,12148154189,24.0,29.76,43.95,bravity Calming STEMCELL Sunscreen SPF50+ PA++++ 40ml - Default Title
55028073824593,11167585141073,11872956858,12.0,14.88,21.95,nutseline Cica Nut Waterfull Calming Sun Stick SPF50+ PA++++ 20g - Default Title
55028073890129,11167585206609,11910388677,18.0,22.32,32.95,MENOKIN 30 Seconds Glow & Clear Gel Sunscreen SPF50+ PA++++ 50ml #BRIGHT - Default Title
55028073988433,11167585239377,11726154407,8.0,9.92,14.95,MEDIHEAL Vitamin C UV Cut Outdoor Sun Patch [Triple Protection] 4P - Default Title
55028074053969,11167585304913,11955929923,12.0,14.88,21.95,MEDIHEAL Madecassoside Moisture Sun Serum SPF50+ PA++++ 50ml - Default Title
55028074250577,11167585337681,11784401311,17.0,21.08,30.95,nutseline Cica Nut Hyal Sun Serum SPF50+ PA++++ 50ml - Default Title
55028074316113,11167585370449,11764084127,18.0,22.32,32.95,MENOKIN 30 Seconds Glow & Clear Gel Sunscreen SPF50+ PA++++ 50ml #MOIST - Default Title
55028075299153,11167585403217,11469806686,11.0,13.64,19.95,Hanskin Pore Blur No Sebum Sun Cream SPF50+ PA++++ 50ml - Default Title
55028075397457,11167585501521,7932867867,15.0,18.60,27.95,BUSHMAN Waterproof Surfing Sun Stick SPF50+ PA++++ 20g - Default Title
55028075626833,11167585567057,9135170308,12.0,14.88,21.95,Cos De BAHA MS Hydrating Mineral Sunscreen SPF50+PA++++ 45ml - Default Title
55028075725137,11167585632593,11613844140,12.0,14.88,21.95,innisfree Vita C Tone Up Sunscreen SPF50+ PA++++ 50ml - Default Title
55028075823441,11167585698129,209917,23.0,28.52,41.95,ZEROID Daily Sun Cream SPF50+ PA++++ 50ml - Default Title
55028075954513,11167585763665,8597086583,17.0,21.08,30.95,fromrier EGF Cica Water Sun Ampoule SPF50+ PA++++ 56ml - Default Title
55028076118353,11167585927505,11834174297,12.0,14.88,21.95,starlike Foundation Free Tone Up Sun Cream SPF50+ PA++++ 50ml - Default Title
55028076446033,11167586025809,4900112319,5.0,6.20,9.95,SCINIC Enjoy Super Mild Sun Essence SPF50+ PA++++ 50ml - Default Title
55028076609873,11167586189649,6204724956,23.0,28.52,41.95,HERA UV Protector Tone-Up SPF50+ PA++++ 50ml #Peach - Default Title
55028076675409,11167586222417,5045530505,22.0,27.28,39.95,HERA UV Protector Extreme-Force SPF50+ PA++++ 70ml - Default Title
55028077166929,11167586255185,10422408843,13.0,16.12,23.95,Dr.Melaxin Hydro Ceramic Tone Up Essence Sunscreen SPF50+ PA++++ 50ml - Default Title
55028077265233,11167586353489,12410414621,12.0,14.88,21.95,THE FACE SHOP Power Long Lasting Silky-fit Collagen Sun Cream SPF50+ PA++++ 50ml - Default
55028077396305,11167586419025,11028747383,14.0,17.36,25.95,DERMALINE Professional Multi Action Sunblock SPF50+ PA+++ 50ml - Default Title
55028077658449,11167586648401,13242547590,12.0,14.88,21.95,[Pyunkang Yul] Airy Protection Sun Cushion SFP50+ PA++++ 15g - Default Title
55028077756753,11167586681169,13435703575,11.0,13.64,19.95,innisfree Daily UV Tone Up No Sebum Sun Cream SPF50+ PA++++ 50ml (3colors) - Pink
55028077789521,11167586681169,13435703575,11.0,13.64,19.95,innisfree Daily UV Tone Up No Sebum Sun Cream SPF50+ PA++++ 50ml (3colors) - Lavender
55028077822289,11167586681169,13435703575,11.0,13.64,19.95,innisfree Daily UV Tone Up No Sebum Sun Cream SPF50+ PA++++ 50ml (3colors) - Beige
55028078412113,11167586746705,12746989509,10.0,12.40,18.95,DEWYTREE Urban Shade Anti-Pollution Tone Up Sun 40ml - Default Title
55028078477649,11167586845009,12747291625,11.0,13.64,19.95,DEWYTREE Urban Shade Cool Calming Moist Sun SPF50+ PA++++ 150ml - Default Title
55028078575953,11167586877777,4843151328,10.0,12.40,18.95,Paul Madison Signature Body Wash White Musk fragrance 1077mL - Default Title
55028078674257,11167586976081,1319773082,15.0,18.60,27.95,Paul Madison Signature Body Wash White Musk fragrance 1077mL 2pc - Default Title
55028078772561,11167587041617,4843179666,15.0,18.60,27.95,"PAUL MEDISON Signature Large Capacity Perfume Body Lotion White Musk 1,077ml X 2ea - Defau"
55028078838097,11167587074385,9217709166,11.0,13.64,19.95,BIOKLASSE MILK BAOBAB Body Wash White Musk 1000ml - Default Title
55028079001937,11167587107153,4749288142,17.0,21.08,30.95,AROMATICA Serene Body Wash Lavender & Marjoram 300ml - Default Title
55028079362385,11167587205457,BODYBURDEN PROJECT Body Cleanser Rosewood 500ml,14.0,17.36,25.95,BODYBURDEN PROJECT Body Cleanser Rosewood 500ml - Default Title
55028079919441,11167587402065,5300121086,22.0,27.28,39.95,isoi CICAGO Cica Vegan Family Lotion 350ml - Default Title
55028080017745,11167587467601,324560680,15.0,18.60,27.95,Isfren Intensive Moisture Calming Solution Body Cream 450ml - Default Title
55028080083281,11167587533137,7824546380,7.0,8.68,12.95,THE FACE SHOP Perfume Seed Velvet Body Milk 300ml - Default Title
55028080148817,11167587565905,7506829898,7.0,8.68,12.95,The Face Shop Perfume Seed Rich Body Milk 300ml - Default Title
55028080542033,11167587631441,4252316392,14.0,17.36,25.95,Benton Shea Butter And Coconut Body Lotion 250ml - Default Title
55028080607569,11167587664209,2290824314,12.0,14.88,21.95,COSNORI Always Slim Fit Body Gel 150ml - Default Title
55028080836945,11167587696977,3591392107,12.0,14.88,21.95,[HOLIKA HOLIKA] Good Cera Ato Relief Oil Wash 400ml - Default Title
55028082901329,11167587828049,5505065727,12.0,14.88,21.95,Dr.FORHAIR Folligen Plus Shampoo 500ml - Default Title
55028082999633,11167587959121,10375675483,21.0,26.04,37.95,ODELOI Apple Amino Acids LHA Bodywash 250ml - Default Title
55028083163473,11167587991889,9454665982,18.0,22.32,32.95,MIGUHARA Moisturizing Body Lotion Origin 300ml - Default Title
55028083589457,11167588122961,2621344828,21.0,26.04,37.95,S.NATURE Blanche All In One Lotion 200ml - Default Title
55028083720529,11167588221265,8006330041,14.0,17.36,25.95,GROWUS Damage Therapy Body Balm 300ml - Default Title
55028083786065,11167588286801,8681782027,16.0,19.84,28.95,FATION Nosca 9 Trouble Body Wash 490ml - Default Title
55028083851601,11167588319569,10843740055,11.0,13.64,19.95,Shingmulnara Walnut Srub Body Wash 200ml - Default Title
55028084343121,11167588516177,8006386479,15.0,18.60,27.95,GROWUS Damage Therapy Body Scrub 280g - Default Title
55028084539729,11167588680017,8681811391,13.0,16.12,23.95,FATION Nosca9 Trouble Body Mist 145ml - Default Title
55028084900177,11167589007697,10198393859,24.0,29.76,43.95,ROOTON Manantio Body Cleanser 300ml - Default Title
55028085096785,11167589106001,10353499719,8.0,9.92,14.95,THE FACE SHOP NATURE GARDEN Perfumed Body Mist 155ml - Fresh Citrus
55028085129553,11167589106001,10353499719,8.0,9.92,14.95,THE FACE SHOP NATURE GARDEN Perfumed Body Mist 155ml - Romantic Jasmine
55028085162321,11167589106001,10353499719,8.0,9.92,14.95,THE FACE SHOP NATURE GARDEN Perfumed Body Mist 155ml - Sweety Sweet Pea
55028085326161,11167589269841,10325695578,8.0,9.92,14.95,THE FACE SHOP Perfume Seed Capsule Body Wash 300ml - Default Title
55028085522769,11167589400913,10322613138,6.0,7.44,10.95,THE FACE SHOP Perfume Seed Velvet Rich Creamy Shower Gel 300ml - Default Title
55028085817681,11167589499217,10322105644,6.0,7.44,10.95,THE FACE SHOP THE BOTANIC WOODY MUSK BODY WASH 350ml - Default Title
55028086276433,11167589531985,10324985962,8.0,9.92,14.95,THE FACE SHOP The Botanic Woody Musk Body Lotion 350ml - Default Title
55028086473041,11167589695825,10325550465,6.0,7.44,10.95,THE FACE SHOP The Botanic Lemon Verbena Body Wash 350ml - Default Title
55028086636881,11167589826897,10336763673,6.0,7.44,10.95,THE FACE SHOP The Botanic Lemon Verbena Body Lotion 350ml - Default Title
55028087193937,11167589957969,10792893976,8.0,9.92,14.95,PAUL MEDISON Deep Perfume Body Lotion 1077ml #Fruity Floral - Default Title
55028087390545,11167590089041,4843177054,8.0,9.92,14.95,PAUL MEDISON Signature Body Lotion 1077ml #Baby Powder - Default Title
55028087488849,11167590220113,4843177054,8.0,9.92,14.95,PAUL MEDISON Signature Body Lotion 1077ml #Clean Soap - Default Title
55028087554385,11167590285649,4843177054,8.0,9.92,14.95,PAUL MEDISON Signature Body Lotion 1077ml #Floral Musk - Default Title
55028088045905,11167590515025,5040447843,13.0,16.12,23.95,PAUL MEDISON Signature Body Mist 211ml #White Musk - Default Title
55028088275281,11167590580561,4966513073,13.0,16.12,23.95,PAUL MEDISON Signature Body Mist 211ml #Baby Powder - Default Title
55028088340817,11167590613329,4843177054,8.0,9.92,14.95,PAUL MEDISON Signature Body Lotion 1077ml #YLANG YLANG - Default Title
55028088406353,11167590646097,4843177054,8.0,9.92,14.95,PAUL MEDISON Signature Body Lotion 1077ml #White Musk - Default Title
55028088602961,11167590711633,10228003832,10.0,12.40,18.95,PAUL MEDISON Signature Perfume Collection Body Lotion 1600ml #White Musk - Default Title
55028088701265,11167590809937,5663936683,12.0,14.88,21.95,KUNDAL Cool & Clear Ice Boosting Cool Body Wash 1058ml #Aqua Mint - Default Title
55028088766801,11167590842705,5718397325,8.0,9.92,14.95,KUNDAL Cool & Clear Ice Boosting Cool Body Wash 500ml #Aqua Mint - Default Title
55028088865105,11167590875473,8320669666,12.0,14.88,21.95,KUNDAL EAU THERMALE SPA SCRUB BODY WASH 500ml #COZY DARRELING - Default Title
55028088930641,11167590908241,8320675059,10.0,12.40,18.95,KUNDAL EAU THERMALE SPA SCRUB BODY WASH 500ml #LEATHER IRIS - Default Title
55028089094481,11167590973777,8320518312,12.0,14.88,21.95,KUNDAL EAU THERMALE SPA SCRUB BODY WASH 500ml #VIOLET MUGUET - Default Title
55028089225553,11167591039313,9380146366,11.0,13.64,19.95,KUNDAL RICH SOYMILK BODY CREAM 200ml #Mellow Vanilla - Default Title
55028089291089,11167591104849,5831013035,11.0,13.64,19.95,KUNDAL SLEEP BETTER AROMA PILLOW MIST 150ml #PYEON BAEK - Default Title
55028089389393,11167591137617,10673916290,15.0,18.60,27.95,Innisfree Isle Number Body & Hand Wash 300ml #Green Tea Essence - Default Title
55028089487697,11167591203153,8894982550,8.0,9.92,14.95,innisfree My Perfumed Body Cleanser 330ml (3-type) - Green Tangerine
55028089520465,11167591203153,8894982550,8.0,9.92,14.95,innisfree My Perfumed Body Cleanser 330ml (3-type) - Water Lily
55028089553233,11167591203153,8894982550,8.0,9.92,14.95,innisfree My Perfumed Body Cleanser 330ml (3-type) - Cotton Flower
55028089651537,11167591268689,4523430960,17.0,21.08,30.95,d'Alba White Truffle Aromatic Body Mist Serum 180ml - Default Title
55028089782609,11167591334225,6103821205,16.0,19.84,28.95,d'Alba White Truffle Oil Serum Body Cleanser 275ml - Default Title
55028089848145,11167591399761,9686912616,8.0,9.92,14.95,[Pyunkang yul] ATO Low PH Moisture Body Wash 590ml - Default Title
55028089913681,11167591432529,9686886421,13.0,16.12,23.95,[Pyunkang Yul] ATO Moisture Barrier Body Lotion 590ml - Default Title
55028089979217,11167591465297,10257662591,11.0,13.64,19.95,[Pyunkang Yul] ATO Wash & Shampoo Blue Label 350ml - Default Title
55028090077521,11167591498065,10045243758,24.0,29.76,43.95,[Pyunkang Yul] Body Lotion Dancheong 350ml - Default Title
55028090208593,11167591563601,5898912021,8.0,9.92,14.95,[Pyunkang Yul] Intensive Ceramide Lotion 290ml - Default Title
55028090700113,11167591727441,9897848823,19.0,23.56,34.95,EUNYUL Carefull YACHO Herb Soothing Body Mist 150ml - Default Title
55028090765649,11167591825745,9897814582,18.0,22.32,32.95,EUNYUL Carefull YACHO Herb Soothing Body Lotion 150ml - Default Title
55028090831185,11167591858513,4823972608,11.0,13.64,19.95,[Pyunkang Yul] Intensive Ceramide Lotion 500ml - Default Title
55028091093329,11167591891281,6576548180,19.0,23.56,34.95,belif Off Body Wash 250ml (2-type) - Pleasant Stay
55028091126097,11167591891281,6576548180,19.0,23.56,34.95,belif Off Body Wash 250ml (2-type) - Relaxing Forest
55028091191633,11167591956817,10603740809,22.0,27.28,39.95,SENNOK Blue Soda Body Scrub 180ml - Default Title
55028092240209,11167592382801,10119425603,18.0,22.32,32.95,AROMATICA Eucalyptus Body Wash 15 Amino 1000ml - Default Title
55028092305745,11167592415569,10379712539,11.0,13.64,19.95,AROMATICA Inspirit Body Mist Basil & Bergamot 120ml - Default Title
55028092371281,11167592448337,9701619338,19.0,23.56,34.95,AROMATICA Mellowness Oil In Body Cream Magnolia & Sandanwood 200g - Default Title
55028092535121,11167592513873,9237731401,14.0,17.36,25.95,AROMATICA Mellowness Magnolia & Sandalwood Body Oil 100ml - Default Title
55028092600657,11167592579409,10119403537,18.0,22.32,32.95,AROMATICA Lemongrass 7 Vita Body Wash 1000ml - Default Title
55028092666193,11167592612177,10379692000,15.0,18.60,27.95,AROMATICA Inspirit Body Wash Basil & Bergamot 300ml - Default Title
55028093223249,11167592677713,9701640624,18.0,22.32,32.95,AROMATICA Mellowness Oil In Body Wash Magnolia & Sandalwood 290ml - Default Title
55028094894417,11167592743249,10434797931,6.0,7.44,10.95,AROMATICA Serene Bath Salts Magnolia & Sandalwood 50g - Default Title
55028095385937,11167592874321,10470729996,17.0,21.08,30.95,AROMATICA Vitalizing Rosemary ALL-IN-ONE Lotion 300ml (Refill) - Default Title
55028095484241,11167592939857,10254778724,15.0,18.60,27.95,AROMATICA Vitalizing Rosemary All-In-One Wash 300ml (Refill) - Default Title
55028096074065,11167593169233,10824362774,24.0,29.76,43.95,Huxley Body Scrub 250ml #Moroccan Gardener - Default Title
55028096532817,11167593300305,9380138884,10.0,12.40,18.95,KUNDAL RICH SOYMILK CREAMY BODY WASH 500ml #Mellow Vanilla - Default Title
55028096598353,11167593365841,11264183330,10.0,12.40,18.95,BIOKLASSE MILK BAOBAB Body Lotion 500ml #Flora Bouquet - Default Title
55028096827729,11167593464145,10763635157,12.0,14.88,21.95,BIOKLASSE MILK BAOBAB Body Wash 1000ml #Flora Bouquet - Default Title
55028097089873,11167593595217,4881605266,10.0,12.40,18.95,BIOKLASSE MILK BAOBAB CERA Body Wash 1200ml #White Soap - Default Title
55028097155409,11167593660753,65574864,10.0,12.40,18.95,BIOKLASSE MILK BAOBAB CERA Body Wash 1200ml #White Musk - Default Title
55028097679697,11167593726289,6345273098,10.0,12.40,18.95,BIOKLASSE MILK BAOBAB CERA Body Wash 1200ml #Peony Musk - Default Title
55028098367825,11167593890129,5596826394,11.0,13.64,19.95,BIOKLASSE MILK BAOBAB CERA Body Wash 1200ml #Flora Bouquet - Default Title
55028098433361,11167593955665,9285039793,12.0,14.88,21.95,BIOKLASSE Milk Baobab Cera Body Wash 1200ml #Mauve Tulip - Default Title
55028099055953,11167594053969,11011540376,12.0,14.88,21.95,Dr.G Dermoisture Barrier.D Rich Derm Body Lotion 400ml - Default Title
55028099154257,11167594086737,10196873507,20.0,24.80,36.95,HERA ZEAL BLOOMING PERFUMED SHOWER GEL 250g - Default Title
55028099645777,11167594152273,11489058098,12.0,14.88,21.95,APLB Collagen EGF Peptide Body Lotion 300ml - Default Title
55028099711313,11167594250577,11489074829,13.0,16.12,23.95,APLB Tranexamic Acid Niacinamide Body Lotion 300ml - Default Title
55028099973457,11167594283345,8702023934,11.0,13.64,19.95,AMUSE Body Vita Mist 150ml - Default Title
55028100202833,11167594348881,10196864147,23.0,28.52,41.95,HERA ZEAL BLOOMING PERFUMED BODY LOTION 230ml - Default Title
55028100301137,11167594381649,11488873665,13.0,16.12,23.95,APLB Retinol Vitamin C Vitamin E Body Lotion 300ml - Default Title
55028100366673,11167594447185,6371461096,16.0,19.84,28.95,AESTURA ATOBARRIER 365 BODY LOTION 400ml - Default Title
55028100464977,11167594479953,6371449325,16.0,19.84,28.95,AESTURA ATOBARRIER 365 BODY CREAM 250ml - Default Title
55028100530513,11167594512721,11783296283,16.0,19.84,28.95,AESTURA THERACNE 365 NIACINAMIDE 5% BLEMISH BODY MIST 200ml - Default Title
55028100694353,11167594545489,8162107083,13.0,16.12,23.95,CENTELLIAN24 Madeca Barrier Body Lotion 500ml - Default Title
55028100759889,11167594611025,11252400305,16.0,19.84,28.95,Dr.Belmeur Family Derma Body Lotion 1000ml - Default Title
55028100825425,11167594643793,8272916661,6.0,7.44,10.95,Kerasys Clean Note Moisture Perfumed Body Lotion 500ml - #PURE COTTON
55028100858193,11167594643793,11554106207,6.0,7.44,10.95,Kerasys Clean Note Moisture Perfumed Body Lotion 500ml - #POWDERY COTTON
55028100956497,11167594676561,9794176718,7.0,8.68,12.95,[NATURE REPUBLIC] Green Derma Tea Tree Cica Acne Body Wash 300ml - Default Title
55028101546321,11167594742097,8606882601,6.0,7.44,10.95,Kerasys Clean Note Moisture Perfumed Body Wash 800ml - #PURE COTTON
55028101579089,11167594742097,11554091839,6.0,7.44,10.95,Kerasys Clean Note Moisture Perfumed Body Wash 800ml - #POWDERY COTTON
55028101710161,11167594807633,6260463007,15.0,18.60,27.95,Parnell Cicamanu pH Balanced Body Wash 400ml - Default Title
55028101775697,11167594873169,10663418986,8.0,9.92,14.95,Shingmulnara Young Green Tea Trouble Body Wash 1000ml - Default Title
55028101906769,11167594938705,10336785319,7.0,8.68,12.95,Shingmulnara Sea Salt Cooling Scrub Body Wash 200ml - Default Title
55028102005073,11167595004241,11415147485,23.0,28.52,41.95,nutseline Aroma Nut Gray Body Mist 130ml - Default Title
55028102070609,11167595069777,11952350681,18.0,22.32,32.95,nutseline Cica Nut Calming Balm Strong 50ml - Default Title
55028102168913,11167595102545,12248611008,24.0,29.76,43.95,nutseline Aroma Nut Slim Fit Body GuaSha Serum 60ml - Default Title
55028102299985,11167595168081,10155960924,22.0,27.28,39.95,HEVEBLUE Salmon Fruity Centella Body Cream 300g - Default Title
55028102660433,11167595430225,10219195967,8.0,9.92,14.95,nutseline Cica Nut Calming Balm 50ml - Default Title
55028102791505,11167595528529,9564935857,22.0,27.28,39.95,nutseline Aroma Nut Slim Fit Oil Wash 315ml - Default Title
55028102922577,11167595594065,9564924460,19.0,23.56,34.95,nutseline Aroma Nut Slim Fit Body Lotion 200ml - Default Title
55028103020881,11167595626833,9564651160,23.0,28.52,41.95,nutseline Aroma Nut Firming Balm 50ml - Default Title
55028103086417,11167595692369,7784353790,14.0,17.36,25.95,nutseline Super Nut Milk Body Wash 500ml - Default Title
55028103151953,11167595725137,11145700802-mini,12.0,14.88,21.95,nutseline Super Nut Nourishing Balm 11ml (MINI) - Default Title
55028103250257,11167595757905,11495251297,16.0,19.84,28.95,d'Alba Vita Ceramide Body Cream 270ml - Default Title
55028103315793,11167595823441,4623075292,13.0,16.12,23.95,TIAM Anti-Blemish Body Lotion 200ml - Default Title
55028103446865,11167595888977,11631306959,20.0,24.80,36.95,Abib Body Wash Fragrant Bottle 300ml [Type G] - Default Title
55028103512401,11167595954513,11631326684,19.0,23.56,34.95,Abib Body Wash Fragrant Bottle 300ml [Type R] - Default Title
55028103577937,11167595987281,11631319149,21.0,26.04,37.95,Abib Body Emulsion Fragrant Bottle 300ml [Type G] - Default Title
55028103676241,11167596020049,11631339611,19.0,23.56,34.95,Abib Body Emulsion Fragrant Bottle 300ml [Type R] - Default Title
55028103774545,11167596052817,12776066967,19.0,23.56,34.95,Dr.Melaxin Peel Shot Exfoliating TX Spray 200ml - Default Title
55028103840081,11167596118353,12211050225,19.0,23.56,34.95,Dr.Melaxin Peel Shot Exfoliating Kojic Acid Turmeric Spray 200ml - Default Title
55028105675089,11167596544337,11870087811,21.0,26.04,37.95,Scentlier English Daisy Body Wash 320ml - Default Title
55028105740625,11167596577105,11870104559,23.0,28.52,41.95,Scentlier Orange Blossom Body Wash 320ml - Default Title
55028105806161,11167596609873,Rokkiss Calendula Skin Toner Emulsion SET 150ml +150ml Wrinkle Care,15.0,18.60,27.95,Rokkiss Calendula Skin Toner Emulsion SET 150ml +150ml Wrinkle Care - Default Title
55028105937233,11167596675409,swanicoco Herb Snail Basic Set Skin Toner + Emulsion,23.0,28.52,41.95,swanicoco Herb Snail Basic Set Skin Toner + Emulsion - Default Title
55028106035537,11167596708177,3920695380,22.0,27.28,39.95,TONYMOLY Floria Nutra Energy Skin Care Set - Default Title
55028106658129,11167597003089,8788470563,19.0,23.56,34.95,Innisfree Green Tea Hyaluronic Skincare Set - Default Title
55028106756433,11167597035857,8950194843,18.0,22.32,32.95,O HUI Day Shield Perfect Sun Black Special Set - Default Title
55028106854737,11167597101393,8950202849,18.0,22.32,32.95,O HUI Day Shield Perfect Sun Red Special Set - Default Title
55028107018577,11167597134161,10349366607,13.0,16.12,23.95,[MARY & MAY] Soothing Trouble Care Travel Kit (5pcs) - Default Title
55028107116881,11167597265233,10866389720,10.0,12.40,18.95,O HUI Miracle Moisture Cleansing Oil Special Set - Default Title
55028107182417,11167597298001,2869210898,17.0,21.08,30.95,ETUDE Soonjung Skincare Duo Set - Default Title
55028107280721,11167597330769,11235255354,22.0,27.28,39.95,Dr.Belmeur Advanced Cica Skincare Set (Toner 150ml + Emulsion 150ml) - Default Title
55028107379025,11167597396305,10180183680,19.0,23.56,34.95,Dr.Belmeur Clarifying Skincare Set (Toner 200ml + Moisturizer 120ml) - Default Title
55028107477329,11167597461841,10666929332,17.0,21.08,30.95,Dr.Belmeur Daily Repair Skincare Set (Toner 200ml + Moisturizer 120ml) - Default Title
55028107542865,11167597527377,KLAIRS Daily Comfort Hand Cream 370g,15.0,18.60,27.95,KLAIRS Daily Comfort Hand Cream(Unscented) 370g - Default Title
55028107608401,11167597560145,4731358500,24.0,29.76,43.95,Huxley Hand Cream Trio 30ml x 3ea SET - Default Title
55028107903313,11167597625681,4998220326,14.0,17.36,25.95,Huxley Hand Cream ; Moroccan Gardener 30ml - Default Title
55028108132689,11167597723985,8968093334,5.0,6.20,9.95,Dr.Belmeur Advanced Cica Recovery Hand Cream 60ml - Default Title
55028108362065,11167597822289,10607998606,12.0,14.88,21.95,Dr.Jart+ Ceramidin Moisturizing Hand Cream 100ml - Default Title
55028108951889,11167597855057,8889011238,21.0,26.04,37.95,Abib Hand wash type S Wash pump 240ml - Default Title
55028109148497,11167598018897,7814043525,12.0,14.88,21.95,3CE Hand Cream 50ml #FRAGMENTS OF SUMMER - Default Title
55028109607249,11167598084433,10797112530,4.0,4.96,7.95,THE FACE SHOP Rich Hand V Soft Touch Hand Lotion 200ml - Default Title
55028109705553,11167598117201,10797001070,4.0,4.96,7.95,THE FACE SHOP Daily Moment Vegan Hand Cream 30ml (6 Types) - #01 Sunrise Bedroom
55028109738321,11167598117201,10797001070,4.0,4.96,7.95,THE FACE SHOP Daily Moment Vegan Hand Cream 30ml (6 Types) - #02 Morning Florist
55028109771089,11167598117201,10797001070,4.0,4.96,7.95,THE FACE SHOP Daily Moment Vegan Hand Cream 30ml (6 Types) - #03 Noon Park
55028109803857,11167598117201,10797001070,4.0,4.96,7.95,THE FACE SHOP Daily Moment Vegan Hand Cream 30ml (6 Types) - #04 Sunset Rooftop
55028109836625,11167598117201,10797001070,4.0,4.96,7.95,THE FACE SHOP Daily Moment Vegan Hand Cream 30ml (6 Types) - #05 Midnight Street
55028109869393,11167598117201,10797001070,4.0,4.96,7.95,THE FACE SHOP Daily Moment Vegan Hand Cream 30ml (6 Types) - #06 Dawn Attic
55028109934929,11167598182737,7814043525,12.0,14.88,21.95,3CE Hand Cream 50ml #WHERE DAYS COLLIDE - Default Title
55028110000465,11167598215505,7814043525,12.0,14.88,21.95,3CE Hand Cream 50ml #UNFAMILIAR JOURNEY - Default Title
55028110131537,11167598248273,5051052559,6.0,7.44,10.95,KUNDAL Shea Butter & Macadamia Pure Hand Cream 50ml #BABY POWDER - Default Title
55028110197073,11167598346577,5051092854,6.0,7.44,10.95,KUNDAL Shea Butter & Macadamia Pure Hand Cream 50ml #BLANC - Default Title
55028110262609,11167598379345,5051055861,6.0,7.44,10.95,KUNDAL Shea Butter & Macadamia Pure Hand Cream 50ml #CLEAN SOAP - Default Title
55028110360913,11167598444881,5051060132,6.0,7.44,10.95,KUNDAL Shea Butter & Macadamia Pure Hand Cream 50ml #CHERRY BLOSSOM - Default Title
55028110459217,11167598477649,7750037552,12.0,14.88,21.95,Luvum Green Wood Hand Cream 50ml - Default Title
55028111343953,11167598575953,5051098602,5.0,6.20,9.95,KUNDAL Shea Butter & Macadamia Pure Hand Cream Aroma Edition 50ml #FRENCH LAVENDER - Defau
55028111442257,11167598641489,5051091188,6.0,7.44,10.95,KUNDAL Shea Butter & Macadamia Pure Hand Cream 50ml #YLANG YLANG - Default Title
55028111507793,11167598674257,9969679261,6.0,7.44,10.95,TONYMOLY Banana Hand Milk 45ml - Default Title
55028111573329,11167598707025,6032359996,3.0,3.72,5.95,TONYMOLY I'm Hand Cream 30ml - Berry Mix
55028111606097,11167598707025,6032359996,3.0,3.72,5.95,TONYMOLY I'm Hand Cream 30ml - Cherry Blossom
55028111638865,11167598707025,6032359996,3.0,3.72,5.95,TONYMOLY I'm Hand Cream 30ml - Milk
55028111671633,11167598707025,6032359996,3.0,3.72,5.95,TONYMOLY I'm Hand Cream 30ml - Shea Butter
55028111769937,11167598739793,8709771518,7.0,8.68,12.95,TONYMOLY Peach Hand Cream 30g - Default Title
55028111901009,11167598805329,11046728760,5.0,6.20,9.95,TONYMOLY Pocket Hand Cream 30ml (3-type) - BANANA
55028111933777,11167598805329,11046728760,5.0,6.20,9.95,TONYMOLY Pocket Hand Cream 30ml (3-type) - RED APPLE
55028111966545,11167598805329,11046728760,5.0,6.20,9.95,TONYMOLY Pocket Hand Cream 30ml (3-type) - PEACH
55028112032081,11167598903633,9489796302,12.0,14.88,21.95,innisfree Special Care Mask Hand 20ml X 6ea - Default Title
55028112195921,11167598969169,9489766502,5.0,6.20,9.95,innisfree My Perfumed Hand Cream 30ml - #01 White Shirts
55028112228689,11167598969169,9489766502,5.0,6.20,9.95,innisfree My Perfumed Hand Cream 30ml - #02 Fluffy Pink
55028112261457,11167598969169,9489766502,5.0,6.20,9.95,innisfree My Perfumed Hand Cream 30ml - #03 Peach Cider
55028112294225,11167598969169,9489766502,5.0,6.20,9.95,innisfree My Perfumed Hand Cream 30ml - #05 Snowy Day
55028112326993,11167598969169,9489766502,5.0,6.20,9.95,innisfree My Perfumed Hand Cream 30ml - #06 Blush Rose
55028112359761,11167598969169,9489766502,5.0,6.20,9.95,innisfree My Perfumed Hand Cream 30ml - #07 Old Fashioned
55028112425297,11167599001937,10542617484,4.0,4.96,7.95,Innisfree Jeju Orchid Hand Cream SPF15 PA+ EX 50ml - Default Title
55028112556369,11167599034705,8305352105,20.0,24.80,36.95,d'Alba Scented Mood Hand Wash 290ml - Default Title
55028112654673,11167599100241,9708450414,22.0,27.28,39.95,d'Alba White Truffle Aromatic Double Hand Cream 50ml - Default Title
55028112785745,11167599198545,5530124513,19.0,23.56,34.95,d'Alba White Truffle Nourishing Hand Serum In Cream 30ml - Default Title
55028113113425,11167599231313,10310133228,15.0,18.60,27.95,[Pyunkang Yul] Hand Cream Dancheong 75ml - Default Title
55028113211729,11167599296849,6576539102,17.0,21.08,30.95,belif Off Hand Cream 50ml (2-type) - Relaxing Forest
55028113244497,11167599296849,6576539102,17.0,21.08,30.95,belif Off Hand Cream 50ml (2-type) - Pleasant Stay
55028113408337,11167599395153,5378545923,8.0,9.92,14.95,EUNYUL Cloud Perfume Hand Cream 300ml #Grapefruit - Default Title
55028113473873,11167599493457,5378500493,8.0,9.92,14.95,EUNYUL Cloud Perfume Hand Cream 300ml #Berry - Default Title
55028113539409,11167599526225,5598249234,8.0,9.92,14.95,EUNYUL Cloud Perfume Hand Cream Set 50ml - Default Title
55028114030929,11167599558993,6576560702,21.0,26.04,37.95,belif Off Hand Wash 250ml (2-type) - RELAXING FOREST
55028114063697,11167599558993,6576560702,21.0,26.04,37.95,belif Off Hand Wash 250ml (2-type) - PLEASANT STAY
55028114162001,11167599624529,7820864134,17.0,21.08,30.95,belif Off Intense Hand Cream Calming White 50ml - Default Title
55028114293073,11167599690065,9132445055,11.0,13.64,19.95,Huxley Hand Cream 30ml #Port Breath - Default Title
55028114391377,11167599788369,9132439354,11.0,13.64,19.95,Huxley Hand Cream 30ml #Rose Picker - Default Title
55028114522449,11167599886673,9132452739,11.0,13.64,19.95,Huxley Hand Cream 30ml #Sunset Fog - Default Title
55028114587985,11167599952209,9128021174,20.0,24.80,36.95,Huxley Hand Cream 75ml #Berber Portrait - Default Title
55028114686289,11167599984977,6372104178,11.0,13.64,19.95,Huxley Hand Refresher 55ml #Berber Portrait - Default Title
55028114817361,11167600017745,11069987037,14.0,17.36,25.95,Huxley Hand Cream Mist 35ml #Sunset Fog - Default Title
55028114981201,11167600083281,11069988426,14.0,17.36,25.95,Huxley Hand Cream Mist 35ml #Rose Picker - Default Title
55028115112273,11167600116049,11069982931,14.0,17.36,25.95,Huxley Hand Cream Mist 35ml #Moroccan Gardener - Default Title
55028115243345,11167600181585,6372130536,11.0,13.64,19.95,Huxley Hand Refresher 55ml #Blue Medina Tangerine - Default Title
55028115341649,11167600214353,6372051391,11.0,13.64,19.95,Huxley Hand Refresher 55ml #Moroccan Gardener - Default Title
55028115439953,11167600247121,9899042182,11.0,13.64,19.95,Huxley Hand Refresher 55ml #Rose Picker - Default Title
55028115636561,11167600279889,9899046365,11.0,13.64,19.95,Huxley Hand Refresher 55ml #Port Breath - Default Title
55028115767633,11167600378193,9899048232,11.0,13.64,19.95,Huxley Hand Refresher 55ml #Sunset Fog - Default Title
55028115865937,11167600443729,AROMATICA2039,8.0,9.92,14.95,AROMATICA INSPIRIT HAND CREAM BASIL & BERGAMOT 30ml - Default Title
55028115997009,11167600476497,AROMATICA2038,8.0,9.92,14.95,AROMATICA MELLOWNESS HAND CREAM MAGNOLIA & SANDALWOOD 30ml - Default Title
55028116193617,11167600509265,AROMATICA2037,8.0,9.92,14.95,AROMATICA EMBRACE HAND CREAM NEROLI & PATCHOULI 30ml - Default Title
55028116422993,11167600574801,deardahlia587,14.0,17.36,25.95,[DEAR DAHLIA] Skin Paradise Sheer Soft Hand Cream 50ml - Default Title
55028116652369,11167600673105,10333391596,8.0,9.92,14.95,Shingmulnara Mild Antibacterial Foaming Hand Wash 280ml X 3ea (2type) - 01 Yuzu
55028116685137,11167600673105,10333391596,8.0,9.92,14.95,Shingmulnara Mild Antibacterial Foaming Hand Wash 280ml X 3ea (2type) - 02 Fig
55028116980049,11167600836945,11525396681,11.0,13.64,19.95,MEDIHEAL Derma Layer Hand Mask 14ml X 5ea - Default Title
55028117143889,11167600869713,6684007094,10.0,12.40,18.95,GRAFEN Tattoo Perfume One Wood Hand Cream 50ml - Default Title
55028117471569,11167600968017,543,5.0,6.20,9.95,Manyo Factory What A Melon Lip Serum 10ml - Default Title
55028117766481,11167601066321,5091948456,14.0,17.36,25.95,belif Moisturizing Lip Bomb 3g Coral - Default Title
55028118028625,11167601230161,5091943258,15.0,18.60,27.95,belif Moisturizing Lip Bomb 3g Pink - Default Title
55028118159697,11167601295697,4743772447,11.0,13.64,19.95,melixir Vegan Lip Butter 3.9g #02 Nude Crumble - Default Title
55028118290769,11167601328465,4743772447,10.0,12.40,18.95,melixir Vegan Lip Butter 3.9g #01 Agave(Clear) - Default Title
55028118421841,11167601361233,@306066453,12.0,14.88,21.95,isoi Bulgarian Rose Lip Treatment Balm 5g #Baby Pink - Default Title
55028119142737,11167601394001,5290460799,3.0,3.72,5.95,Benton Honest Lip Balm 10ml - Default Title
55028119273809,11167601623377,338913469,13.0,16.12,23.95,isoi Sensitive Skin Moisture Lip Balm 5g - Default Title
55028119372113,11167601656145,154843629,12.0,14.88,21.95,isoi Bulgarian Rose Lip Treatment Balm 5g #Pure Red - Default Title
55028119503185,11167601688913,6054951258,11.0,13.64,19.95,belif Manology 101 Moisturizing Lip Bomb 4g - Default Title
55028119634257,11167601754449,8241634877,20.0,24.80,36.95,tooq Return To Bebe Lip Balm 8g - Default Title
55028120093009,11167601787217,9595191630,11.0,13.64,19.95,Dr.Jart+ CERAMIDIN HYDRATING CERAMIDE LIP BALM 7ml - Default Title
55028120191313,11167601852753,6775362395,8.0,9.92,14.95,papa recipe Blemish Lip Serum 3.5ml - Default Title
55028120355153,11167601885521,9873532386,19.0,23.56,34.95,primera Retinol Volume Lip Serum 12g - rosy
55028120387921,11167601885521,9873532386,19.0,23.56,34.95,primera Retinol Volume Lip Serum 12g - bare
55028120518993,11167601983825,6276057950,7.0,8.68,12.95,One-day's you Cica:ming Lip Balm 10ml - Default Title
55028120617297,11167602016593,10576586647,6.0,7.44,10.95,THE FACE SHOP Vitamin Sun Lip Balm SPF 22 PA+++ 3.9g - #01 Red
55028120650065,11167602016593,10576586647,6.0,7.44,10.95,THE FACE SHOP Vitamin Sun Lip Balm SPF 22 PA+++ 3.9g - #02 Pink
55028120781137,11167602049361,9530061775,11.0,13.64,19.95,TONYMOLY Get It Tint Glaze Balm - 01 Rosy Puree
55028120813905,11167602049361,9530061775,11.0,13.64,19.95,TONYMOLY Get It Tint Glaze Balm - 02 Berry Plum
55028120846673,11167602049361,9530061775,11.0,13.64,19.95,TONYMOLY Get It Tint Glaze Balm - 03 Pink Sugar
55028120879441,11167602049361,9530061775,11.0,13.64,19.95,TONYMOLY Get It Tint Glaze Balm - 04 Toffee Apple
55028120912209,11167602049361,9530061775,11.0,13.64,19.95,TONYMOLY Get It Tint Glaze Balm - 05 Coral Fizz
55028120944977,11167602049361,9530061775,11.0,13.64,19.95,TONYMOLY Get It Tint Glaze Balm - 06 Sparkling Coral
55028120977745,11167602049361,9530061775,11.0,13.64,19.95,TONYMOLY Get It Tint Glaze Balm - 07 Cotton Candy Pink
55028121010513,11167602049361,9530061775,11.0,13.64,19.95,TONYMOLY Get It Tint Glaze Balm - 08 Lavender Blossom
55028121043281,11167602049361,9530061775,11.0,13.64,19.95,TONYMOLY Get It Tint Glaze Balm - 09 Peppermint Candy
55028121076049,11167602049361,9530061775,11.0,13.64,19.95,TONYMOLY Get It Tint Glaze Balm - 10 Ice Candy
55028121108817,11167602049361,9530061775,11.0,13.64,19.95,TONYMOLY Get It Tint Glaze Balm - 11 Caramel Chocolate
55028121141585,11167602049361,9530061775,11.0,13.64,19.95,TONYMOLY Get It Tint Glaze Balm - 12 Raspberry Chocolate
55028121174353,11167602049361,9530061775,11.0,13.64,19.95,TONYMOLY Get It Tint Glaze Balm - 13 Dark Chocolate
55028123402577,11167602114897,8565525297,7.0,8.68,12.95,[MACQUEEN New York] Volume Fix Essential Lip Oil 3ml (1+1) - Default Title
55028124025169,11167602278737,10028085144,17.0,21.08,30.95,AROMATICA Glow Vita Lip Volumizer Orange & Neroli 10g - Default Title
55028124320081,11167602344273,5283886404,6.0,7.44,10.95,BBIA Lip Oil Balm 10g - Default Title
55028124451153,11167602475345,5887466512,12.0,14.88,21.95,Dr.Ceuracle Vegan Kombucha Tea Lip Balm 3.7g - Default Title
55028124909905,11167602606417,9165046226,12.0,14.88,21.95,Dinto [Marcus Aurelius] Repairing Lip Essence Mask 100 3g - Default Title
55028125925713,11167602770257,8637034165,6.0,7.44,10.95,FORENCOS Night Care Lip Balm 10ml - Default Title
55028126024017,11167602803025,6944910418,17.0,21.08,30.95,YUNJAC Hydrating & Soothing Lip Care Balm 12g - Default Title
55028126417233,11167602868561,4503402710,10.0,12.40,18.95,REJURAN Calming Lip Balm 3.7g - Default Title
55028126646609,11167602934097,11497667325,10.0,12.40,18.95,JUNGSAEMMOOL Lip Care Color Oil 10ml (3color) - Cherry More
55028126679377,11167602934097,11497667325,10.0,12.40,18.95,JUNGSAEMMOOL Lip Care Color Oil 10ml (3color) - Pink Soda
55028126712145,11167602934097,11497667325,10.0,12.40,18.95,JUNGSAEMMOOL Lip Care Color Oil 10ml (3color) - Pure Coral
55028127138129,11167603032401,9424102037,13.0,16.12,23.95,[THE WHOO] Royal Essential Golden Lipcerin 15ml - Default Title
55028127367505,11167603163473,11065515939,5.0,6.20,9.95,SKINFOOD Lemon Dill Butter Food Mask Lip Balm 21ml - Default Title
55028127596881,11167603229009,4754225562,3.0,3.72,5.95,A'pieu Honey & Milk Lip Balm 3.3g - Default Title
55028127859025,11167603294545,9454575243,10.0,12.40,18.95,O HUI Miracle Moisture Lipcerin 15ml - Default Title
55028128678225,11167603360081,12265879964,13.0,16.12,23.95,FULLY GREEN TOMATO SMOOTIE LIP SCRUB 12g - Default Title
55028128940369,11167603523921,6667525932,5.0,6.20,9.95,[NATURE REPUBLIC] Essential Lip Balm 4.2g (5colors) - PEPPERMINT
55028128973137,11167603523921,6667525932,5.0,6.20,9.95,[NATURE REPUBLIC] Essential Lip Balm 4.2g (5colors) - HERB
55028129005905,11167603523921,6667525932,5.0,6.20,9.95,[NATURE REPUBLIC] Essential Lip Balm 4.2g (5colors) - CAMELLIA
55028129038673,11167603523921,6667525932,5.0,6.20,9.95,[NATURE REPUBLIC] Essential Lip Balm 4.2g (5colors) - GRAPEFRUIT
55028129071441,11167603523921,6667525932,5.0,6.20,9.95,[NATURE REPUBLIC] Essential Lip Balm 4.2g (5colors) - ROSE
55028129628497,11167603556689,11890808833,8.0,9.92,14.95,[NATURE REPUBLIC] Natural Made Lip Mask 12g (2types) - Night Lip Mask
55028129661265,11167603556689,11890808833,8.0,9.92,14.95,[NATURE REPUBLIC] Natural Made Lip Mask 12g (2types) - Day Lip Mask
55028129956177,11167603753297,FULLY180,13.0,16.12,23.95,FULLY RED TOMATO JELLY LIP MASK 12g - Default Title
55028130152785,11167603884369,10272918954,4.0,4.96,7.95,Shingmulnara Moisture Color Lip Balm 3.5g (2colors) - 01 Pink
55028130185553,11167603884369,10272918954,4.0,4.96,7.95,Shingmulnara Moisture Color Lip Balm 3.5g (2colors) - 02 Coral
55028130480465,11167603982673,9979475572,7.0,8.68,12.95,PETITFEE Aura Quartz Lip Mask 6.4g X 3ea - Default Title
55028130742609,11167604080977,8085147247,12.0,14.88,21.95,HEVEBLUE Penta Berry Panthenol Repair Lip Treatment 12g (4colors) - 00 Clear
55028130775377,11167604080977,8085147247,12.0,14.88,21.95,HEVEBLUE Penta Berry Panthenol Repair Lip Treatment 12g (4colors) - 01 Fig Berry
55028130808145,11167604080977,8085147247,12.0,14.88,21.95,HEVEBLUE Penta Berry Panthenol Repair Lip Treatment 12g (4colors) - 02 Ballet Berry
55028130840913,11167604080977,8085147247,12.0,14.88,21.95,HEVEBLUE Penta Berry Panthenol Repair Lip Treatment 12g (4colors) - 03 Plum Berry
55028130939217,11167604212049,10842919910,5.0,6.20,9.95,Shingmulnara Moisuture Lip Mask 20g - Default Title
55028131234129,11167604343121,11843960031,13.0,16.12,23.95,nutseline Super Nut Collagen Keyring Lip Balm 11ml - Default Title
55028131430737,11167604441425,4706725568,20.0,24.80,36.95,Dr.G Royal Black Snail Eye Cream 30ml - Default Title
55028131594577,11167604605265,5038716966,21.0,26.04,37.95,KLAIRS Fundamental Eye Awakening Gel 35ml - Default Title
55028131922257,11167604670801,5038862538,16.0,19.84,28.95,KLAIRS Fundamental Nourishing Eye Butter 20g - Default Title
55028132282705,11167604932945,5489090710,15.0,18.60,27.95,isoi Blemish Care Eye Concentrate 17ml - Default Title
55028132446545,11167605096785,324194417,20.0,24.80,36.95,Isfren Rx Magic Eye Solution Ex - ISFREN Dark Circle Eye Cream 20g - Default Title
55028132610385,11167605195089,5084936329,13.0,16.12,23.95,goodal Green Tangerine Vita C Dark Circle Eye Cream 30ml - Default Title
55028132741457,11167605326161,6226865104,13.0,16.12,23.95,goodal Green Tangerine Vita C Eye Gel Patch 60 Sheets (72g) - Default Title
55028134216017,11167605391697,8659291411,11.0,13.64,19.95,THE FACE SHOP Pomegranate And Collagen Volume Lifting Eye Cream 50ml - Default Title
55028139884881,11167605588305,5048307791,17.0,21.08,30.95,heimish Bulgarian Rose Water Hydrogel Eye Patch 60pcs - Default Title
55028140015953,11167605686609,8968050930,14.0,17.36,25.95,Dr.Belmeur Advanced Cica Eye Cream 25ml - Default Title
55028141621585,11167605817681,5186556631,22.0,27.28,39.95,Benton Snail Bee Ultimate Eye Cream 30g - Default Title
55028146274641,11167605883217,4399139621,17.0,21.08,30.95,Benton Snail Bee Ultimate Hydro gel Eye Patch (60pcs) - Default Title
55028146372945,11167605948753,2057450690,10.0,12.40,18.95,Isntree TW-Real Eye Cream 30ml - Default Title
55028146471249,11167605981521,4790575987,17.0,21.08,30.95,iUNIK Propolis Vitamin Eye Cream For Eye&Face 30ml - Default Title
55028146536785,11167606047057,7003276634,8.0,9.92,14.95,Re:NK RS Wrinkle Repair Eye Cream 30ml - Default Title
55028146667857,11167606079825,8277368210,22.0,27.28,39.95,innisfree Perfect 9 Intensive Eye Cream 30ml - Default Title
55028146766161,11167606145361,9626920310,12.0,14.88,21.95,innisfree Green Tea Hyaluronic Glow Eye & Face Ball 10ml - Default Title
55028146864465,11167606178129,5130040199,11.0,13.64,19.95,Hanskin Collagen Peptide Eye Cream 80ml - Default Title
55028146962769,11167606210897,7370425539,8.0,9.92,14.95,It'S SKIN Power 10 Formula LI Eye Cream 25ml - Default Title
55028147126609,11167606276433,3663664812,19.0,23.56,34.95,Benton Fermentation Eye Cream 30g - Default Title
55028147224913,11167606374737,7636779894,13.0,16.12,23.95,MIZON Phyto Plump Collagen Eye Gel Patch 84g - Default Title
55028147388753,11167606407505,10064627251,15.0,18.60,27.95,AHC Pro Shot Hyaluro-Deep Volume 5 Capsule-Infused Eye Cream For Face 30ml - Default Title
55028147781969,11167606571345,10129621347,20.0,24.80,36.95,AHC Pro Shot GlutA-ctivation Bright 3 Capsule-Infused Eye Cream For Face 30ml - Default Ti
55028148076881,11167606767953,9657197864,20.0,24.80,36.95,AHC Premier Ampoule In Eye Cream 35ml+35ml - Default Title
55028148306257,11167606997329,10227786672,17.0,21.08,30.95,AHC Colla-Juvenation Lift 4 Capsule-Infused Eye Cream For Face 30ml - Default Title
55028148568401,11167607161169,6857559493,15.0,18.60,27.95,AHC Ten Revolution Real Eye Cream For Face 35ml+35ml - Default Title
55028148863313,11167607357777,3922774228,17.0,21.08,30.95,TONYMOLY INTENSE CARE Gold 24K Snail Eye Cream 30ml - Default Title
55028149551441,11167607619921,9887673810,13.0,16.12,23.95,goodal Black Carrot Vita-A Retinol Eye Cream 30ml - Default Title
55028149813585,11167607980369,8874429375,13.0,16.12,23.95,APLB GLUTATHIONE NIACINAMIDE EYE CREAM 20ml - Default Title
55028150108497,11167608144209,9546861617,19.0,23.56,34.95,[THANK YOU FARMER] Bakuvita Intensive Eye Serum 30ml - Default Title
55028150501713,11167608406353,724667215,6.0,7.44,10.95,AMPLE:N Hyaluron Shot Eye Cream 25ml - Default Title
55028151058769,11167608668497,6635598878,12.0,14.88,21.95,S.NATURE Aqua Soy Yogurt Eye Cream 25g - Default Title
55028151714129,11167609094481,10332951683,18.0,22.32,32.95,The SAEM Urban Eco Golden Berry C Eye Cream 30ml - Default Title
55028152107345,11167609356625,6423810528,12.0,14.88,21.95,One-day's you Collagen Hydrogel Eye Patch 87g(60ea) - Default Title
55028152467793,11167609586001,4581222109,10.0,12.40,18.95,DEWYTREE Prime Gold Snail Eye Patch 90g(60ea) - Default Title
55028152861009,11167609749841,10577157487,14.0,17.36,25.95,PETITFEE Aura Quartz Eye Mask 85g (60 Patches) - Default Title
55028153090385,11167609946449,5912545915,12.0,14.88,21.95,PETITFEE Artichoke Soothing Hydrogel Eye Mask 80g (60 Patches) - Default Title
55028153483601,11167610143057,3701082015,12.0,14.88,21.95,PETITFEE Agave Cooling Hydrogel Eye Mask 80g (60 Patches) - Default Title
55028153811281,11167610437969,5898689493,20.0,24.80,36.95,PETITFEE Aura Quartz Eye Mask Pure Opal 80g (40 Patches) - Default Title
55028154138961,11167610667345,4508248483,17.0,21.08,30.95,PETITFEE B-Glucan Deep Firming Eye Mask 70g (60 Patches) - Default Title
55028154663249,11167610863953,2248598073,8.0,9.92,14.95,PETITFEE Black Pearl & Gold Hydrogel Eye Patch (1.4g X 60 Patches) - Default Title
55028154859857,11167611126097,5586167393,12.0,14.88,21.95,PETITFEE Cacao Energizing Hydrogel Eye Mask 80g (60 Patches) - Default Title
55028155187537,11167611322705,136216656,7.0,8.68,12.95,PETITFEE Gold Hydrogel Eye Patch (1.4g X 60 Patches) - Default Title
55028155646289,11167611552081,2188005657,8.0,9.92,14.95,PETITFEE GOLD EGF EYE & SPOT PATCH (EYE patch 1.1g X 60 Patches + SPOT patch 0.6g X 30 Pat
55028155908433,11167611814225,3701116546,12.0,14.88,21.95,PETITFEE Chamomile Lightening Hydrogel Eye Mask 80g (60 Patches) - Default Title
55028156170577,11167612010833,584691445,8.0,9.92,14.95,PETITFEE Collagen & CoQ10 Hydrogel Eye Patch (1.4g X 60 Patches) - Default Title
55028156629329,11167612371281,4508267230,17.0,21.08,30.95,PETITFEE Pink Vita Brightening Eye Mask 70g (60 Patches) - Default Title
55028156858705,11167612600657,7668282245,12.0,14.88,21.95,TONYMOLY 2X Vitamin C Eye Gel Patch 84g (60ea) - Default Title
55028156957009,11167612666193,8861992536,13.0,16.12,23.95,TONYMOLY Pure Dew Tea Tree & Yuja C Eye Cream 30ml - Default Title
55028157022545,11167612698961,5767460483,16.0,19.84,28.95,TONYMOLY PREMIUM RX Swallow Nest Eye Cream 70ml - Default Title
55028157120849,11167612731729,8469183213,18.0,22.32,32.95,TONYMOLY Intense Care Gold 24K Snail Eye Serum Ball 15ml - Default Title
55028157284689,11167612764497,4264004339,8.0,9.92,14.95,TONYMOLY BIO EX Cell Peptide Eye Solution 30ml - Default Title
55028157382993,11167612830033,7655084996,8.0,9.92,14.95,TONYMOLY Red Retinol Wrinkle Focus Eye Cream 30ml - Default Title
55028157481297,11167612862801,10986503809,15.0,18.60,27.95,TONYMOLY Strong Eyelash Serum 5g - Default Title
55028157841745,11167612895569,9391862918,15.0,18.60,27.95,innisfree Jeju Orchid Eye Cream 30ml - Default Title
55028158038353,11167612961105,Elizavecca720,14.0,17.36,25.95,Elizavecca Gold CF-Nest B-Jo Eye Want Cream 100ml - Default Title
55028158169425,11167613026641,7290145290,8.0,9.92,14.95,[Pyunkang Yul] Concentrated Eye Cream 25ml - Default Title
55028158300497,11167613059409,Elizavecca920,17.0,21.08,30.95,Elizavecca Milky Piggy Hell-Pore Gold Hyaluronic acid eye patch 60ea/90g - Default Title
55028158562641,11167613092177,Elizavecca434,22.0,27.28,39.95,Elizavecca Milky Piggy Hydro-gel Bouncy Eye Patch 20pcs - Default Title
55028158726481,11167613190481,4900076704,17.0,21.08,30.95,[Pyunkang Yul] Black Tea Time Reverse Eye Cream 25ml - Default Title
55028158923089,11167613256017,5737100882,10.0,12.40,18.95,[Pyunkang Yul] Black Tea Time Reverse Eye Patch 60ea/84g - Default Title
55028159152465,11167613354321,3227142152,7.0,8.68,12.95,EUNYUL Premium Eye Cream 40g - Default Title
55028159480145,11167613518161,3808347669,20.0,24.80,36.95,[Pyunkang Yul] Eye Cream (1ml X 50ea) - Default Title
55028159676753,11167613616465,11102019822,24.0,29.76,43.95,belif Aqua Bomb Eye Gel 15ml - Default Title
55028159873361,11167613682001,4978831025,12.0,14.88,21.95,Dr.Ceuracle Hyal Reyouth Hydrogel Eye Mask 60ea/90g - Default Title
55028160201041,11167613813073,11033097548,12.0,14.88,21.95,MEDIPEEL 24K Gold Snail Repair Eye Cream 40ml - Default Title
55028160364881,11167613944145,11367211582,17.0,21.08,30.95,NEOGEN Dermalogy V.Biome Advanced Eye Cream 35ml - Default Title
55028160495953,11167614009681,11008304147,10.0,12.40,18.95,NEOGEN SUR.MEDIC+ Perfection 100TM 24K Gold Eye Patch 75g/60ea - Default Title
55028160889169,11167614140753,11367230073,8.0,9.92,14.95,NEOGEN RAAR Style Perfect Care Eyelash Ampoule 10g - Default Title
55028161053009,11167614206289,10615687533,16.0,19.84,28.95,JUNGSAEMMOOL Artist Eyelash Serum 10g (2type) - AMPOULE SERUM
55028161085777,11167614206289,10615687533,16.0,19.84,28.95,JUNGSAEMMOOL Artist Eyelash Serum 10g (2type) - BLACK SERUM
55028161478993,11167614337361,9878978350,18.0,22.32,32.95,SKINFOOD Black Cherry Retinol 0.1 Eye Cream 30ml - Default Title
55028161708369,11167614435665,11328617377,7.0,8.68,12.95,SKINFOOD Salmon PDRN Eyelash Serum 7.6g - Default Title
55028162036049,11167614566737,11830891942,13.0,16.12,23.95,SKINFOOD Gold Caviar Collagen Plus Eye Patch 85g/60ea - Default Title
55028162330961,11167614697809,10760652737,15.0,18.60,27.95,Dr.G Hydra Aqua Retinol Eye Cream 20ml - Default Title
55028162855249,11167614730577,10798220384,10.0,12.40,18.95,SUNGBOON EDITOR Silk Peptide Intensive Lifting Eye Cream 30ml - Default Title
55028163084625,11167614796113,10739524582,21.0,26.04,37.95,AESTURA REGEDERM 365 RETINOID EYE SERUM 15ml - Default Title
55028167934289,11167617319249,10507290125,6.0,7.44,10.95,O HUI Age Recovery Collagen Wrinkle Patch 9ea - Default Title
55028168491345,11167617581393,11573711682,17.0,21.08,30.95,[THANK YOU FARMER] Grape Aqua Hyaluron Biome Jelly Eye Patch 84g/60ea - Default Title
55028168851793,11167617810769,11573711001,14.0,17.36,25.95,[THANK YOU FARMER] Rice Pure Jelly Eye Patch 84g/60ea - Default Title
55028169441617,11167617974609,9616362079,8.0,9.92,14.95,[NATURE REPUBLIC] Real Squeeze Aloe Vera Eye Serum 15ml - Default Title
55028169834833,11167618072913,10768740380,18.0,22.32,32.95,Genabelle Glutamin-C Luminous Eye Cream 10ml - Default Title
55028170555729,11167618269521,PURCELL82,21.0,26.04,37.95,PURCELL Eye Mask Pack Set 3g X 6ea (2-type) - #Silver(PIXCELL BIOMTM MOISTURE BARRIER EYE 
55028170588497,11167618269521,PURCELL82,21.0,26.04,37.95,PURCELL Eye Mask Pack Set 3g X 6ea (2-type) - #Gold(L-GLUTATHIONE BRIGHTENING EYE MASK)
55028171080017,11167618433361,11493867688,20.0,24.80,36.95,Parnell Bakuchiol Retinol Wild Yam Firming Eye Patch 72g/60ea - Default Title
55028171866449,11167618564433,9460309491,21.0,26.04,37.95,HEVEBLUE Black Yuja Bean Lifting Auto Eye Cream 15ml - Default Title
55028172161361,11167618761041,12150591266,13.0,16.12,23.95,SUNGBOON EDITOR Deep Collagen Melting Eye Patch (12 Patches) - Default Title
55028172423505,11167618924881,3555745525,14.0,17.36,25.95,PETITFEE PEP-TIGHTENING Eye Cream 30g - Default Title
55028172620113,11167619023185,5898940603,10.0,12.40,18.95,PETITFEE Aura Quartz Hydrogel Eye Zone Mask 9g X 5ea - Default Title
55028173013329,11167619187025,12170821250,10.0,12.40,18.95,Hanskin Youth Bifida Expert Biome Eye Cream 15ml - Default Title
55028173209937,11167619318097,12868154060,13.0,16.12,23.95,innisfree Green Tea PDRN Bounce Booster Eye & Lip Serum 15ml - Default Title
55028173504849,11167619416401,9455395740,16.0,17.84,28.95,Dr.Melaxin Cemenrete Calcium Dark Spot Eye Cream 15g - Default Title
55028174160209,11167619514705,9946240061,15.0,18.60,27.95,Dr.Melaxin Cemenrete Calcium Volume Eye Patch 72g/60ea - Default Title
55028174225745,11167619547473,10073568966,19.0,23.56,34.95,Dr.Melaxin Eyephalt Eyebag Cream Plus 10ml - Default Title
55028174324049,11167619580241,11745776697,21.0,26.04,37.95,Dr.Melaxin Retinol Eyebag Cream 10ml - Default Title
55028174553425,11167619645777,6872965241,11.0,13.64,19.95,TIAM Vita A Bakuchiol Firming Eye Cream 30ml - Default Title
55028214661457,11167629214033,6911796967,10.0,12.40,18.95,make p:rem Inteca Soothing Pad 180ml(70 pads) - Default Title
55028214792529,11167629246801,7631664134,10.0,12.40,18.95,DEWYTREE Miracle Hyaluron Serum 40ml - Default Title
55028214890833,11167629312337,6631756532,10.0,12.40,18.95,DEWYTREE Moisture Charging Collagen Emulsion 150ml - Default Title
55028215218513,11167629377873,7631623401,10.0,12.40,18.95,DEWYTREE Miracle Vitamin C Serum 40ml - Default Title
55028215513425,11167629508945,8519363039,10.0,12.40,18.95,One-day's you No More Blackhead Pore Gel Cream 25ml - Default Title
55028216955217,11167629640017,9789677765,10.0,12.40,18.95,The SAEM Derma Plan Zero Soothing Gel 200ml - Default Title
55028217086289,11167629705553,9789677760,10.0,12.40,18.95,The SAEM Derma Plan Soothing Toner 155ml - Default Title
55028217282897,11167629771089,2045183462,10.0,12.40,18.95,papa recipe Madecare Oint 33g - Default Title
55028217839953,11167629836625,9789677761,10.0,12.40,18.95,The SAEM Derma Plan Balancing Moisturizer 130ml - Default Title
55028217938257,11167629934929,9489016817,10.0,12.40,18.95,papa recipe Eggplant Clearing Skin 200ml - Default Title
55028219969873,11167629967697,759157300,10.0,12.40,18.95,papa recipe Eggplant Clearing Emulsion 150ml - Default Title
55028220756305,11167630033233,10333428063,10.0,12.40,18.95,Shingmulnara Yuchae Flower Honey Watery Multi Oil 30ml - Default Title
55028222591313,11167630131537,724792210,10.0,12.40,18.95,AMPLE:N Peptide Shot Ampoule 30ml - Default Title
55028225179985,11167630229841,9843514564,10.0,12.40,18.95,AMPLE:N Hyaluron Shot Light Ampoule 30ml - Default Title
55028229898577,11167630360913,724647399,10.0,12.40,18.95,AMPLE:N Hyaluron Shot Toner 220ml - Default Title
55028230652241,11167630426449,2584421298,10.0,12.40,18.95,AMPLE:N Peeling Shot Ampoule 30ml - Default Title
55028230783313,11167630557521,724433114,10.0,12.40,18.95,AMPLE:N Hyaluron Shot Ampoule 30ml - Default Title
55028232880465,11167630655825,3840104148,10.0,12.40,18.95,AMPLE:N Ceramide Shot Cream 50ml - Default Title
55028235010385,11167630721361,4856940331,10.0,12.40,18.95,AMPLE:N Centel Calming Shot Ampoule 30ml - Default Title
55028235174225,11167630819665,7801250077,10.0,12.40,18.95,WELLAGE Real Hyaluronic 100 Cream 50ml - Default Title
55028235403601,11167630983505,5882268909,10.0,12.40,18.95,S.NATURE Aqua Oasis Toner 300ml - Default Title
55028235567441,11167631114577,8906547454,10.0,12.40,18.95,MIGUHARA Hyalucollagen Essence Mist Origin 80ml - Default Title
55028235665745,11167631147345,7894243079,10.0,12.40,18.95,isoi Blemish Care Pad 25ea(50g) - Default Title
55028237074769,11167631212881,4515708034,10.0,12.40,18.95,MIGUHARA Aloe Soothing Gel Origin 200ml - Default Title
55028238057809,11167631311185,8874461191,10.0,12.40,18.95,APLB Glutathione Niacinamide Ampoule Serum 40ml - Default Title
55028238156113,11167631376721,8874406739,10.0,12.40,18.95,APLB Glutathione Niacinamide Facial Toner 160ml - Default Title
55028238319953,11167631442257,6043775704,10.0,12.40,18.95,Huxley Essential Mist ; Sense Of Balance 35ml - Default Title
55028242153809,11167631540561,5828311804,10.0,12.40,18.95,goodal Vegan Rice Milk Moisturizing Toner 250ml - Default Title
55028242252113,11167631638865,6235986619,10.0,12.40,18.95,TONYMOLY Houttuynia Cordata Cica Quick Calming Pad 70g - Default Title
55028246970705,11167631671633,7636505336,10.0,12.40,18.95,MIZON Phyto Plump Collagen Toner 150ml - Default Title
55028247101777,11167631769937,8605229540,10.0,12.40,18.95,innisfree Volcanic Pha Pore Refining Toner 170ml - Default Title
55028247265617,11167631868241,7550021674,10.0,12.40,18.95,SKINFOOD Carrot Carotene Soothing Toner 300ml - Default Title
55028249755985,11167631901009,7780189030,10.0,12.40,18.95,Isntree Ultra-Low Molecular Hyaluronic Acid Serum 50ml - Default Title
55028258144593,11167632032081,9950533484,10.0,12.40,18.95,innisfree Bija Trouble Toner 170ml - Default Title
55028258242897,11167632130385,678112193,10.0,12.40,18.95,Hanskin Real Complexion Hyaluron Skin Essence 300ml - Default Title
55028258406737,11167632228689,8046110182,10.0,12.40,18.95,innisfree Green Tea Hyaluronic Lotion 170ml - Default Title
55028258636113,11167632294225,6780630985,10.0,12.40,18.95,Isntree Onion Newpair Clear Pad 60EA 250ml - Default Title
55028258701649,11167632359761,332266881,10.0,12.40,18.95,It'S SKIN Peptide Collagen Serum 40ml - Default Title
55028258865489,11167632425297,2199583524,10.0,12.40,18.95,Isntree Chestnut BHA 0.9% Clear Toner 200ml - Default Title
55028259193169,11167632523601,8696826793,10.0,12.40,18.95,Isntree Hyper Retinol EX1.0 Serum 20ml - Default Title
55028259324241,11167632621905,5604898441,10.0,12.40,18.95,MISSHA Super Aqua Ultra Hyalron Skin Essence 10X 200ml - Default Title
55028259651921,11167632687441,4654856441,10.0,12.40,18.95,MIZON Water Volume EX Cream 100ml - Default Title
55028259782993,11167632785745,3935448997,10.0,12.40,18.95,Isntree Hyaluronic Acid Toner 400ml - Default Title
55028259914065,11167632818513,4754224877,10.0,12.40,18.95,A'pieu Mulberry Blemish Clearing Cream 50ml - Default Title
55028260012369,11167632916817,452335550,10.0,12.40,18.95,Isntree Green Tea Fresh Emulsion 120ml - Default Title
55028260077905,11167632949585,102611998,10.0,12.40,18.95,Isntree Green Tea Fresh Toner 200ml - Default Title
55028260176209,11167632982353,4744404781,10.0,12.40,18.95,MISSHA Glow Skin Balm 50ml - Default Title
55028260340049,11167633113425,4428715469,10.0,12.40,18.95,[ONE THING] 1% OLIGO HYALURONIC ACID 150ml - Default Title
55028260438353,11167633146193,5086005683,10.0,12.40,18.95,[ONE THING] Centella Soothing Cream 100ml - Default Title
55028260503889,11167633211729,5604899240,10.0,12.40,18.95,MISSHA Super Aqua Ultra Hyalron Emulsion 130ml - Default Title
55028260634961,11167633244497,4733983589,10.0,12.40,18.95,[ONE THING] Hyaluronic Acid Complex 150ml - Default Title
55028261192017,11167633375569,699556065,10.0,12.40,18.95,ETUDE HOUSE SoonJung 10 Free Moist Emulsion 130ml - Default Title
55028261323089,11167633473873,9501719281,10.0,12.40,18.95,[ONE THING] Centella Asiatica Extract Toner 300ml - Default Title
55028262109521,11167633539409,3936711008,10.0,12.40,18.95,"TONYMOLY Wonder Ceramide Mocchi Toner, 17 oz(500ml) - Default Title"
55028262404433,11167633670481,Rokkiss Calendula Emulsion 150ml (5 Fl oz),10.0,12.40,18.95,Rokkiss Calendula Emulsion 150ml - Default Title
55028278133073,11167638978897,3920855553,8.0,9.92,14.95,TONYMOLY Green Tea Moisturizing Mist 100ml - Default Title
55028278231377,11167639011665,11414267236,8.0,9.92,14.95,Hanskin Soonhan Houttuynia Claming Toner Pad 160ml/70ea [Refill] - Default Title
55028279050577,11167639077201,12533453378,8.0,9.92,14.95,SUNGBOON EDITOR Green Tomato Pore Lifting Ampoule+ 30ml - Default Title
55028279116113,11167639175505,12454091257,8.0,9.92,14.95,Shingmulnara Calendula Calming Toner 500ml - Default Title
55028279181649,11167639208273,11292773912,8.0,9.92,14.95,AHC Black Caviar Lotion 140ml - Default Title
55028279378257,11167639241041,5376803266,8.0,9.92,14.95,AHC Black Caviar Toner 140ml - Default Title
55028279640401,11167639339345,11292783611,8.0,9.92,14.95,AHC Black Caviar Cream 50g - Default Title
55028280262993,11167639437649,11292793163,8.0,9.92,14.95,AHC Vital Golden Collagen Lotion 140ml - Default Title
55028280361297,11167639568721,4103514696,8.0,9.92,14.95,[NATURE REPUBLIC] Ultra Hydrate Olive Emulsion 180ml - Default Title
55028280492369,11167639601489,11886636464,8.0,9.92,14.95,[NATURE REPUBLIC] Skincaring Peeling Pad 150g/50ea - Default Title
55028280590673,11167639667025,12101057566,8.0,9.92,14.95,[NATURE REPUBLIC] MAN IN BLUE TONER 150ml - Default Title
55028280688977,11167639732561,11886672906,8.0,9.92,14.95,[NATURE REPUBLIC] Skincaring Whitening Pad 150g/50ea - Default Title
55028280852817,11167639765329,11886647680,8.0,9.92,14.95,[NATURE REPUBLIC] Skincaring Elastic Pad 150g/50ea - Default Title
55028280918353,11167639863633,11886644020,8.0,9.92,14.95,[NATURE REPUBLIC] Skincaring Cooling Pad 150g/50ea - Default Title
55028281344337,11167639961937,12101067308,8.0,9.92,14.95,[NATURE REPUBLIC] MAN IN BLUE EMULSION 130ml - Default Title
55028281835857,11167640027473,8820963081,8.0,9.92,14.95,A'pieu Madecassoside Tetrasome CICA Toner 300ml - Default Title
55028282032465,11167640191313,4754224447,8.0,9.92,14.95,A'pieu Aqua Nature Bamboo Dew Drop Tightening Freshner 500ml - Default Title
55028282196305,11167640224081,2382452066,8.0,9.92,14.95,A'pieu Aqua Nature Deep-sea Dew Drop Clearing Softner 500ml - Default Title
55028282261841,11167640322385,8821046819,8.0,9.92,14.95,A'pieu Madecassoside Tetrasome CICA Ampoule 30ml - Default Title
55028282523985,11167640355153,11585698513,8.0,9.92,14.95,A'pieu Daily Sheet Mask 350ml/30ea #Black Tea - Default Title
55028282655057,11167640486225,10149436436,8.0,9.92,14.95,A'pieu Hamamelis Toner 200ml - Default Title
55028282818897,11167640518993,12011710499,8.0,9.92,14.95,It'S SKIN Dr.Savers Hyaluronic Hydro Serum 30ml - Default Title
55028283081041,11167640584529,12011710499,8.0,9.92,14.95,It'S SKIN Dr.Savers Cica Comfort Serum 30ml - Default Title
55028283179345,11167640682833,12011710499,8.0,9.92,14.95,It'S SKIN Dr.Savers Vita Glow Serum 30ml - Default Title
55028283244881,11167640715601,11559171801,8.0,9.92,14.95,TONYMOLY Houttuynia Cordata Cica Quick Calming Emulsion 200ml - Default Title
55028283539793,11167640748369,11635728066,8.0,9.92,14.95,SUNGBOON EDITOR Cocklebur Namomi Repair Ampoule 30ml - Default Title
55028283638097,11167640781137,8297008788,8.0,9.92,14.95,SUNGBOON EDITOR Saeng Cica Barrier Intense Cream 30ml - Default Title
55028283965777,11167640846673,12011710499,8.0,9.92,14.95,It'S SKIN Dr.Savers Bifida Silky Serum 30ml - Default Title
55028284064081,11167640944977,372588117,8.0,9.92,14.95,SKINFOOD Argan Oil Repair Plus Heat Serum in Oil 110ml - Default Title
55028284195153,11167641010513,8051692697,8.0,10.92,14.95,Dr.G Dermoisture Barrier.D Intensive Cream 100ml - Default Title
55028284326225,11167641076049,8324637783,8.0,11.92,14.95,Dr.G Black Snail Cream 50ml - Default Title
55028284424529,11167641174353,10407533190,8.0,9.92,14.95,MISSHA Super Aqua Ultra Hyalron Toner Pad 180g/90pads (Refill) - Default Title
55028284588369,11167641272657,7943287943,8.0,9.92,14.95,Isntree Aloe Soothing Gel Fresh Type 300ml - Default Title
55028284653905,11167641370961,9200884137,8.0,9.92,14.95,[TOO COOL FOR SCHOOL] Egg Vita Peeling Gel 100g - Default Title
55028284719441,11167641403729,5628832630,8.0,9.92,14.95,[MACQUEEN New York] Yuja Vita C Clear Toner Pad 100ea/240ml - Default Title
55028285178193,11167641469265,8014174767,8.0,9.92,14.95,[MACQUEEN New York] Collagen Vita Whitening Multi Balm 11g - Default Title
55028285276497,11167641502033,4628961316,8.0,9.92,14.95,EUNYUL YELLOW SEED THERAPY Vital Cleansing Water 500ml - Default Title
55028285538641,11167641567569,4628959792,8.0,9.92,14.95,EUNYUL GREEN SEED THERAPY Calming Cleansing Water 500ml - Default Title
55028285604177,11167641600337,2566980234,8.0,9.92,14.95,EUNYUL Power Gold Ampoule 50ml - Default Title
55028285669713,11167641633105,3227162618,8.0,9.92,14.95,EUNYUL Premium Cream 60g - Default Title
55028286161233,11167641665873,3182847872,8.0,9.92,14.95,EUNYUL Super Snail Cream 70g - Default Title
55028288291153,11167642091857,4411354599,8.0,9.92,14.95,EUNYUL Clean & Fresh Nose Pack (3 Steps) 7ea - Default Title
55028288586065,11167642321233,4628969810,8.0,9.92,14.95,EUNYUL BLACK SEED THERAPY Moisturizing Toner 500ml - Default Title
55028288684369,11167642419537,4628957232,8.0,9.92,14.95,EUNYUL BLACK SEED THERAPY Moisturizing Cleansing Water 500ml - Default Title
55028288749905,11167642452305,8490515641,8.0,9.92,14.95,EUNYUL Vita Balance Own Sole Shine Toner Pad 2 Pads*10ea - Default Title
55028288848209,11167642485073,11235936032,8.0,9.92,14.95,EUNYUL Collagen Special Program Lotion 200ml - Default Title
55028289012049,11167642583377,11235912082,8.0,9.92,14.95,EUNYUL Collagen Special Program Skin 200ml - Default Title
55028289077585,11167642648913,6171991295,8.0,9.92,14.95,EUNYUL Horse Oil Cream 70g - Default Title
55028289175889,11167642681681,7466760281,8.0,9.92,14.95,EUNYUL VITA BALANCE OWN SOLE SHINE Serum 50ml - Default Title
55028289274193,11167642747217,11235980196,8.0,9.92,14.95,EUNYUL Collagen Special Program Cream 50ml - Default Title
55028289339729,11167642812753,6022313385,8.0,9.92,14.95,EUNYUL Aqua Seed Therapy Hydrating Ampoule 50ml - Default Title
55028289405265,11167642845521,6050252697,8.0,9.92,14.95,EUNYUL Aloe Vera Gel 95% 300ml (Pump) - Default Title
55028289470801,11167642878289,8253577822,8.0,9.92,14.95,EUNYUL AHA/BHA Clean Exfoliating Serum 50ml - Default Title
55028289962321,11167642943825,8252034082,8.0,9.92,14.95,[Pyunkang Yul] Calming Clear Spot Patch (Slim Care) 145ea - Default Title
55028290093393,11167643009361,8252016148,8.0,9.92,14.95,[Pyunkang Yul] Calming Clear Spot Patch Intensive Care + Slim Care 124ea - Default Title
55028290158929,11167643074897,401090569,8.0,9.92,14.95,[Pyunkang Yul] Mist Toner 100ml - Default Title
55028290355537,11167643107665,5931972753,8.0,9.92,14.95,[Pyunkang Yul] Clear Spot Patch (18ea X 4ea) - Default Title
55028290421073,11167643205969,8252047507,8.0,9.92,14.95,[Pyunkang Yul] Calming Clear Spot Patch (Intensive Care) 165ea - Default Title
55028290486609,11167643238737,8816032578,8.0,9.92,14.95,[MARY & MAY] Centella Asiatica Serum 30ml - Default Title
55028290617681,11167643304273,5643149970,8.0,9.92,14.95,TONYMOLY Wonder Hyaluronic Acid Ampoule 100ml - Default Title
55028290683217,11167643337041,10073678934,8.0,9.92,14.95,TONYMOLY Houttuynia Cordata Cica Quick Calming Pad (Refill Pack) 150ml (50ea) - Default Ti
55028290912593,11167643369809,10555427670,8.0,9.92,14.95,TONYMOLY Spicule Ampoule 30ml (2 Types) - Peptide
55028290945361,11167643369809,10555427670,8.0,9.92,14.95,TONYMOLY Spicule Ampoule 30ml (2 Types) - E.G.F
55028291436881,11167643435345,4555503976,8.0,9.92,14.95,TONYMOLY Wonder Ceramide Mocchi Water Cream 300ml - Default Title
55028292157777,11167643500881,5240610705,8.0,9.92,14.95,TONYMOLY Wonder Ceramide Mochi Emulsion 300ml - Default Title
55028292223313,11167643566417,6655533523,8.0,9.92,14.95,TONYMOLY Houttuynia Cordata Cica Quick Calming Mist Serum 110ml - Default Title
55028292321617,11167643599185,7538637750,8.0,9.92,14.95,TONYMOLY Houttuynia Cordata Cica Cream Mist 110ml - Default Title
55028295008593,11167643664721,7862615681,8.0,9.92,14.95,KUNDAL Mugwort Soothing Energy Serum 30ml - Default Title
55028295336273,11167643763025,4958022355,8.0,9.92,14.95,PAUL MEDISON Deep Red Moisture Cream 211ml - Default Title
55028295401809,11167643926865,5417555082,8.0,9.92,14.95,make p:rem Comfort Me. Panthenol Moisture Essence 80ml - Default Title
55028295565649,11167643959633,10471519375,8.0,9.92,14.95,THE FACE SHOP The Therapy Vegan Blending Mist 100ml - Default Title
55028296221009,11167644025169,10325602611,8.0,9.92,14.95,THE FACE SHOP The Therapy Vegan Multi Balm 14g - Default Title
55028296417617,11167644057937,5458655834,8.0,9.92,14.95,PAUL MEDISON Deep Red King Peeling Pad 170ml (70ea) - Default Title
55028296548689,11167644254545,9531054276,8.0,9.92,14.95,[ONE THING] Centella Asiatica Serum 30ml - Default Title
55028296646993,11167644287313,9678629401,8.0,9.92,14.95,One-day's you SOS Spot Clearing Cream 25ml - Default Title
55028296712529,11167644352849,8794985261,8.0,9.92,14.95,One-day's you Help Me Honey-C Pad REFILL PACK (60pads) 125ml - Default Title
55028296843601,11167644385617,papa962,8.0,9.92,14.95,papa recipe Eggplant Clearing Peeling Pad Toner Refill Only 35 pads(115ml) - Default Title
55028297269585,11167644483921,9843508845,8.0,9.92,14.95,AMPLE:N VC Shot Ampoule 30ml - Default Title
55028297367889,11167644647761,10124088582,8.0,9.92,14.95,FATION Aqua Biome Toner Pad 170ml (80 pads) - Default Title
55028298187089,11167644713297,7291673369,8.0,9.92,14.95,FATION Nosca9 Spot Patch 102 patches - Default Title
55028298285393,11167644811601,10353753679,8.0,9.92,14.95,FATION Nosca9 Trouble Clear Toner 100ml - Default Title
55028298383697,11167644909905,3840053663,8.0,9.92,14.95,AMPLE:N Ceramide Shot Ampoule 30ml - Default Title
55028298547537,11167644942673,332926088,8.0,9.92,14.95,AHC Herb Solution Rose Toner 500ml - Default Title
55028299006289,11167645040977,6502971611,8.0,9.92,14.95,TONYMOLY Houttuynia Cordata Cica Quick Calming Soothing Gel 300ml - Default Title
55028299202897,11167645073745,8273827790,8.0,9.92,14.95,innisfree Bija Trouble Lotion 100ml - Default Title
55028299301201,11167645139281,8303281784,8.0,9.92,14.95,Isntree Onion Newpair B5 Ampoule 50ml - Default Title
55028977762641,11167706120529,332730202,8.0,9.92,14.95,It'S SKIN V7 Hyaluronic Toner 150ml - Default Title
55028982382929,11167706513745,8554528114,8.0,9.92,14.95,Isntree Hyper Niacinamide 20 Serum 20ml - Default Title
55028985397585,11167706841425,332264936,8.0,9.92,14.95,It'S SKIN Peptide Collagen Toner 150ml - Default Title
55028988641617,11167707136337,5994503078,8.0,9.92,14.95,Dr.G A'Clear Spotcure Patch (10mm 24pc / 12mm 15pc) - Default Title
55028991197521,11167707365713,5906372163,8.0,9.92,14.95,Isntree Onion Newpair Essence Toner 200ml - Default Title
55028992409937,11167707595089,4792648581,8.0,9.92,14.95,[HOLIKA HOLIKA] Less On Skin Essence Pad 120ea(220ml) - Default Title
55028993687889,11167707693393,4936299259,8.0,9.92,14.95,daymellow Aquaron Watery Emulsion 300ml - Default Title
55028994474321,11167707922769,4673803408,8.0,9.92,14.95,[ONE THING] Citrus Unshiu Fruit Extract 150ml - Default Title
55028994998609,11167708283217,3936720060,8.0,9.92,14.95,TONYMOLY Wonder Rice Smoothing Toner 500ml - Default Title
55028995653969,11167708512593,4326797779,8.0,9.92,14.95,[ONE THING] Houttuynia Cordata Extract Toner 150ml - Default Title
55028995981649,11167708774737,4609453090,8.0,9.92,14.95,Dr.Jart+ Ctrl-A Teatreement Toner 120ml - Default Title
55028996309329,11167708938577,10511974774,7.0,8.68,12.95,Hanskin 7 Layer Ceramide Cream Toner 500ml - Default Title
55028996538705,11167709135185,5376807597,7.0,8.68,12.95,AHC Vital Golden Collagen Toner 140ml - Default Title
55028996735313,11167709331793,11292815303,7.0,8.68,12.95,AHC Vital Golden Collagen Cream 50g - Default Title
55028996964689,11167709462865,12116669261,7.0,8.68,12.95,MEDIPEEL Bio Intense Glutathione White Emulsion 30ml - Default Title
55028997226833,11167709626705,12116681247,7.0,8.68,12.95,MEDIPEEL Peptide Tox Bor Toner 30ml - Default Title
55028997521745,11167709725009,4754224836,7.0,8.68,12.95,A'pieu Hamamelis Cream 50ml - Default Title
55028998439249,11167709888849,8821149359,7.0,8.68,12.95,A'pieu Madecassoside Tetrasome CICA Cream 50ml - Default Title
55028998635857,11167709921617,11636118621,7.0,8.68,12.95,SUNGBOON EDITOR Youngran White Mushroom Collagen Lifting Facegloss 30ml - Default Title
55028999356753,11167710019921,4357530364,7.0,8.68,12.95,SKINFOOD Royal Honey Moisture Cream 100ml - Default Title
55028999422289,11167710150993,10897443101,7.0,8.68,12.95,SKINFOOD Shine Muscat Cica BHA Toner Pad 125g/40ea (Refill) - Default Title
55029000110417,11167710216529,11750729038,7.0,8.68,12.95,SKINFOOD Rice Brightening Pad 135g/30Pads [Refill] - Default Title
55029000667473,11167710478673,10169380978,7.0,8.68,12.95,PAUL MEDISON STEM CELL ALL IN ONE INTENSIVE ELASTICITY CREAM 100ml - Default Title
55029001257297,11167710708049,5626037249,7.0,8.68,12.95,EUNYUL Aloe Vera Soothing Gel 95% 300ml - Default Title
55029007647057,11167710970193,3227104137,7.0,8.68,12.95,EUNYUL Premium Lotion 200ml - Default Title
55029018624337,11167711494481,10169328163,7.0,8.68,12.95,PAUL MEDISON STEM CELL ALL IN ONE HIGH MOISTURIZING CREAM 100ml - Default Title
55029020262737,11167712215377,10169347854,7.0,8.68,12.95,PAUL MEDISON STEM CELL ALL IN ONE CICA CALMING CREAM 100ml - Default Title
55029021802833,11167712444753,332926088,7.0,8.68,12.95,AHC Herb Solution Lemon Toner 500ml - Default Title
55029024293201,11167712837969,6186612550,7.0,8.68,12.95,[ONE THING] Carrot Root Extract 150ml - Default Title
55029027242321,11167713231185,8435424675,7.0,8.68,12.95,It'S SKIN Power 10 Formula PO Toner PORE MASTER 200ml - Default Title
55029028454737,11167713395025,5819741974,7.0,8.68,12.95,It'S SKIN [NEW] Power 10 Formula YE Effector 30ml - Default Title
55029029175633,11167713558865,5819741184,7.0,8.68,12.95,It'S SKIN [NEW] Power 10 Formula VE Effector 30ml - Default Title
55029030125905,11167713689937,5819742295,7.0,8.68,12.95,It'S SKIN [NEW] Power 10 Formula VC Effector 30ml - Default Title
55029033664849,11167713886545,5819742445,7.0,8.68,12.95,It'S SKIN [NEW] Power 10 Formula PO Effector 30ml - Default Title
55029039366481,11167714279761,2805034947,7.0,8.68,12.95,daymellow Gold Aloe Soothing Gel 300g - Default Title
55029040546129,11167714443601,8676272024,7.0,8.68,12.95,THE FACE SHOP Calendula Essential Moisture Cream 50ml - Default Title
55029042184529,11167714804049,8952201221,7.0,8.68,12.95,Dr.Belmeur Clean Face Mild Lotion 145ml - Default Title
55029044478289,11167715197265,2057100052,7.0,8.68,12.95,Isntree C-Niacin Toning Ampoule 50ml - Default Title
55029048541521,11167715557713,451708368,7.0,8.68,12.95,Isntree Hyaluronic Acid Aqua Gel Cream 100ml - Default Title
55029051228497,11167715885393,5025536712,7.0,8.68,12.95,CNP Anti-Blemish Spot Patch 12Patch x 5ea - Default Title
55029052801361,11167716311377,4326893299,7.0,8.68,12.95,[ONE THING] Centella Asiatica Extract Toner 150ml - Default Title
55029054439761,11167716737361,4699338133,6.0,7.44,10.95,[NATURE REPUBLIC] Mild Green Tea Emulsion 155ml - Default Title
55029057093969,11167717163345,4103514696-T,6.0,7.44,10.95,[NATURE REPUBLIC] Ultra Hydrate Olive Toner 180ml - Default Title
55029058797905,11167717491025,5898925604,6.0,7.44,10.95,PETITFEE Calming Spot Treatment 20g - Default Title
55029060141393,11167717720401,12134060304,6.0,7.44,10.95,Hanskin Cleansing Blackhead Clear Patch 15ml X 7ea - Default Title
55029061681489,11167718048081,4699338133-T,6.0,7.44,10.95,[NATURE REPUBLIC] Mild Green Tea Toner 155ml - Default Title
55029063123281,11167718408529,4699343496,6.0,7.44,10.95,[NATURE REPUBLIC] Mild Green Tea Cream 55ml - Default Title
55029066465617,11167718736209,6419310799,6.0,7.44,10.95,[NATURE REPUBLIC] Black Charcoal Pore Toner Pad 100g/50ea - Default Title
55029067219281,11167719063889,8951565833,6.0,7.44,10.95,Dr.Belmeur Clarifying Soothing Mist 100ml - Default Title
55029070430545,11167719227729,12116749714,6.0,7.44,10.95,MEDIPEEL Bio Intense Glutathione White Toner 30ml - Default Title
55029072494929,11167719686481,373316997,6.0,7.44,10.95,SKINFOOD Pineapple Peeling Gel 100ml - Default Title
55029073805649,11167720014161,6601545597,6.0,7.44,10.95,SKINFOOD Cica Clear Spot Patch 100pcs - Default Title
55029077115217,11167720407377,9380205960,6.0,7.44,10.95,SKINFOOD Shine Muscat BHA Toner 200ml - Default Title
55029078458705,11167720669521,10357207228,6.0,7.44,10.95,innisfree Aloe Revitalizing Soothing Gel 300ml - Default Title
55029083504977,11167720898897,10165459743,6.0,7.44,10.95,d'Alba Daily Mild Cica Calming Pad 165ml (50ea) - Default Title
55029084455249,11167721193809,9380212331,6.0,7.44,10.95,SKINFOOD Pink Grapefruit AHA Toner 200ml - Default Title
55029086126417,11167721521489,8600866920,6.0,7.44,10.95,Isntree Onion Newpair Clear Pad (REFILL) 80ml (20ea) - Default Title
55029088026961,11167721881937,9067915522,6.0,7.44,10.95,Isntree Hyper Acid 4 (AHA BHA PHA LAH) 30 Serum 20ml - Default Title
55029090713937,11167722176849,10169401788,6.0,7.44,10.95,PAUL MEDISONAI AI ELASTICITY CREAM 100ml - Default Title
55029091795281,11167722602833,10169420209,6.0,7.44,10.95,PAUL MEDISONAI AI CICA SOOTHING CREAM 100ml - Default Title
55029093073233,11167722832209,9983281862,6.0,7.44,10.95,PAUL MEDISON VITA A RETINOL CREAM 155ml - Default Title
55029094678865,11167723192657,9619322978,6.0,7.44,10.95,PAUL MEDISON VITA B CALMING CREAM 155ml - Default Title
55029096087889,11167723520337,9619344016,6.0,7.44,10.95,PAUL MEDISON VITA C TONING CREAM 155ml - Default Title
55029097300305,11167723946321,9619355081,6.0,7.44,10.95,PAUL MEDISON VITA E INTENSIVE CREAM 155ml - Default Title
55029098316113,11167724142929,10169372490,6.0,7.44,10.95,PAUL MEDISON STEM CELL ALL IN ONE SKIN DETOX CREAM 100ml - Default Title
55029098807633,11167724405073,9998891788,6.0,7.44,10.95,PAUL MEDISON All-in-One Elasticity Snail Cream 100ml - Default Title
55029099856209,11167724634449,9998798499,6.0,7.44,10.95,PAUL MEDISON All-in-One Nutritional Snail Cream 100ml - Default Title
55029102018897,11167724798289,9998833017,6.0,7.44,10.95,PAUL MEDISON All-in-One Wrinkle Improvement Snail Cream 100ml - Default Title
55029103427921,11167724896593,5529255404,6.0,7.44,10.95,PAUL MEDISON Deep Red Spot Remover 25g - Default Title
55029103853905,11167725093201,9989439973,6.0,7.44,10.95,PAUL MEDISON All-in-One Cica Snail Cream 100ml - Default Title
55029104607569,11167725257041,4570664820,6.0,7.44,10.95,DEWYTREE Aqua Collagen Peptide EX Multi Cream 80ml - Default Title
55029105197393,11167725486417,5594416771,6.0,7.44,10.95,DEWYTREE Aqua Deep Boosting Toner 150ml - Default Title
55029106213201,11167725715793,8046412370,6.0,7.44,10.95,innisfree Retinol Cica Ampoule Focusing Patch 1ea/9 patches - Default Title
55029106409809,11167725879633,452503493,6.0,7.44,10.95,Isntree Aloe Soothing Toner 200ml - Default Title
55029106508113,11167725945169,8893169361,6.0,7.44,10.95,It'S SKIN [NEW] Power 10 Formula VB Effector 30ml - Default Title
55029106606417,11167726010705,5819742626,6.0,7.44,10.95,It'S SKIN [NEW] Power 10 Formula LI Effector 30ml - Default Title
55029106704721,11167726076241,4362314969,6.0,7.44,10.95,daymellow Snow Mushroom Real Soothing Gel 300g - Default Title
55029107294545,11167726174545,4952625256,6.0,7.44,10.95,A'pieu Madecassoside Moisture Gel Cream 50ml - Default Title
55029108408657,11167726272849,5819741475,6.0,7.44,10.95,It'S SKIN [NEW] Power 10 Formula CO Effector 30ml - Default Title
55029111783761,11167726895441,5819742143,6.0,7.44,10.95,It'S SKIN [NEW] Power 10 Formula GF Effector 30ml - Default Title
55029114765649,11167727419729,4492303499,6.0,7.44,10.95,daymellow Houttuynia Cordata Real Soothing Gel 300g - Default Title
55029117485393,11167728075089,102486483,6.0,7.44,10.95,Isntree Hyaluronic Acid Toner 200ml - Default Title
55029118435665,11167728238929,8644078421,6.0,7.44,10.95,THE FACE SHOP Rice Water Bright Facial Massage Cream 200ml - Default Title
55029119549777,11167728697681,11096097676,5.0,6.20,9.95,Dr.Belmeur Vita C Clean Toning Ampoule 10ml - Default Title
55029121417553,11167728959825,8952192114,5.0,6.20,9.95,Dr.Belmeur Clean Face Mild Toner 145ml - Default Title
55029122203985,11167729156433,4754224682,5.0,6.20,9.95,A'pieu Nonco Tea Tree Emulsion 210ml - Default Title
55029122728273,11167729484113,8550288427,5.0,6.20,9.95,BRINGGREEN Tea Tree Cica SOS Spot Patch 100pcs(75+25) - Default Title
55029124628817,11167729713489,4628972049,5.0,6.20,9.95,EUNYUL GREEN SEED THERAPY Calming Toner 500ml - Default Title
55029125710161,11167729942865,3346282830,5.0,6.20,9.95,CURESYS Trouble Clear Patch (9pcs) - Default Title
55029127709009,11167730073937,Elizavecca943,5.0,6.20,9.95,Elizavecca Witch Piggy Hell-Pore Blemish Spot Patch 44ea - Default Title
55029129347409,11167730336081,Elizavecca1000000043,5.0,6.20,9.95,Elizavecca Witch Piggy Hell-Pore AC-guard Spot Patch (12mm X 36ea) - Default Title
55029132722513,11167730598225,5656653376,5.0,6.20,9.95,TONYMOLY Aloe 93% Chok Chok Soothing Gel Mist 150ml - Default Title
55029133672785,11167730794833,8308222107,5.0,6.20,9.95,TONYMOLY ALOE 93% Chok Chok Soothing Gel 250ml - Default Title
55029133771089,11167730925905,9908892724,5.0,6.20,9.95,PAUL MEDISON Deep Red Hyaluronic Acid Cleansing Water 510ml - Default Title
55029134098769,11167731024209,4840748315,5.0,6.20,9.95,PAUL MEDISON Caredermthin Spotpatch Cover HONEY 68ea - Default Title
55029134262609,11167731188049,9904291145,5.0,6.20,9.95,PAUL MEDISON Deep-red Hyaluronic Acid Toner 510ml - Default Title
55029134623057,11167731351889,4519274112,5.0,6.20,9.95,PAUL MEDISON Supervital Neck Cream 30ml - Default Title
55029135769937,11167731548497,7451174036,5.0,6.20,9.95,One-day's you P.Z. Ssoc Ssoc No More Blackhead Nose Pack 2g x 5ea - Default Title
55029136752977,11167731777873,10333464153,5.0,6.20,9.95,Shingmulnara Jeju Aloe Moisture Soothing Gel 200ml - Default Title
55029138424145,11167732433233,5819741640,5.0,6.20,9.95,It'S SKIN [NEW] POWER 10 Formula Propolis Effector 30ml - Default Title
55029188493649,11167742886225,452512454,5.0,6.20,9.95,Isntree Aloe Soothing Emulsion 120ml - Default Title
55029188723025,11167743082833,8643522094,5.0,6.20,9.95,THE FACE SHOP Rice & Ceramide Moisturizing Emulsion 150ml - Default Title
55029189280081,11167743213905,5536900264,5.0,6.20,9.95,"NEOGEN A-Clear AID Soothing Spot Patch, 24 COUNT (1 PACK) - Default Title"
55029189476689,11167743344977,338129323,5.0,6.20,9.95,[NATURE REPUBLIC] Soothing & Moisture Aloe Vera 92% Soothing Gel 300ml - Default Title
55029189837137,11167743443281,2135864166,5.0,6.20,9.95,[HOLIKA HOLIKA] Aloe 99% Soothing Gel 250ml - Default Title
55029190164817,11167743541585,12274055748,4.0,4.96,7.95,[NATURE REPUBLIC] SOOTHING & MOISTURE ALOE VERA SOOTHING GEL 250ML - Default Title
55029190656337,11167743639889,10302373518,4.0,4.96,7.95,PAUL MEDISON BIOME SPOT AMPOULE 30ml (4-TYPE) - BIOME TEA TREE SPOT AMPOULE
55029190689105,11167743639889,10302373518,4.0,4.96,7.95,PAUL MEDISON BIOME SPOT AMPOULE 30ml (4-TYPE) - BIOME SPOT CLEAR AMPOULE
55029190721873,11167743639889,10302373518,4.0,4.96,7.95,PAUL MEDISON BIOME SPOT AMPOULE 30ml (4-TYPE) - BIOME VITAMIN SPOT AMPOULE
55029190754641,11167743639889,10302373518,4.0,4.96,7.95,PAUL MEDISON BIOME SPOT AMPOULE 30ml (4-TYPE) - BIOME HEARTLEAF SPOT AMPOULE
55029191180625,11167743803729,10302355760,4.0,4.96,7.95,EUNYUL Soothing Moisture Aloe Vera Mist 150 ml - Default Title
55029191410001,11167743869265,9238368796,3.0,3.72,5.95,THE FACE SHOP Jeju Aloe Fresh Soothing Gel 300ml - Default Title
55029191835985,11167744033105,4754224988,3.0,3.72,5.95,A'pieu Goblin Blackhead 3-Step Nose Pack 3 SET(9pcs) - Default Title
55029191999825,11167744164177,9238352452,2.0,2.48,3.95,[THE FACE SHOP] Jeju Aloe Fresh Soothing Gel 300ml - Default Title
55029192294737,11167744295249,9238368796,2.0,2.48,3.95,[THE FACE SHOP] Jeju Aloe Fresh Soothing Gel 300ml (Tube) - Default Title
55029192458577,11167744393553,11900776488,7.0,8.68,12.95,belif Super Drops Multi-7 Hyaluronic Frozen Serum 3ml X 6ea - Default Title
55029192917329,11167744655697,10909687985,17.0,21.08,30.95,Dr.Melaxin Peel Shot Exfoliating Black Rice Ampoule 80ml - Default Title
55029193146705,11167744754001,12310193842,14.0,17.36,25.95,innisfree Green Tea Ceramide Milk Barrier Essence 160ml - Default Title
55029193376081,11167744885073,12310263164,10.0,12.40,18.95,innisfree Green Tea Ceramide Milk Barrier Essence 90ml - Default Title
55029193605457,11167745016145,11264321452,12.0,14.88,21.95,innisfree Retinol Green Tea PDRN Skin Booster Toner 170ml - Default Title
55029194096977,11167745179985,12310155551,16.0,19.84,28.95,innisfree Green Tea Ceramide Cream 50ml - Default Title
55029194916177,11167745311057,12070548500,22.0,27.28,39.95,innisfree Vitamin C Green Tea Enzyme Brightening Cream 80ml - Default Title
55029195211089,11167745474897,5300497031,8.0,9.92,14.95,Cos De BAHA CH Centella Hyaluronic Acid Serum 30ml - Default Title
55029195342161,11167745605969,5716937366,8.0,9.92,14.95,Cos De BAHA CG Centella Gel Cream 45ml - Default Title
55029195506001,11167745671505,11058806516,8.0,9.92,14.95,Cos De BAHA LH Low Molecular Hyaluronic Acid Serum 30ml - Default Title
55029195669841,11167745802577,8561341303,22.0,27.28,39.95,AIDA Glutathione Brightnening Ampoule Mist 60ml - Default Title
55029197504849,11167746654545,11058810943,10.0,12.40,18.95,Cos De BAHA LH Low Molecular Hyaluronic Acid Serum 60ml - Default Title
55029199110481,11167747080529,9102876570,11.0,13.64,19.95,Cos De BAHA CG Centella Asiatica Soothing Calming Cream 120ml - Default Title
55029199896913,11167747408209,6345947827,10.0,12.40,18.95,Cos De BAHA PC M.A Peptide Cream 60ml - Default Title
55029200027985,11167747572049,5239000705,10.0,12.40,18.95,Cos De BAHA VA Vitamin C 15% Serum 30ml - Default Title
55029200650577,11167747703121,8754044920,10.0,12.40,18.95,Cos De BAHA NZ Niacinamide 20% + Zinc 4% Serum 30ml - Default Title
55029200912721,11167747801425,5340561684,10.0,12.40,18.95,Cos De BAHA SH 83% Snail Repair Intensive Facial Serum 120ml - Default Title
55029201338705,11167747998033,9102852497,10.0,12.40,18.95,Cos De BAHA HG Hyaluronic Acid Gel Cream 120ml - Default Title
55029201568081,11167748096337,10161490327,10.0,12.40,18.95,Cos De BAHA AL Alpha Arbutin 5% Licorice Serum 30ml - Default Title
55029201895761,11167748194641,5241423735,10.0,12.40,18.95,Cos De BAHA AH Aloe Leaf Ext Hyaluronic Acid Serum 120ml - Default Title
55029202157905,11167748358481,6020345510,10.0,12.40,18.95,Cos De BAHA VM Vitamin C Facial Serum with MSM 30ml - Default Title
55029202583889,11167748424017,5356055598,12.0,14.88,21.95,Cos De BAHA NT Niacinamide 5% Facial Toner 200ml - Default Title
55029203009873,11167748620625,5796058053,10.0,12.40,18.95,Cos De BAHA TN Tranexamic Acid 5% Serum with Niacinamide 5% 30ml - Default Title
55029203173713,11167748718929,5332810579,10.0,12.40,18.95,Cos De BAHA GS Clarifying Facial Toner with Glycolic Acid 7% AHA + Salicylic Acid 0.5% BHA
55029203599697,11167748817233,11047891523,10.0,12.40,18.95,Cos De BAHA LT Low Molecular Hyaluronic Acid Toner 500ml - Default Title
55029203894609,11167748948305,5242868295,10.0,12.40,18.95,Cos De BAHA GN Galactomyces 94% Skin Repair Serum with Niacinamide 2% 30ml - Default Title
55029204844881,11167749046609,11058783838,10.0,12.40,18.95,Cos De BAHA T3 Advanced 3% Tranexamic Acid Facial Toner 200ml - Default Title
55029205205329,11167749210449,10223429650,10.0,12.40,18.95,Cos De BAHA C1 Ceramide 1% Cream 45ml - Default Title
55029205401937,11167749308753,9946196797,11.0,13.64,19.95,Cos De BAHA TT Tranexamic Acid 10% Serum 30ml - Default Title
55029205729617,11167749407057,5401270637,12.0,14.88,21.95,Cos De BAHA PT M.A Peptide Facial Toner (Peptide Complex Facial Toner with Matrixyl 3000 &
55029205893457,11167749538129,7442237696,12.0,14.88,21.95,Cos De BAHA L1 Bakuchiol 2% + Retinol 0.15% Serum 30ml - Default Title
55029206384977,11167749669201,9882470566,12.0,14.88,21.95,Cos De BAHA RT Retinol 0.02% + Tranexamic Acid & Bakuchiol 2% Serum 30ml - Default Title
55029206745425,11167749833041,9102800976,11.0,13.64,19.95,Cos De BAHA EC Tocopheryl acetate (Vitamin E) 5% with Niacinamide Facial Cream 120ml - Def
55029207105873,11167749931345,11785005334,12.0,14.88,21.95,Cos De BAHA T15 Tranexamic Acid 15% Serum 30ml - Default Title
55029207597393,11167750127953,11888168744,17.0,21.08,30.95,Cos De BAHA Nicotinamide Mononucleotide NMN 10% NN Serum 30ml - Default Title
55029207826769,11167750291793,9102828687,14.0,17.36,25.95,Cos De BAHA EGF Peptide 5ppm Cica Serum 30ml - Default Title
55029208383825,11167750488401,9670731825,13.0,16.12,23.95,Cos De BAHA L2 Bakuchiol 2% + Retinol 0.5% Serum 30ml - Default Title
55029208580433,11167750685009,6879142780,13.0,16.12,23.95,Cos De BAHA TN Tranexamic Acid 5% Serum with Niacinamide 5% 60ml - Default Title
55029208777041,11167750783313,9670755382,15.0,18.60,27.95,Cos De BAHA L3 Bakuchiol 2% + Retinol 1% Serum 30ml - Default Title
55029209268561,11167750947153,A227144,17.0,21.08,30.95,ODELOI Pore Tightening Cica 83.7 Collagen Mist Ampoule Luftig 100ml - Default Title
55029209694545,11167751176529,5586155841,4.0,4.96,7.95,DERMA FACTORY Niacinamide 20% Serum 30ml - Default Title
55029210743121,11167751373137,5967782603,19.0,23.56,34.95,The Harnay Cicaide Cream 100ml - Default Title
55029211332945,11167751536977,8011291042,15.0,18.60,27.95,CKD Retino Collagen Small Molecule 300 Guasha Neck Cream 50ml - Default Title
55029214544209,11167751799121,9811398235,15.0,18.60,27.95,Green Finger FoRest Phyton Hydra Cica Serum 50ml - Default Title
55029217821009,11167752061265,11106118709,13.0,16.12,23.95,DEWYTREE Pick And Quick Vitamin Glow Double Pad 380g/100ea - Default Title
55029219000657,11167752388945,11106094281,13.0,16.12,23.95,DEWYTREE Pick And Quick Collagen Pore Lifting Double Pad 380g/100ea - Default Title
55029224374609,11167752978769,11609490871,24.0,29.76,43.95,heimish RX Multi Vitamin Glow Serum 35ml - Default Title
55029226013009,11167753371985,11609517437,24.0,29.76,43.95,heimish RX Retinol Bakuchiol Booster Oil 35ml - Default Title
55029228142929,11167753699665,11609465922,24.0,29.76,43.95,heimish RX AHA BHA Peeling Serum 35ml - Default Title
55029228929361,11167753994577,11609507261,24.0,29.76,43.95,heimish RX Hyaluronic Acid 2% Hydrating Serum 35ml - Default Title
55029230666065,11167754322257,2135864166,5.0,6.20,9.95,[HOLIKA HOLIKA] Aloe Hydro Formula 96% Soothing Gel 250ml - Default Title
55029232075089,11167754649937,9423997879,16.0,19.84,28.95,Dr.Melaxin Exosome Repair Peeling Serum 50ml - Default Title
55029232664913,11167754912081,12780623800,16.0,19.84,28.95,Dr.Melaxin TX Kojic Acid Turmeric Toner Pads 190ml/70ea - Default Title
55029232927057,11167755108689,9424050556,19.0,23.56,34.95,Dr.Melaxin Exosome Repair Cream 50ml - Default Title
55029233189201,11167755206993,10534132943,18.0,22.32,32.95,Dr.Melaxin Cemenrete Calcium Intense Cream 50ml - Default Title
55029233385809,11167755338065,10909690284,20.0,24.80,36.95,Dr.Melaxin Peel Shot Glow White Rice Ampoule 80ml - Default Title
55029233516881,11167755436369,12144941967,18.0,22.32,32.95,Dr.Melaxin Peel Shot Glow Rice Toner 200ml - Default Title
55029233910097,11167755534673,12780776335,17.0,21.08,30.95,Dr.Melaxin Peel Shot Exfoliating TX Serum 80ml - Default Title
55029234106705,11167755665745,6363535681,17.0,21.08,30.95,Dr.Melaxin TX Tranexamic Acid Cream 50ml - Default Title
55029234434385,11167755764049,9424033464,13.0,16.12,23.95,Dr.Melaxin Exosome Repair Ampoule Plus 40ml - Default Title
55029235220817,11167755895121,10598194532,23.0,28.52,41.95,Dr.Melaxin Cemenrete Cyano Pink Spicule Cream 50ml - Default Title
55029235417425,11167756091729,10597867428,19.0,23.56,34.95,Dr.Melaxin Picotonic Shot Pigmentation Cream 25g - Default Title
55029235810641,11167756190033,10597841501,20.0,24.80,36.95,Dr.Melaxin Picotonic Shot Pigmentation Ampoule 30ml - Default Title
55029236203857,11167756321105,10598221109,24.0,29.76,43.95,Dr.Melaxin Cemenrete Cyano Pink Spicule Serum 30ml - Default Title
55029236564305,11167756583249,9424340119,15.0,18.60,27.95,Dr.Melaxin Cemenrete Calcium Intense Ampoule Plus 30ml - Default Title
55029237023057,11167756779857,2370,13.0,16.12,23.95,Dr.Melaxin Cactox 3-Step Nose Pore Pack 3P - Default Title
55029237219665,11167756878161,,19.0,23.56,34.95,Dr.Melaxin Cactox Pore Relief Jelly Toner Pad 170ml/60ea - Default Title
55029237514577,11167757140305,12492772567,23.0,28.52,41.95,primera Vita-tinol Intense Bouncy Lifty Mask-Cream 30ml - Default Title
55029238006097,11167757467985,10003953177,18.0,22.32,32.95,CNP Derma+ Answer Active Boost Ampoule 30ml - Default Title
55029238202705,11167757533521,11066868187,8.0,9.92,14.95,DERMALINE Normalizing Relief Gel 60ml - Default Title
55029238563153,11167757631825,6110450219,13.0,16.12,23.95,DERMALINE Hycare PDRN Solution Toner 200ml - Default Title
55029239218513,11167757762897,6110929485,13.0,16.12,23.95,DERMALINE Hycare PDRN Solution Emulsion 200ml - Default Title
55029239873873,11167757992273,7316203619,15.0,18.60,27.95,DERMALINE PDX Cica EXO After Care Cream 40g - Default Title
55029250425169,11167760875857,11066862304,11.0,13.64,19.95,DERMALINE Normalizing Relief Lotion 60ml - Default Title
55029250621777,11167760941393,4988338191,19.0,23.56,34.95,DERMALINE Always Bright Whitening Cream 50g - Default Title
55029255930193,11167762121041,11075883158,15.0,18.60,27.95,GRAFEN Calming Green Serum 50ml - Default Title
55029256061265,11167762219345,12990031433,15.0,18.60,27.95,[MANYO FACTORY] Glutathione 7 Dark Spot Serum Patch 72g/30ea - Default Title
55029256192337,11167762284881,5909358009,12.0,14.88,21.95,TIAM Vita B3 Mist Toner 200ml - Default Title
55029256323409,11167762350417,4705305430,11.0,13.64,19.95,TIAM AC Fighting AHA BHA PHA Toner 180ml - Default Title
55029256454481,11167762448721,3331105806,7.0,8.68,12.95,TIAM Centella Blending Powder 10g - Default Title
55029256814929,11167762579793,8207291313,6.0,7.44,10.95,"TIAM Surprise B Patch (96ea, Pack of 4) - Default Title"
55029257666897,11167762743633,3337267705,7.0,8.68,12.95,TIAM Vitamin Blending Powder 10g - Default Title
55029259436369,11167762841937,4043204709,11.0,13.64,19.95,TIAM Vita B3 Source 40ml - Default Title
55029259632977,11167762973009,10361928506,12.0,14.88,21.95,TIAM Hyaluronic Glow Revive Serum 40ml - Default Title
55029259895121,11167763071313,4043660831,13.0,16.12,23.95,TIAM Hyaluronic Water Plumping Serum 40ml - Default Title
55029260419409,11167763202385,4334168129,13.0,16.12,23.95,TIAM Snail & Azulene Calmfort Cream 100ml - Default Title
55029260583249,11167763333457,6873826538,13.0,16.12,23.95,TIAM Vita A Bakuchiol Youth Serum 40ml - Default Title
55029261566289,11167763398993,8420481111,13.0,16.12,23.95,TIAM Vitamin C 24 Surprise Serum 30ml - Default Title
55029261762897,11167763595601,5351543011,13.0,16.12,23.95,TIAM Pore Minimizing 21 Cream 60ml - Default Title
55029262451025,11167763661137,5906864397,15.0,18.60,27.95,Isntree Onion Newpair Gel Cream Plus 50ml - Default Title
55029262582097,11167763857745,8006068459,10.0,12.40,18.95,PRETTYSKIN 30 Days All-in-One Vitamin Cream 100ml - Default Title
55029262942545,11167763956049,8006069131,10.0,12.40,18.95,PRETTYSKIN 30 Days All-in-One Snail Cream 100ml - Default Title
55029263270225,11167764119889,8006065510,10.0,12.40,18.95,PRETTYSKIN 30 Days All-in-One B5 Brightening Cream 100ml - Default Title
55029263597905,11167764316497,8006066413,10.0,12.40,18.95,PRETTYSKIN 30 Days All-in-One Hyaluronic Cream 100ml - Default Title
55029263794513,11167764480337,8006067085,10.0,12.40,18.95,PRETTYSKIN 30 Days All-in-One Collagen Cream 100ml - Default Title
55029264154961,11167764644177,8006067726,10.0,12.40,18.95,PRETTYSKIN 30 Days All-in-One Cica Cream 100ml - Default Title
55029264974161,11167765168465,8321616026,12.0,14.88,21.95,DEWYTREE AC Deep Blemish Calming Mask Sheet 27gX10ea - Default Title
55029266547025,11167765365073,9999785953,12.0,14.88,21.95,Torriden Cellmazing Vita C Brightening Mask Sheet 26ml X 10ea - Default Title
55029266809169,11167765561681,6760613661,12.0,14.88,21.95,FATION Real Fit Rice Bran Brightening Mask Sheet 23mX10ea - Default Title
55029267071313,11167765758289,9245587085,12.0,14.88,21.95,MEDIHEAL Derma 365 Teetree Mask (30 Masks) - Default Title
55029267300689,11167765922129,6631324247,12.0,14.88,21.95,Round Lab Pine Calming Cica Sheet Mask 10pcs - Default Title
55029267628369,11167766085969,10186936444,12.0,14.88,21.95,MEDIHEAL Derma 365 Madecassoside Mask (30 Masks) - Default Title
55029268250961,11167766348113,9245600213,12.0,14.88,21.95,MEDIHEAL Derma 365 Collagen Mask (30 Masks) - Default Title
55029268513105,11167766544721,6149799719,12.0,14.88,21.95,MEDIHEAL The I.P.I Ampoule Mask Sheet 10P - Default Title
55029268775249,11167766774097,6149815841,12.0,14.88,21.95,MEDIHEAL The H.P.A Ampoule Mask Sheet 10P - Default Title
55029269070161,11167767003473,379750154,12.0,14.88,21.95,MEDIHEAL The E.G.T Ampoule Mask Sheet 10P - Default Title
55029269332305,11167767232849,534330846,12.0,14.88,21.95,[THANK YOU FARMER] Miracle Age Repair Cotton Mask 25ml X 5ea - Default Title
55029269496145,11167767462225,4838633113,12.0,14.88,21.95,NEOGEN Probiotics Relief Mask 25g X 5ea - Default Title
55029269692753,11167767593297,3378097307,12.0,14.88,21.95,daymellow Pure Water Energy Bird's Nest Mask 27ml X 10ea - Default Title
55029270053201,11167767789905,205173633,12.0,14.88,21.95,EUNYUL Multi-complex Horse Oil Sheet Mask 30ml x 30ea - Default Title
55029270380881,11167768052049,C4500297680,12.0,14.88,21.95,Mediheal Double Calming Water Mask 20ml X 15pcs - Default Title
55029270610257,11167768248657,8574881837,12.0,14.88,21.95,MEDIHEAL HYALU MOIST ESSENCE MASK SHEET 20ml X 15pcs - Default Title
55029270872401,11167768379729,10673345543,11.0,13.64,19.95,DERMATORY Retinal Derm Band Mask 28g X 6ea - Default Title
55029271200081,11167768576337,APLB,11.0,13.64,19.95,APLB Glutathioine Niacinamide Sheet Mask 25ml 10ea - Default Title
55029272248657,11167768740177,8571678757,11.0,13.64,19.95,Isntree Mugwort Calming Gauze Mask 23g X 10ea - Default Title
55029274771793,11167768969553,3296895938,11.0,13.64,19.95,daymellow Pure Water Energy Seasalt Mask 27ml X 10ea - Default Title
55029277851985,11167769166161,5187667581,11.0,13.64,19.95,AHC Micro Pure Water Non-Slip Mask Sheet SET 33ml X 10ea - Default Title
55029282865489,11167769428305,1858379802,11.0,13.64,19.95,NEOGEN Canadian Clay Pore Stick 28g - Default Title
55029284438353,11167769657681,4842492080,11.0,13.64,19.95,Mediflower Special Treatment Enerzing Skin Sheet Mask Multi Vitamin 23ml x 30ea - Default 
55029284798801,11167769854289,4842485196,11.0,13.64,19.95,Mediflower Special Treatment Control Skin Sheet Mask Centella 23ml x 30ea - Default Title
55029285323089,11167770050897,5016638026,10.0,12.40,18.95,One-day's you Oh! So Cool Calming Mask 25ml x 5ea - Default Title
55029285585233,11167770214737,5665251898,10.0,12.40,18.95,DEWYTREE DAYDERMA Brightening Ampoule In Mask 23gX10EA - Default Title
55029285814609,11167770280273,10164354736,10.0,12.40,18.95,DEWYTREE PICK & QUICK Moisture Full Mask 30ea - Default Title
55029286207825,11167770345809,8241753619,10.0,12.40,18.95,TONYMOLY Master Lab Sheet Mask 19g X 10ea - Hyaluronic acid
55029286240593,11167770345809,8241753619,10.0,12.40,18.95,TONYMOLY Master Lab Sheet Mask 19g X 10ea - Snail mucin
55029286273361,11167770345809,8241753619,10.0,12.40,18.95,TONYMOLY Master Lab Sheet Mask 19g X 10ea - Ceramide
55029286306129,11167770345809,8241753619,10.0,12.40,18.95,TONYMOLY Master Lab Sheet Mask 19g X 10ea - Vitamin C
55029286338897,11167770345809,8241753619,10.0,12.40,18.95,TONYMOLY Master Lab Sheet Mask 19g X 10ea - Collagen
55029286371665,11167770345809,8241753619,10.0,12.40,18.95,TONYMOLY Master Lab Sheet Mask 19g X 10ea - EGF
55029286404433,11167770345809,8241753619,10.0,12.40,18.95,TONYMOLY Master Lab Sheet Mask 19g X 10ea - Propolis
55029286437201,11167770345809,8241753619,10.0,12.40,18.95,TONYMOLY Master Lab Sheet Mask 19g X 10ea - Aqua Jet
55029286469969,11167770345809,8241753619,10.0,12.40,18.95,TONYMOLY Master Lab Sheet Mask 19g X 10ea - Mineral
55029286502737,11167770345809,8241753619,10.0,12.40,18.95,TONYMOLY Master Lab Sheet Mask 19g X 10ea - Charcoal
55029286535505,11167770345809,8241753619,10.0,12.40,18.95,TONYMOLY Master Lab Sheet Mask 19g X 10ea - Glutathion
55029286568273,11167770345809,8241753619,10.0,12.40,18.95,TONYMOLY Master Lab Sheet Mask 19g X 10ea - cica
55029286863185,11167770476881,10159041902,10.0,12.40,18.95,DEWYTREE PICK & QUICK Calming Full Mask 30ea - Default Title
55029287027025,11167770607953,10164717806,10.0,12.40,18.95,DEWYTREE PICK & QUICK De-Puff Morning Mask 30ea - Default Title
55029287223633,11167770673489,3375513604,10.0,12.40,18.95,One-day's you Magic Moon Light Peeling Cleansing Mask 20g x 5ea - Default Title
55029287420241,11167770771793,6760602560,10.0,12.40,18.95,FATION Real Fit HeartLeaf Calming Mask Sheet 23mlX10ea - Default Title
55029287682385,11167770870097,7709429461,10.0,12.40,18.95,SKINFOOD Royal Honey Propolis Mask 30ml X 10ea - Default Title
55029287846225,11167770968401,1098996372,10.0,12.40,18.95,ROVECTIN DR. MASK AQUA 25ml X 5ea - Default Title
55029289714001,11167771066705,375082240,10.0,12.40,18.95,MEDIHEAL Tea Tree Essential Mask Sheet 10P - Default Title
55029289845073,11167771263313,7709427575,10.0,12.40,18.95,SKINFOOD Carrot Carotene Mask 27ml X 10ea - Default Title
55029290008913,11167771328849,1313624764,10.0,12.40,18.95,THE FACE SHOP REAL NATURE Face Mask #Rice (20g X 10ea) - Default Title
55029290500433,11167771459921,1313638672,10.0,12.40,18.95,THE FACE SHOP REAL NATURE Face Mask #Red Ginseng (20g X 10ea) - Default Title
55029290697041,11167771525457,1313650383,10.0,12.40,18.95,THE FACE SHOP REAL NATURE Face Mask #Pomegranate (20g X 10ea) - Default Title
55029290926417,11167771623761,1313634496,10.0,12.40,18.95,THE FACE SHOP REAL NATURE Face Mask #Olive (20g X 10ea) - Default Title
55029291254097,11167771754833,1313643282,10.0,12.40,18.95,THE FACE SHOP REAL NATURE Face Mask #Honey (20g X 10ea) - Default Title
55029291745617,11167771885905,1313648972,10.0,12.40,18.95,THE FACE SHOP REAL NATURE Face Mask #Lemon (20g X 10ea) - Default Title
55029291974993,11167771984209,1313640322,10.0,12.40,18.95,THE FACE SHOP Real Nature Face Mask #Lotus (20g X 10ea) - Default Title
55029292138833,11167772082513,1313644550,10.0,12.40,18.95,THE FACE SHOP REAL NATURE Face Mask #Mung Bean (20g X 10ea) - Default Title
55029292302673,11167772148049,1313626710,10.0,12.40,18.95,THE FACE SHOP REAL NATURE Face Mask #Blueberry (20g X 10ea) - Default Title
55029292532049,11167772246353,1313629028,10.0,12.40,18.95,THE FACE SHOP REAL NATURE Face Mask #Aloe (20g X 10ea) - Default Title
55029292794193,11167772344657,10432896652,10.0,12.40,18.95,Dr.Jart+ Dermask Vital Hydra Solution Value Pack 25g X 5ea - Default Title
55029293023569,11167772442961,4904652856,10.0,12.40,18.95,CNP 2-Step Quick Soothing S.O.S Mask 5 Sheets - Default Title
55029293285713,11167772508497,11130310830,10.0,12.40,18.95,MEDIHEAL Tea Tree Care Solution Essential Mask 24ml X 10p - Default Title
55029293482321,11167772606801,27751721,10.0,12.40,18.95,MEDIHEAL W.H.P White Hydrating Black Mask EX 25ml x 10ea - Default Title
55029293711697,11167772672337,1955037369,10.0,12.40,18.95,AHC Premium Hydra Soother Cellulose MASK Sheet 27ml x 5ea - Default Title
55029294203217,11167772803409,1955037613,10.0,12.40,18.95,AHC Premium Phyto Complex Cellulose MASK Sheet 27ml x 5ea - Default Title
55029295743313,11167772934481,5305728821,10.0,12.40,18.95,MEDIHEAL Pepta Lifting Ampoule MASK SHEET 20ml X 15pcs - Default Title
55029295939921,11167773032785,5912698427,10.0,12.40,18.95,BANILA CO Miss Flower & Mr. Honey Propolis Rejuvenating 2 Step Mask 25ml+2mlX5ea - Default
55029298495825,11167773950289,Elizavecca569,8.0,9.92,14.95,Elizavecca Milky Piggy Hell-Pore Clean Up Mask 100ml - Default Title
55029298921809,11167774114129,Elizavecca414,8.0,9.92,14.95,Elizavecca Green Piggy Collagen Jella Pack 100g - Default Title
55029299609937,11167774310737,8848932674,8.0,9.92,14.95,[MARY & MAY] Vegan Rose Hyaluronic Hydra Wash off Pack 30g - Default Title
55029299937617,11167774474577,8848908443,8.0,9.92,14.95,[MARY & MAY] Vegan CICA TeaTree Soothing Wash off Pack 30g - Default Title
55029300625745,11167774638417,3948270484,8.0,9.92,14.95,TONYMOLY Wonder Aloe Chok Chok Mask Sheet 22g X 10ea - Default Title
55029300822353,11167774867793,10669638993,8.0,9.92,14.95,DERMATORY Pro Ampoule Shot Mask 34g X 10ea (4-type) - Moisture(Hyal Shot)
55029300855121,11167774867793,10669638993,8.0,9.92,14.95,DERMATORY Pro Ampoule Shot Mask 34g X 10ea (4-type) - Brightening(Niacin Shot)
55029300887889,11167774867793,10669638993,8.0,9.92,14.95,DERMATORY Pro Ampoule Shot Mask 34g X 10ea (4-type) - Firming(Collagen Shot)
55029300920657,11167774867793,10669638993,8.0,9.92,14.95,DERMATORY Pro Ampoule Shot Mask 34g X 10ea (4-type) - Calming(Cica Shot)
55029319500113,11167781060945,8849031102,8.0,9.92,14.95,[MARY & MAY] Vegan Blackberry Complex Glow Wash off Pack 30g - Default Title
55029319860561,11167781159249,8849092835,8.0,9.92,14.95,[MARY & MAY] Vegan Calendula Peptide Ageless Sleeping Mask 30g - Default Title
55029320221009,11167781290321,7269680111,8.0,9.92,14.95,TONYMOLY The Chok Chok Green Tea Watery Mask Sheet 20g X 10ea - Default Title
55029320515921,11167781519697,10669568953,8.0,9.92,14.95,DERMATORY Retinal Collagen Lifting Gel Mask 22g X 3ea - Default Title
55029320941905,11167781749073,2001490088,8.0,9.92,14.95,papa recipe Eggplant Clearing Mud Cream Mask 100ml - Default Title
55029325037905,11167781945681,9402091952,8.0,9.92,14.95,HANYUL Yuja Brightening Wrapping Mask Sheet 5P - Default Title
55029328281937,11167782502737,5240331249,8.0,9.92,14.95,IOPE Bio Essence Facial Mask 23ml*5ea - Default Title
55029331067217,11167783125329,10124355760,8.0,9.92,14.95,goodal Heartleaf Hyaluron Soothing Jelly Mask Sheet 5ea - Default Title
55029333655889,11167783780689,5551223496,8.0,9.92,14.95,REJURAN Healer Skin Protection Mask 27ml X 5ea - Default Title
55029338702161,11167784567121,9402076876,8.0,9.92,14.95,HANYUL Red Rice Moisture Firming Wrapping Mask Sheet 5P - Default Title
55029342732625,11167785058641,7820552956,8.0,9.92,14.95,[ONE THING] Cica Soothing Facial Sheet Mask 5P - Default Title
55029346500945,11167785746769,4925383511,8.0,9.92,14.95,SKINFOOD Strawberry Sugar Food Mask 120g - Default Title
55029348237649,11167786271057,372589269,8.0,9.92,14.95,SKINFOOD Egg White Pore Mask 120g - Default Title
55029350302033,11167786631505,2952066001,8.0,9.92,14.95,daymellow Diamond Toning TTM Mask 27ml X 10ea - Default Title
55029351121233,11167787123025,4774908988,8.0,9.92,14.95,ROVECTIN DR. MASK CICA 25ml X 5ea - Default Title
55029352726865,11167787516241,561079803,8.0,9.92,14.95,[HOLIKA HOLIKA] Pure Essence Mask Sheet - Shea Butter 23ml x 10ea - Default Title
55029353709905,11167787909457,4922159197,8.0,9.92,14.95,SKINFOOD Apricot Food Mask 120g - Default Title
55029357412689,11167788269905,4752077964,8.0,9.92,14.95,primera Seed and Sprout Energy Mask Lotus 20ml X 5ea - Default Title
55029358428497,11167788564817,4758860781,8.0,9.92,14.95,d'Alba White Truffle Nourishing Treatment Mask 25ml x 5ea - Default Title
55029360099665,11167788990801,4966554948,7.0,8.68,12.95,PAUL MEDISON Deep-red Sleeping Pack 211ml - Default Title
55029361836369,11167789187409,2542072469,7.0,8.68,12.95,DEWYTREE PICK & QUICK Hydrating Mask 30ea - Default Title
55029362590033,11167789613393,4900115274,7.0,8.68,12.95,PAUL MEDISON Deep Red Pore Peel Off Pack 155ml - Default Title
55029363638609,11167789842769,9887679208,7.0,8.68,12.95,goodal Black Carrot Vita-A Retinol Lifting Gel Sheet Mask 4P - Default Title
55029364785489,11167790235985,4922160541,7.0,8.68,12.95,SKINFOOD Pear Mint Food Mask 120g - Default Title
55029366227281,11167790661969,2951688101,7.0,8.68,12.95,daymellow Jade Aqua TTM Mask 27ml X 10ea - Default Title
55029366587729,11167790989649,2952012279,7.0,8.68,12.95,daymellow Gold Recovery TTM Mask 27ml X 10ea - Default Title
55029368160593,11167791350097,1011935,7.0,8.68,12.95,LEADERS MEDIU AMINO MOISTURE MASK Sheet 25ml x 10ea - Default Title
55029369831761,11167791907153,6363642296,7.0,8.68,12.95,goodal Green Tangerine Vita C Dark Spot Serum Sheet Mask (5EA) - Default Title
55029373632849,11167792136529,3613579179,7.0,8.68,12.95,Isntree MUGWORT CALMING CLAY MASK 100ml - Default Title
55029374583121,11167792529745,3413545976,7.0,8.68,12.95,Isntree Real Rose Calming Mask 100ml - Default Title
55029376287057,11167792726353,2470892,7.0,8.68,12.95,[all NATURAL] Organic Mask Sheet Houttuynia Cordata 25ml x 5ea - Default Title
55029376713041,11167793217873,6630659066,7.0,8.68,12.95,Dr.Jart+ DERMASK WATER JET SOOTHING HYDRA SOLUTION 25g x 5ea - Default Title
55029379498321,11167793512785,7631615753,6.0,7.44,10.95,goodal Mild Sheet Mask 20g X 10ea (3-type) - Tea Tree
55029379531089,11167793512785,7631615753,6.0,7.44,10.95,goodal Mild Sheet Mask 20g X 10ea (3-type) - Green Tea
55029379563857,11167793512785,7631615753,6.0,7.44,10.95,goodal Mild Sheet Mask 20g X 10ea (3-type) - Yuja
55029379694929,11167793873233,7331059503,6.0,7.44,10.95,It'S SKIN Power 10 Formula LI Jelly Mask Sheet 23g x 5 sheets - Default Title
55029379793233,11167793938769,9019468546,5.0,6.20,9.95,MIGUHARA 2 Step Whitening Mask Pack Origin 1.7ml + 25ml - Default Title
55029379891537,11167793971537,534330414,5.0,6.20,9.95,[THANK YOU FARMER] Miracle Age Repair Cotton Mask 25ml X 1ea - Default Title
55029380022609,11167794069841,3510140723,5.0,6.20,9.95,[By Wishtrend] Natural Vitamin 21.5 Enhancing Sheet Mask 23ml - Default Title
55029380153681,11167794168145,8816822673,13.0,16.12,23.95,[MARY & MAY] Niacinamide Vitamin C Brightening Mask 400g (30ea) - Default Title
55029380383057,11167794200913,8816956625,13.0,16.12,23.95,[MARY & MAY] Hyaluronic Panthenol Hydra Mask 400g (30ea) - Default Title
55029380710737,11167794299217,7073117710,13.0,16.12,23.95,make p:rem Comfort Me. Mask Pack 30ml x 10ea (3 Type) - Comfort me Birch Aqua Mask
55029380743505,11167794299217,7073115889,13.0,16.12,23.95,make p:rem Comfort Me. Mask Pack 30ml x 10ea (3 Type) - Comfort me Oat Moist Mask Pack
55029380776273,11167794299217,5497915405,13.0,16.12,23.95,make p:rem Comfort Me. Mask Pack 30ml x 10ea (3 Type) - Comfort me Moss Calming Mask Pack
55029380874577,11167794364753,10508637429,13.0,16.12,23.95,TONYMOLY Houttuynia Cordata Cica Quick Calming Mask 20ml X 10ea - Default Title
55029380940113,11167794430289,8489023100,13.0,16.12,23.95,innisfree Black Tea Youth Enhancing Ampoule Mask 28ml X 6ea - Default Title
55029381136721,11167794495825,6117641576,13.0,16.12,23.95,One-day's you Shikarming 30 Days Mask 310g(30 Pieces) - Default Title
55029381333329,11167794626897,4938667384,13.0,16.12,23.95,HANYUL Yuja Brightening Wrapping Mask Sheet 10P - Default Title
55029389361489,11167794725201,4962466008,13.0,16.12,23.95,HANYUL Red Rice Moisture Firming Wrapping Mask Sheet 10P - Default Title
55029389590865,11167799050577,4962468512,13.0,16.12,23.95,HANYUL Pure Aretemisia Watwery Calming Wrapping Mask Sheet 10P - Default Title
55029389787473,11167799181649,5187667581,13.0,16.12,23.95,AHC Micro Rosemary Non-Slip Mask Sheet SET 33ml X 10ea - Default Title
55029390147921,11167799279953,4486449202,13.0,16.12,23.95,daymellow Houttuynia Cordata Real Ampoule Mask 27ml X 10ea - Default Title
55029391130961,11167799411025,4491883181,13.0,16.12,23.95,ETUDE HOUSE SoonJung Panthensoside Sheet Mask Sheet 25ml x 10pcs - Default Title
55029391294801,11167799640401,7399723191,13.0,16.12,23.95,SKINFOOD Pantothenic Water Parsley Mask 24ml X 10ea - Default Title
55029391655249,11167799837009,5187667581,13.0,16.12,23.95,AHC Micro Red Collagen Non-Slip Mask Sheet SET 33ml X 10ea - Default Title
55029391819089,11167800000849,3386575997,13.0,16.12,23.95,Benton Aloe Soothing Sheet Mask 23g X 10ea - Default Title
55029392605521,11167800459601,5187667581,13.0,16.12,23.95,AHC Micro Vitamin Non-Slip Mask Sheet 33ml x 10ea - Default Title
55029393097041,11167800688977,4667008238,13.0,16.12,23.95,Dr.G R.E.D Blemish Cool Soothing Mask 10ea 30g - Default Title
55029393359185,11167800852817,8822804312,14.0,17.36,25.95,[MARY & MAY] Vegan Wash Off Mask Mini Gift Set (30g x 5) - Default Title
55029393654097,11167801049425,8822309335,14.0,17.36,25.95,[MARY & MAY] Vegan Calendula Peptide Ageless Sleeping Mask 110g - Default Title
55029394899281,11167801278801,papa1080,14.0,17.36,25.95,papa recipe Carrot Solution Mud Cream Mask 100ml - Default Title
55029395161425,11167801377105,5510489927,14.0,17.36,25.95,[ONE THING] Modeling Pack 20gX7ea #Hyaluronic Acid - Default Title
55029396406609,11167801573713,5510489927,14.0,17.36,25.95,[ONE THING] Modeling Pack 20gX7ea #Collagen - Default Title
55029397094737,11167801704785,5510489927,14.0,17.36,25.95,[ONE THING] Modeling Pack 20gX7ea #Houttuynia Cordata - Default Title
55029397258577,11167801934161,papa888,14.0,17.36,25.95,papa recipe Bombee Pore Ampoule Honey Mask Pack Set 25g x 10 pcs - Default Title
55029397586257,11167802098001,papa445,14.0,17.36,25.95,papa recipe Bombee Black Honey Mask Pack Set 25g x 10 pcs - Default Title
55029398241617,11167802327377,10319345592,14.0,17.36,25.95,FATION Nosca9 Trouble Serum Mask Sheet 25mlX10ea - Default Title
55029399421265,11167802458449,6592977835,14.0,17.36,25.95,REJURAN Derma Healer Moisture Treatment Mask 23ml X 5ea - Default Title
55029400043857,11167802720593,379750798,14.0,17.36,25.95,MEDIHEAL The N.M.F Ampoule Mask Sheet 10P - Default Title
55029401157969,11167802917201,6627734233,14.0,17.36,25.95,Dr.Jart+ DERMASK BRIGHTENING SOLUTION FACE MASK (5 Sheets) - Default Title
55029402173777,11167803081041,8467139928,14.0,17.36,25.95,Dr.Jart+ Dermask Porecting Solution Facial Mask (5 Sheets) - Default Title
55029402763601,11167803277649,3926054232,14.0,17.36,25.95,iUNIK Propolis Vitamin Sleeping Mask 60ml - Default Title
55029403320657,11167803736401,3038848253,14.0,17.36,25.95,daymellow Pure Water Energy Seaweed Mask 27ml X 10ea - Default Title
55029403550033,11167803834705,Elizavecca518,15.0,18.60,27.95,Elizavecca Milky Piggy Water Coating Aqua Brightening Mask 100ml - Default Title
55029403943249,11167804031313,8091482081,15.0,18.60,27.95,heimish Matcha Biomet Low Ph Hydrating Mask Sheet 30ml X 5ea - Default Title
55029404074321,11167804195153,10393972268,15.0,18.60,27.95,WELLAGE Real Hyaluronic Blue Ampoule Mask Sheet 27ml X 10P - Default Title
55029404172625,11167804260689,5870075870,15.0,18.60,27.95,REJURAN Turnover Mask (Prev. Healing Mask) 40ml X 5ea - Default Title
55029404270929,11167804326225,7982972194,15.0,18.60,27.95,Isntree Ultra-Low Molecular Hyaluronic Acid Mask 25g X 10ea - Default Title
55029404402001,11167804391761,5605412574,15.0,18.60,27.95,Dr.Jart+ Pore·remedy Purifying Mud Face Mask 13g X 5ea - Default Title
55029404467537,11167804490065,7464567662,15.0,18.60,27.95,Dr.Jart+ Ceramidin Skin Barrier Moisturizing Mask 22g X 5ea - Default Title
55029404631377,11167804555601,29141782624,15.0,18.60,27.95,[MARY & MAY] Niacinanide Vitamin C Brightening Sheets 30 Sheets - Default Title
55029404795217,11167804719441,2069051665,15.0,18.60,27.95,[MARY & MAY] Hyaluronic Panthenol Hydra Mask Sheets 30 Sheets - Default Title
55029404893521,11167804817745,6380013556,15.0,18.60,27.95,[MARY & MAY] Collagen Peptide Vital Mask Sheets 30 Sheets - Default Title
55029405155665,11167804883281,220213732,15.0,18.60,27.95,[MARY & MAY] CICA Houttuynia Tea Tree Calming Mask Sheets 30 Sheets - Default Title
55029405974865,11167805079889,5508849710,15.0,18.60,27.95,[Real Barrier] Aqua Soothing Cream Mask Sheet 30ml X 10ea - Default Title
55029406105937,11167805178193,1133056081,15.0,18.60,27.95,[I'm Sorry For My Skin] Jelly Mask Revitalizing 33ml X 10ea - Default Title
55029406335313,11167805243729,1133054336,15.0,18.60,27.95,[I'm Sorry For My Skin] pH 5.5 Soothing Jelly Mask Sheet 33ml X 10ea - Default Title
55029407252817,11167805702481,5605412574,15.0,18.60,27.95,Dr.Jart+ PORE REMEDY PURIFYING MUD MASK 13g X 5ea - Default Title
55029407383889,11167805768017,5508849457,15.0,18.60,27.95,[Real Barrier] Aqua Soothing Ampoule Mask Sheet 28ml X 10ea - Default Title
55029407514961,11167805866321,188177334,15.0,18.60,27.95,VITAHALO Whitening & Hydrating Black Mask 25ml × 20ea - Default Title
55029407646033,11167805964625,1272185216,15.0,18.60,27.95,"Vitahalo 50p Skin fit mask sheet Collagen, Aloe vera essential - Default Title"
55029407744337,11167806062929,10669639506,16.0,19.84,28.95,DERMATORY Retinal Derm Band Mask 28g X 10ea - Default Title
55029408661841,11167806128465,10259132216,16.0,19.84,28.95,ROUND LAB Vita Niacinamide Dark Spot Serum Mask 10ea - Default Title
55029408956753,11167806325073,379750798,16.0,19.84,28.95,MEDIHEAL N.M.F Nude Gel Mask Sheet 10p - Default Title
55029409055057,11167806456145,2512769,16.0,19.84,28.95,EUNYUL Collagen Natural Moisture Mask Pack 22ml x 50ea - Default Title
55029409218897,11167806521681,4487103094,16.0,19.84,28.95,daymellow Snow Mushroom Real Ampoule Mask 27ml X 10ea - Default Title
55029409317201,11167806619985,5579254268,16.0,19.84,28.95,AXIS-Y 61% Mugwort Green Vital Energy Complex Sheet Mask 27ml x 5pcs - Default Title
55029410070865,11167806718289,2527906,16.0,19.84,28.95,EUNYUL Aloe Natural Moisture Mask Pack 22ml x 50ea - Default Title
55029410201937,11167806783825,205517129,16.0,19.84,28.95,EUNYUL Natural Sheet Mask Pack Set 50 Sheets (Aloe 10p + Collagen 10p + Pearl 10p + Hyalur
55029410365777,11167806882129,1739437090,16.0,19.84,28.95,Abib Mild Acidic pH Sheet Mask Heartleaf Fit 30ml X 10pcs - Default Title
55029410824529,11167806980433,6411275256,17.0,21.08,30.95,d'Alba Waterfull Vegan Sleeping Pack (Spout Type) 60ml - Default Title
55029410988369,11167807078737,10747984141,17.0,21.08,30.95,[ONE THING] Modeling Pack 1kg #Houttuynia Cordata - Default Title
55029411086673,11167807177041,10747984141,17.0,21.08,30.95,[ONE THING] Modeling Pack 1kg #Hyaluronic Acid - Default Title
55029411184977,11167807209809,4508510547,17.0,21.08,30.95,make p:rem Safe Me. Relief Moisture Mask 15 25ml x 10ea - Default Title
55029447917905,11167817793873,10747984141,17.0,21.08,30.95,[ONE THING] Modeling Pack 1kg #Collagen - Default Title
55029448016209,11167817892177,papa311,17.0,21.08,30.95,papa recipe Bombee Honey Mask Set 25g x 10 pcs - Default Title
55029448212817,11167817957713,9454669698,17.0,21.08,30.95,Easydew Barrier Repair Mask 25g X 4ea - Default Title
55029448311121,11167818088785,9707999546,17.0,21.08,30.95,MEDIHEAL Derma Synergy Wrapping Mask Sheet 10P #Tea tree X Cica - Default Title
55029448409425,11167818154321,9707615308,17.0,21.08,30.95,MEDIHEAL Derma Synergy Wrapping Mask Sheet 10P #Retinol X LHA - Default Title
55029448540497,11167818252625,5446749119,17.0,21.08,30.95,Huxley Conditioning Mask : One Moment 5P - Default Title
55029448638801,11167818318161,8535173299,17.0,21.08,30.95,Huxley Balance Mask; Hold Tight 18ml 10P - Default Title
55029448737105,11167818350929,220715316,17.0,21.08,30.95,MEDIHEAL Tea Tree Nude Gel Mask Sheet 10p - Default Title
55029448933713,11167818482001,6626790609,17.0,21.08,30.95,Dr.Jart+ Ceramidin Cream-Infused Mask 18g X 5ea - Default Title
55029449032017,11167818547537,235523462,17.0,21.08,30.95,CQMONG Diamond Ampoule Sheet Mask 30ml X 10ea - Default Title
55029450178897,11167818645841,1998777605,17.0,21.08,30.95,Rokkiss Real Twinkle Mask Pack 20ea - Default Title
55029450309969,11167818744145,Elizavecca849,18.0,22.32,32.95,Elizavecca Hell-Pore Bubble Black Boom Pore Pack 150ml - Default Title
55029450408273,11167818842449,8467079926,18.0,22.32,32.95,Dr.Jart+ Dermask Soothing Hydra Solution Pro (5 Sheets) - Default Title
55029450572113,11167818940753,5037155221,18.0,22.32,32.95,heimish Black Tea Wash-Off Mask 110ml - Default Title
55029450735953,11167819039057,5940991166,18.0,22.32,32.95,MIZON Cicaluronic Water Fit Mask 24g X 10ea - Default Title
55029450834257,11167819137361,4738066436,18.0,22.32,32.95,Benton Fermentation Mask Pack 20g x 10ea - Default Title
55029452341585,11167819235665,4590605788,18.0,22.32,32.95,[THANK YOU FARMER] Centella Balancing Star Mask 30ml X 10ea - Default Title
55029452833105,11167819301201,53049305,18.0,22.32,32.95,MGDD Adsorbable Mask Sheet 28ml x 10ea - Default Title
55029452964177,11167819432273,7191201713,19.0,23.56,34.95,V&A BEAUTY Antioxidant Ampoule Mask Sheet 25ml x 5EA - Default Title
55029453062481,11167819497809,7982657768,19.0,23.56,34.95,belif Super Knights Purifying Clay Mask 75ml - Default Title
55029453783377,11167819596113,4951455171,19.0,23.56,34.95,Dr.G Royal Black Snail Cream Mask 10ea 16g - Default Title
55029454438737,11167819727185,10986441897,20.0,24.80,36.95,[ONE THING] CICA B5 MASK 310ml (30 sheets) - Default Title
55029454504273,11167819891025,6985364055,20.0,24.80,36.95,One-day's you Collagen 30 Days Mask 310g (30pcs) - Default Title
55029454831953,11167819989329,4622864498,20.0,24.80,36.95,JHP 139 TONE-UP MOISTURE MASK 30 Sheets - Default Title
55029455159633,11167820120401,7697503857,20.0,24.80,36.95,[JEJU INDI] Vitamin C Daily Morning Care Mask 380g - Default Title
55029456142673,11167820284241,9138130889,20.0,24.80,36.95,Dr.Jart+ CICAPAIR™ SENSITIVE SKIN SERUM FACE MASK FOR REDNESS (5 Sheets) - Default Title
55029456929105,11167820906833,8467098530,20.0,24.80,36.95,Dr.Jart+ Dermask Vital Hydra Solution Pro (5 Sheets) - Default Title
55029457092945,11167821136209,7982638574,20.0,24.80,36.95,belif Super Knights Regenerating Night Mask 75ml - Default Title
55029457289553,11167821267281,6225863660,21.0,26.04,37.95,belif Super Knights Multi Vitamin Mask 75ml - Default Title
55029457420625,11167821398353,2234276624,21.0,26.04,37.95,Huxley Sleep Mask Good Night 150g - Default Title
55029457551697,11167821496657,6225879552,21.0,26.04,37.95,belif Super Knights Clear Soothing Mask 75ml - Default Title
55029457617233,11167821562193,100241179,21.0,26.04,37.95,Benton Snail Bee High Content Sheet Mask 20g X 10ea - Default Title
55029457715537,11167821627729,26578724,22.0,27.28,39.95,natureby Essence Mask Pack B Type 23g x 100ea - Default Title
55029457813841,11167821693265,Elizavecca528,23.0,28.52,41.95,Elizavecca Milky Piggy Herb Soul Hydro Aqua Jella Pack 250ml - Default Title
55029458108753,11167821726033,297307113,24.0,29.76,43.95,isoi Bulgarian Rose Blemish Care Mask 20ml x 10ea - Default Title
55029463843153,11167824707921,9908461772,11.0,13.64,19.95,O HUI Age Recovery Soft Amino Foam 180ml - Default Title
55029464170833,11167824970065,Elizavecca950,23.0,28.52,41.95,Elizavecca Witch Piggy Hell Black Solution Bubble Serum Mask Pack 28g*5pcs - Default Title
55029464400209,11167825232209,10779496575,17.0,21.08,30.95,[Pyunkang Yul] Brightening Maskpack for Porcelain Skin 25ml*10ea - Default Title
55029464826193,11167825461585,5409574322,13.0,16.12,23.95,[Pyunkang Yul] Black Tea Revitalizing Mask Pack 25ml*10 Sheets - Default Title
55029465252177,11167825756497,372542586,7.0,8.68,12.95,SKINFOOD Rice Mask Wash Off 120g - Default Title
55029465514321,11167825953105,5299868125,12.0,14.88,21.95,[Pyunkang Yul] Calming Mask Pack 25ml*10 Sheets - Default Title
55029466038609,11167826477393,6490397812,13.0,16.12,23.95,[Pyunkang Yul] Calming Pore Clear Wash Off Pack 100g - Default Title
55029466366289,11167826706769,8178223533,13.0,16.12,23.95,[Pyunkang Yul] Calming Relief Gel Wash Off Pack 100g - Default Title
55029466923345,11167827001681,6050187274,19.0,23.56,34.95,EUNYUL Clean & Fresh Sheet Mask 22ml*30ea (10-type) - Tighten/Revive
55029466956113,11167827001681,6050187274,19.0,23.56,34.95,EUNYUL Clean & Fresh Sheet Mask 22ml*30ea (10-type) - Refresh/Moisturize
55029466988881,11167827001681,6050187274,19.0,23.56,34.95,EUNYUL Clean & Fresh Sheet Mask 22ml*30ea (10-type) - Firm/Nourish
55029467021649,11167827001681,6050187274,19.0,23.56,34.95,EUNYUL Clean & Fresh Sheet Mask 22ml*30ea (10-type) - Exfoliate/Soothe
55029467054417,11167827001681,6050187274,19.0,23.56,34.95,EUNYUL Clean & Fresh Sheet Mask 22ml*30ea (10-type) - Nourish/Shine
55029467087185,11167827001681,6050187274,19.0,23.56,34.95,EUNYUL Clean & Fresh Sheet Mask 22ml*30ea (10-type) - Brighten/Lighten
55029467119953,11167827001681,6050187274,19.0,23.56,34.95,EUNYUL Clean & Fresh Sheet Mask 22ml*30ea (10-type) - Purify/Hydrate
55029467152721,11167827001681,6050187274,19.0,23.56,34.95,EUNYUL Clean & Fresh Sheet Mask 22ml*30ea (10-type) - Revitalize/Strengthen
55029467185489,11167827001681,6050187274,19.0,23.56,34.95,EUNYUL Clean & Fresh Sheet Mask 22ml*30ea (10-type) - Cool/Soothe
55029467218257,11167827001681,6050187274,19.0,23.56,34.95,EUNYUL Clean & Fresh Sheet Mask 22ml*30ea (10-type) - Refine/Clarify
55029467939153,11167827657041,8040106647,15.0,18.60,27.95,[I'm Sorry For My Skin] Black Mud Mask 18g*10ea #Tightening - Default Title
55029468332369,11167827886417,9088620741,7.0,8.68,12.95,EUNYUL Purity Facial Sheet Mask Pack Set 22ml*10ea (8-types) - ALOE
55029468365137,11167827886417,9088620741,7.0,8.68,12.95,EUNYUL Purity Facial Sheet Mask Pack Set 22ml*10ea (8-types) - COLLAGEN
55029468397905,11167827886417,9088620741,7.0,8.68,12.95,EUNYUL Purity Facial Sheet Mask Pack Set 22ml*10ea (8-types) - AQUA
55029468430673,11167827886417,9088620741,7.0,8.68,12.95,EUNYUL Purity Facial Sheet Mask Pack Set 22ml*10ea (8-types) - PEARL
55029468463441,11167827886417,9088620741,7.0,8.68,12.95,EUNYUL Purity Facial Sheet Mask Pack Set 22ml*10ea (8-types) - BLUEBERRY
55029468496209,11167827886417,9088620741,7.0,8.68,12.95,EUNYUL Purity Facial Sheet Mask Pack Set 22ml*10ea (8-types) - LEMON
55029468528977,11167827886417,9088620741,7.0,8.68,12.95,EUNYUL Purity Facial Sheet Mask Pack Set 22ml*10ea (8-types) - POMEGRANATE
55029468561745,11167827886417,9088620741,7.0,8.68,12.95,EUNYUL Purity Facial Sheet Mask Pack Set 22ml*10ea (8-types) - CHARCOAL
55029469053265,11167828312401,9068732952,6.0,7.44,10.95,EUNYUL Natural Sheet Mask Pack 22ml*10ea (14-types) - BLUEBERRY
55029469086033,11167828312401,9068732952,6.0,7.44,10.95,EUNYUL Natural Sheet Mask Pack 22ml*10ea (14-types) - ALOE
55029469118801,11167828312401,9068732952,6.0,7.44,10.95,EUNYUL Natural Sheet Mask Pack 22ml*10ea (14-types) - CUCUMBER
55029469151569,11167828312401,9068732952,6.0,7.44,10.95,EUNYUL Natural Sheet Mask Pack 22ml*10ea (14-types) - HYALURON
55029469184337,11167828312401,9068732952,6.0,7.44,10.95,EUNYUL Natural Sheet Mask Pack 22ml*10ea (14-types) - AVOCADO
55029469217105,11167828312401,9068732952,6.0,7.44,10.95,EUNYUL Natural Sheet Mask Pack 22ml*10ea (14-types) - COLLAGEN
55029469249873,11167828312401,9068732952,6.0,7.44,10.95,EUNYUL Natural Sheet Mask Pack 22ml*10ea (14-types) - HONEY
55029469282641,11167828312401,9068732952,6.0,7.44,10.95,EUNYUL Natural Sheet Mask Pack 22ml*10ea (14-types) - COENZYME Q10
55029469315409,11167828312401,9068732952,6.0,7.44,10.95,EUNYUL Natural Sheet Mask Pack 22ml*10ea (14-types) - VITAMIN
55029469348177,11167828312401,9068732952,6.0,7.44,10.95,EUNYUL Natural Sheet Mask Pack 22ml*10ea (14-types) - POMEGRANATE
55029469380945,11167828312401,9068732952,6.0,7.44,10.95,EUNYUL Natural Sheet Mask Pack 22ml*10ea (14-types) - GREEN TEA
55029469413713,11167828312401,9068732952,6.0,7.44,10.95,EUNYUL Natural Sheet Mask Pack 22ml*10ea (14-types) - HORSE OIL
55029469446481,11167828312401,9068732952,6.0,7.44,10.95,EUNYUL Natural Sheet Mask Pack 22ml*10ea (14-types) - SNAIL
55029469479249,11167828312401,9068732952,6.0,7.44,10.95,EUNYUL Natural Sheet Mask Pack 22ml*10ea (14-types) - PEARL
55029469970769,11167828738385,6204885894,6.0,7.44,10.95,EUNYUL Daily Care Facial Sheet Mask 22ml*10ea (12-type) - Shea Butter
55029470003537,11167828738385,6204885894,6.0,7.44,10.95,EUNYUL Daily Care Facial Sheet Mask 22ml*10ea (12-type) - Cucumber
55029470036305,11167828738385,6204885894,6.0,7.44,10.95,EUNYUL Daily Care Facial Sheet Mask 22ml*10ea (12-type) - Honey
55029470069073,11167828738385,6204885894,6.0,7.44,10.95,EUNYUL Daily Care Facial Sheet Mask 22ml*10ea (12-type) - Tea Tree
55029470101841,11167828738385,6204885894,6.0,7.44,10.95,EUNYUL Daily Care Facial Sheet Mask 22ml*10ea (12-type) - Aloe
55029470134609,11167828738385,6204885894,6.0,7.44,10.95,EUNYUL Daily Care Facial Sheet Mask 22ml*10ea (12-type) - Blueberry
55029470167377,11167828738385,6204885894,6.0,7.44,10.95,EUNYUL Daily Care Facial Sheet Mask 22ml*10ea (12-type) - Apple
55029470200145,11167828738385,6204885894,6.0,7.44,10.95,EUNYUL Daily Care Facial Sheet Mask 22ml*10ea (12-type) - Broccoli
55029470232913,11167828738385,6204885894,6.0,7.44,10.95,EUNYUL Daily Care Facial Sheet Mask 22ml*10ea (12-type) - Vitamin
55029470265681,11167828738385,6204885894,6.0,7.44,10.95,EUNYUL Daily Care Facial Sheet Mask 22ml*10ea (12-type) - Rice
55029470298449,11167828738385,6204885894,6.0,7.44,10.95,EUNYUL Daily Care Facial Sheet Mask 22ml*10ea (12-type) - BlackBean
55029470331217,11167828738385,6204885894,6.0,7.44,10.95,EUNYUL Daily Care Facial Sheet Mask 22ml*10ea (12-type) - Tomato
55029470626129,11167829131601,7825342605,13.0,16.12,23.95,[I'm Sorry For My Skin] Jelly Mask 33g*10ea #Brightening - Default Title
55029470888273,11167829360977,7825365180,13.0,16.12,23.95,[I'm Sorry For My Skin] Jelly Mask 33g*10ea #Pore Care - Default Title
55029471904081,11167829590353,7825443554,13.0,16.12,23.95,[I'm Sorry For My Skin] Jelly Mask 33g*10ea #Relaxing - Default Title
55029474230609,11167830245713,7825154281,12.0,14.88,21.95,[I'm Sorry For My Skin] pH 5.5 Jelly Mask 33g*10ea #Brightening - Default Title
55029475475793,11167830835537,5898327869,13.0,16.12,23.95,[I'm Sorry For My Skin] Real Mugwort Calming Mask 23g*10ea - Default Title
55029477572945,11167831458129,7825221570,12.0,14.88,21.95,[I'm Sorry For My Skin] pH5.5 Jelly Mask 33g*10ea #Relaxing - Default Title
55029479342417,11167831982417,10338009977,15.0,18.60,27.95,[I'm Sorry For My Skin] pH 5.5 Jelly Mask 33ml*10ea #Moisture - Default Title
55029479604561,11167832211793,7825399840,12.0,14.88,21.95,[I'm Sorry For My Skin] pH 5.5 Jelly Mask 33g*10ea #Purifying - Default Title
55029479866705,11167832441169,10153218161,14.0,17.36,25.95,[I'm Sorry For My Skin] SOS Jelly Mask Soothing Mask 33g*10ea - Default Title
55029480161617,11167832736081,5898220763,15.0,18.60,27.95,[I'm Sorry For My Skin] Green Mud Mask - Soothing 18g*10ea - Default Title
55029480390993,11167832932689,10861446133,19.0,23.56,34.95,MEDIPEEL Extra Super 9+ Glow lifting Wrapping Mask 70ml - Default Title
55029480653137,11167833162065,5455546564,14.0,17.36,25.95,Dr.Althea Marine Anti-Blemish Mask 27g*5ea - Default Title
55029481013585,11167833391441,6387545597,18.0,22.32,32.95,Dr.Althea Last Minute Skin Rescue Anastatica Mask 30ea/310ml - Default Title
55029481963857,11167833719121,5106450192,14.0,17.36,25.95,Dr.Althea Oasis Soothing Mask 27g*5ea - Default Title
55029482226001,11167833915729,6337979151,16.0,19.84,28.95,Dr.Althea Premium Cica Modeling Mask Set 25g*5ea - Default Title
55029482553681,11167834177873,8097306873,16.0,19.84,28.95,Dr.Althea Premium Rosa Modeling Mask Set 25g*5ea - Default Title
55029482783057,11167834440017,10968824225,8.0,9.92,14.95,FULLY RICE-DOUGH MODELING MASK 50g*4ea - Default Title
55029483012433,11167834636625,6501919546,12.0,14.88,21.95,Dr.Ceuracle Expert Charcoal Black Modeling Mask 1kg - Default Title
55029483372881,11167834866001,6501921735,12.0,14.88,21.95,Dr.Ceuracle Expert Collagen Firming Modeling Mask 1kg - Default Title
55029484093777,11167835291985,6501916338,12.0,14.88,21.95,Dr.Ceuracle Expert Goji Berry Vita Modeling Mask 1kg - Default Title
55029484454225,11167835554129,5277647756,12.0,14.88,21.95,Dr.Ceuracle Expert Spirulina Cooling Modeling Mask 1kg - Default Title
55029484814673,11167835816273,5129458740,17.0,21.08,30.95,Dr.Ceuracle Ganghwa Rice Granule Pack 115ml - Default Title
55029485142353,11167836045649,2008668210,11.0,13.64,19.95,Dr.Ceuracle Tea Tree Purifine Soothing Mask 23ml*10ea - Default Title
55029485437265,11167836242257,6506259966,11.0,13.64,19.95,Dr.Ceuracle Hyal Reyouth Lifting Mask 25mlX10ea - Default Title
55029485764945,11167836504401,2972578026,11.0,13.64,19.95,Dr.Ceuracle Jeju Matcha Clay Pack 115ml - Default Title
55029486059857,11167836733777,4716690443,11.0,13.64,19.95,Dr.Ceuracle Royal Vita Propolis Anti-Oxidant Mask 30ml*10ea - Default Title
55029492875601,11167842697553,7072991889,11.0,13.64,19.95,[THE LAB By BLANC DOUX] Green Flavonoid 2.0 Mask 23g x 10ea - Default Title
55029493236049,11167842926929,3471786661,18.0,22.32,32.95,CURESYS Trouble Clear Serum Mask 23g*10pcs - Default Title
55029493891409,11167843189073,11363529865,15.0,18.60,27.95,[Real Barrier] Retinol Pore Tightening Serum Gel Mask 30g*5ea - Default Title
55029494153553,11167843483985,5803422919,12.0,14.88,21.95,VARIHOPE Biotics Vital Neck Patch (6g*5ea) - Default Title
55029494448465,11167843713361,2572035935,11.0,13.64,19.95,[Real Barrier] Extreme Cream Mask Sheet 27ml X 10ea - Default Title
55029494645073,11167843975505,7943206505,8.0,9.92,14.95,NEOGEN Dermalogy High G Exosome Mask Sheet 39g X 5ea - Default Title
55029494907217,11167844139345,9178984294,14.0,17.36,25.95,NEOGEN Dermalogy Double Vita Tone Up Ampoule Mask 30g X 5ea - Default Title
55029495267665,11167844368721,4890399003,17.0,21.08,30.95,NEOGEN Black Caviar Essential Mask 23ml x 10ea - Default Title
55029496217937,11167844630865,7061225164,7.0,8.68,12.95,NEOGEN Dermalogy Real Heartleaf Soothing Mask 37g X 5ea - Default Title
55029496611153,11167844925777,10168348537,12.0,14.88,21.95,NEOGEN Real Heartleaf Soothing Daily Mask 180ml/40ea - Default Title
55029497266513,11167845482833,10527561099,23.0,28.52,41.95,MISSHA 24K Prime Gold Collagen Hydrogel Mask 32g x 5ea - Default Title
55029497626961,11167845744977,10601374209,8.0,9.92,14.95,MISSHA Cell Renew Snail Sleeping Mask 110ml - Default Title
55029497889105,11167846007121,6826493306,7.0,8.68,12.95,MISSHA Time Revolution The First Essence Mask 30g X 5ea - Default Title
55029498151249,11167846236497,6826493320,7.0,8.68,12.95,MISSHA Super Aqua Ampoule Mask 28g X 5ea - Default Title
55029498478929,11167846433105,6826469062,7.0,8.68,12.95,MISSHA Bee Pollen Ampoule Mask 30g X 5ea - Default Title
55029499167057,11167847022929,6826469196,7.0,8.68,12.95,MISSHA Artemisia Ampoule Mask 27g X 5ea - Default Title
55029499724113,11167847383377,6826469183,7.0,8.68,12.95,MISSHA Vita C Plus Ampoule Mask 27g X 5ea - Default Title
55029500150097,11167847842129,10259403826,12.0,14.88,21.95,[MANYO FACTORY] Thanks Berry Green Tea Mask 310ml(30sheets) - Default Title
55029500477777,11167848235345,10218522092,10.0,12.40,18.95,BANILA CO Blooming Youth Cica Panthenol Mask 22ml X 10ea - Default Title
55029501034833,11167848628561,11145961024,15.0,18.60,27.95,[Cell Fusion C] Glass Skin Collagen Mask Sheet 35g X 5ea - Default Title
55029501362513,11167849054545,7681289348,13.0,16.12,23.95,BANILA CO Dear Hydration Water Dew Mask 25g X 10ea - Default Title
55029502181713,11167849742673,11601247431,15.0,18.60,27.95,SKINFOOD Rice Brightening Mask 25g x 10ea - Default Title
55029502509393,11167850070353,11210400012,10.0,12.40,18.95,SKINFOOD Potato Madecassoside Mask Sheet 24ml X 10ea - Default Title
55029502935377,11167850496337,11329118791,8.0,9.92,14.95,SKINFOOD Pink Grapefruit AHA Food Mask 120g - Default Title
55029503328593,11167850889553,11351319607,15.0,18.60,27.95,SKINFOOD Blue Chamomile Hyaluronic Mask Sheet 25g X 10ea - Default Title
55029503721809,11167851315537,11424152350,13.0,16.12,23.95,SKINFOOD Rice Brightening Daily Mask 270g/30ea - Default Title
55029504049489,11167851708753,11210307945,13.0,16.12,23.95,SKINFOOD Shine Muscat Cica Mask 24ml X 10ea - Default Title
55029504377169,11167852265809,11065517471,6.0,7.44,10.95,SKINFOOD Honey Sugar Food Mask Lip Sleeping Pack 21ml - Default Title
55029504966993,11167853216081,10893339657,13.0,16.12,23.95,SKINFOOD Potato Madecassoside Daily Mask Sheet 270g/30ea - Default Title
55029505360209,11167853576529,10802009388,8.0,9.92,14.95,SKINFOOD Peanut Butter Food Mask 120g - Default Title
55029505753425,11167853936977,10092944098,8.0,9.92,14.95,SKINFOOD Cica BHA Food Mask 120g #Shine Muscat - Default Title
55029506179409,11167854264657,10125016062,7.0,8.68,12.95,SKINFOOD Potato Madecassoside Soothing Pad 135g/30ea (Refill) - Default Title
55029506539857,11167854625105,10212497787,7.0,8.68,12.95,SKINFOOD Potato Food Mask 120g - Default Title
55029506867537,11167855018321,10221749044,16.0,19.84,28.95,SKINFOOD Fig Vegan Collagen Hydrogel Mask Sheet 31g X 5ea - Default Title
55029507359057,11167855378769,10087981913,13.0,16.12,23.95,SKINFOOD Shine Muscat Cica Daily Mask 270g/30ea - Default Title
55029507653969,11167855771985,11877324568,16.0,19.84,28.95,Dr.G RED BLEMISH Cool Collagen Firming Mask 30g X 10ea - Default Title
55029508079953,11167856165201,11877282813,16.0,19.84,28.95,Dr.G RED BLEMISH Cool Vita C Clear Mask 30g X 10ea - Default Title
55029508800849,11167856525649,11793658583,24.0,29.76,43.95,Dr.G RED BLEMISH HYAL CICA Cooling Gel Mask 27g X 10ea - Default Title
55029509128529,11167856853329,8626343910,13.0,16.12,23.95,Dr.G Black Snail Lifting Mask 28ml X 10ea - Default Title
55029509554513,11167857410385,10381512796,8.0,9.92,14.95,Dr.G RTX Into Melting Collagen Film 0.038g 1P - Default Title
55029509947729,11167857934673,10510047153,15.0,18.60,27.95,Dr.G RED BLEMISH Quick PHA Mask Sheet 280g/30ea - Default Title
55029510373713,11167858327889,11688980337,15.0,18.60,27.95,Dr.G Revital Enhancer EGF Gel Mask 30g X 4ea - Default Title
55029510668625,11167858688337,8550794376,8.0,9.92,14.95,Dr.G Black Collagen 300 Mask 27g X 4ea - Default Title
55029511258449,11167859114321,6873219640,15.0,18.60,27.95,Dr.G Royal Black Snail Ampoule Mask Sheet 30g X 10ea - Default Title
55029511979345,11167859605841,5845770751,10.0,12.40,18.95,Dr.G RED BLEMISH Deep Soothing Mask 28g X 10ea - Default Title
55029512405329,11167860097361,4951455171,24.0,29.76,43.95,Dr.G Royal Black Snail Cream Mask 16g X 10ea - Default Title
55029512798545,11167860687185,6818038867,8.0,9.92,14.95,SKINFOOD Lemon Dill Butter Food Mask 120g - Default Title
55029513421137,11167861145937,5046584412,6.0,7.44,10.95,SKINFOOD Sous Vide Mask Sheet 18ml x 10ea - [Brightening] TOMATO 10P
55029513453905,11167861145937,5046584412,6.0,7.44,10.95,SKINFOOD Sous Vide Mask Sheet 18ml x 10ea - [Nourishing] ASPARAGUS 10P
55029513486673,11167861145937,5046584412,6.0,7.44,10.95,SKINFOOD Sous Vide Mask Sheet 18ml x 10ea - [Hydrating & Calming] EGGPLANT 10P
55029513519441,11167861145937,5046584412,6.0,7.44,10.95,SKINFOOD Sous Vide Mask Sheet 18ml x 10ea - [Purifying) KALE 10P
55029513552209,11167861145937,5046584412,6.0,7.44,10.95,SKINFOOD Sous Vide Mask Sheet 18ml x 10ea - [Firming] LOTUS ROOT 10P
55029513584977,11167861145937,5046584412,6.0,7.44,10.95,SKINFOOD Sous Vide Mask Sheet 18ml x 10ea - [Smoothening] PUMPKIN 10P
55029513617745,11167861145937,5046584412,6.0,7.44,10.95,SKINFOOD Sous Vide Mask Sheet 18ml x 10ea - [Moisturizing & Vitalizing] BROCCOLI 10P
55029513650513,11167861145937,5046584412,6.0,7.44,10.95,SKINFOOD Sous Vide Mask Sheet 18ml x 10ea - [Hydrating & Revitalizing) SPINACH 10P
55029513683281,11167861145937,5046584412,6.0,7.44,10.95,SKINFOOD Sous Vide Mask Sheet 18ml x 10ea - [Intensively hydrating] PAPRIKA 10P
55029513716049,11167861145937,5046584412,6.0,7.44,10.95,SKINFOOD Sous Vide Mask Sheet 18ml x 10ea - [Hydrating & Calming] CABBAGE 10P
55029514142033,11167861866833,4925383420,8.0,9.92,14.95,SKINFOOD Honey Sugar Food Mask 120g - Default Title
55029514502481,11167862292817,11635657513,15.0,18.60,27.95,SUNGBOON EDITOR Deep Collagen Cica Tea Tree Soothing Mask 37g X 4ea - Default Title
55029514895697,11167862587729,11635670313,15.0,18.60,27.95,SUNGBOON EDITOR Deep Collagen Hyalu-B5 Hydrating Mask 37ml X 4ea - Default Title
55029515125073,11167862948177,11635677772,15.0,18.60,27.95,SUNGBOON EDITOR Deep Collagen Niacin-Vita C Brightening Mask 37g X 4ea - Default Title
55029515419985,11167863177553,11581216856,12.0,14.88,21.95,SUNGBOON EDITOR Active Marine Astaxanthin Toning Serum Mask 23ml X 10ea - Default Title
55029515649361,11167863374161,10512076122,10.0,12.40,18.95,SUNGBOON EDITOR Apple Peel Glow Skin Soothing Ampoule Mask 23 X 10ea - Default Title
55029515878737,11167863603537,5983900763,12.0,14.88,21.95,Abib Mild Acidic pH Sheet Mask Jericho Rose Fit 30ml X 10ea - Default Title
55029516108113,11167863800145,8853436702,14.0,17.36,25.95,Abib Gummy Sheet Mask Heartleaf Sticker 27ml X 10ea - Default Title
55029516501329,11167863996753,8853410861,13.0,16.12,23.95,Abib Gummy Sheet Mask Collagen Milk Sticker 27ml X 10ea - Default Title
55029516796241,11167864258897,8853444165,13.0,16.12,23.95,Abib Gummy Sheet Mask Vita Sticker 27ml X 10ea - Default Title
55029517287761,11167864488273,9945895077,5.0,6.20,9.95,BRINGGREEN Zinc Teca Trouble Serum Mask 20g X 5ea - Default Title
55029517484369,11167864717649,10467543051,13.0,16.12,23.95,Abib Gummy Sheet Mask Sedum Hyaluron Sticker 27ml X 10ea - Default Title
55029518238033,11167864881489,10927701407,8.0,9.92,14.95,BRINGGREEN Fresh Mask Sheet 20g X 10ea (5-type) - Tea Tree CICA
55029518270801,11167864881489,10927701407,8.0,9.92,14.95,BRINGGREEN Fresh Mask Sheet 20g X 10ea (5-type) - Artemisia CERA
55029518303569,11167864881489,10927701407,8.0,9.92,14.95,BRINGGREEN Fresh Mask Sheet 20g X 10ea (5-type) - Aloe SOOTHING
55029518336337,11167864881489,10927701407,8.0,9.92,14.95,BRINGGREEN Fresh Mask Sheet 20g X 10ea (5-type) - Bamboo Charcoal HYALU
55029518369105,11167864881489,10927701407,8.0,9.92,14.95,BRINGGREEN Fresh Mask Sheet 20g X 10ea (5-type) - Super Lemon GLUTATHIONE
55029518631249,11167865241937,11356644529,7.0,8.68,12.95,[Cell Fusion C] Cica Cooling Mask 27g X 5ea - Default Title
55029518991697,11167865504081,11774839801,17.0,21.08,30.95,belif Super Knights Vita Collagen Wrapping Mask 70ml - Default Title
55029519253841,11167865733457,11774569593,6.0,7.44,10.95,belif Aqua Bomb Frozen Modeling Mask 55g - Default Title
55029519548753,11167865995601,11705435723,15.0,18.60,27.95,Dr.Althea Cushion Veil Calming Mask Sheet 28g X 4ea - Default Title
55029519876433,11167866224977,11489066165,13.0,16.12,23.95,APLB Collagen EGF Peptide Sheet Mask 25ml X 10ea - Default Title
55029520138577,11167866454353,11489093971,13.0,16.12,23.95,APLB Tranexamic Acid Niacinamide Sheet Mask 25ml X 10ea - Default Title
55029520466257,11167866650961,11671650275,13.0,16.12,23.95,Dr.Althea Vita Glow Mask Sheet 28g X 4ea - Default Title
55029520695633,11167866880337,11697328555,13.0,16.12,23.95,Dr.Althea Jelly Seal Dewy Mask Sheet 28g X 4ea - Default Title
55029521023313,11167867175249,11489020256,13.0,16.12,23.95,APLB Retinol Vitamin C Vitamin E Sheet Mask 25ml X 10ea - Default Title
55029522170193,11167867634001,669541645,6.0,7.44,10.95,ETUDE 0.2 Therapy Air Mask 20ml X 10ea - Green Tea
55029522202961,11167867634001,669541645,6.0,7.44,10.95,ETUDE 0.2 Therapy Air Mask 20ml X 10ea - Snail
55029522235729,11167867634001,669541645,6.0,7.44,10.95,ETUDE 0.2 Therapy Air Mask 20ml X 10ea - Lemon
55029522268497,11167867634001,669541645,6.0,7.44,10.95,ETUDE 0.2 Therapy Air Mask 20ml X 10ea - Manuka Honey
55029522301265,11167867634001,669541645,6.0,7.44,10.95,ETUDE 0.2 Therapy Air Mask 20ml X 10ea - Ceramide
55029522334033,11167867634001,669541645,6.0,7.44,10.95,ETUDE 0.2 Therapy Air Mask 20ml X 10ea - Aloe
55029522366801,11167867634001,669541645,6.0,7.44,10.95,ETUDE 0.2 Therapy Air Mask 20ml X 10ea - Pearl
55029522399569,11167867634001,669541645,6.0,7.44,10.95,ETUDE 0.2 Therapy Air Mask 20ml X 10ea - Hyaluronic Acid
55029522432337,11167867634001,669541645,6.0,7.44,10.95,ETUDE 0.2 Therapy Air Mask 20ml X 10ea - Collagen
55029522465105,11167867634001,669541645,6.0,7.44,10.95,ETUDE 0.2 Therapy Air Mask 20ml X 10ea - Tea Tree
55029523808593,11167868420433,8751934795,19.0,23.56,34.95,It'S SKIN Power 10 Formula LI Jelly Mask Sheet 22g X 10ea - Default Title
55029524627793,11167868715345,11391151488,14.0,17.36,25.95,SKIN 1004 Madagascar Centella Probio-Cica Nourishing Mask 22ml X 5ea - Default Title
55029525938513,11167869010257,11391273014,14.0,17.36,25.95,SKIN 1004 Madagascar Centella Hyalu-Cica Hydrating Mask 23ml X 5ea - Default Title
55029526364497,11167869272401,11438353432,14.0,17.36,25.95,SKIN 1004 Madagascar Centella Tea-Trica Relaxing Mask 24ml X 5ea - Default Title
55029526626641,11167869534545,11943363071,16.0,19.84,28.95,MEDIPEEL PHYTO CICA-NOL B5 CALMING VEGAN MASK 350g/30ea - Default Title
55029526888785,11167869763921,12177120180,20.0,24.80,36.95,MEDIPEEL Collagen Glow Wrapping Mask 100ml - Default Title
55029527380305,11167870222673,12071168604,24.0,29.76,43.95,O HUI Age Recovery Wrinkle Collagen Wrapping Mask 70ml - Default Title
55029527675217,11167870419281,11648666595,21.0,26.04,37.95,O HUI Prime Advancer De-Aging PDRN Collagen Gelfting Mask Sheet 28g X 4ea - Default Title
55029527904593,11167870648657,9065023818,13.0,16.12,23.95,CENTELLIAN24 MADECA LAB Wrinkle Revitalizing Mask 23ml X 20ea - Default Title
55029529084241,11167870878033,12041945704,16.0,19.84,28.95,CENTELLIAN24 MADECA LAB PDRN Skin Tightening Glow Gel Mask 23ml X 5ea - Default Title
55029529346385,11167871107409,12041955981,13.0,16.12,23.95,CENTELLIAN24 MADECA LAB Hyal Waterfull Glow Gel Mask 23ml X 5ea - Default Title
55029529575761,11167871271249,12275650205,6.0,7.44,10.95,[NATURE REPUBLIC] REAL COMFORTING MASK SHEET #HYALURONIC ACID 24g*10ea - Default Title
55029530100049,11167871533393,12176152195,3.0,3.72,5.95,[NATURE REPUBLIC] REAL SKIN LAB MODELING PACK 25g (3TYPE) - TEATREE CICA
55029530132817,11167871533393,12176152195,3.0,3.72,5.95,[NATURE REPUBLIC] REAL SKIN LAB MODELING PACK 25g (3TYPE) - SEAWEED COOLING
55029530165585,11167871533393,12176152195,3.0,3.72,5.95,[NATURE REPUBLIC] REAL SKIN LAB MODELING PACK 25g (3TYPE) - GRAPEFRUIT VITA
55029530493265,11167871861073,11687700866,20.0,24.80,36.95,WELLAGE Hyper Peptide Firming Booster Collagen Mask 25ml X 5ea - Default Title
55029530820945,11167872155985,11687723201,20.0,24.80,36.95,WELLAGE Real Hyaluronic Glow Booster PDRN Mask 38ml X 5ea - Default Title
55029531378001,11167872385361,338281265,12.0,14.88,21.95,[NATURE REPUBLIC] Real Nature Mask Sheet 23ml X 30ea (13type) - CUCUMBER
55029531410769,11167872385361,338281265,12.0,14.88,21.95,[NATURE REPUBLIC] Real Nature Mask Sheet 23ml X 30ea (13type) - BAMBOO
55029531443537,11167872385361,338281265,12.0,14.88,21.95,[NATURE REPUBLIC] Real Nature Mask Sheet 23ml X 30ea (13type) - CHAMOMILE
55029531476305,11167872385361,338281265,12.0,14.88,21.95,[NATURE REPUBLIC] Real Nature Mask Sheet 23ml X 30ea (13type) - TOMATO
55029531509073,11167872385361,338281265,12.0,14.88,21.95,[NATURE REPUBLIC] Real Nature Mask Sheet 23ml X 30ea (13type) - GREEN TEA
55029531541841,11167872385361,338281265,12.0,14.88,21.95,[NATURE REPUBLIC] Real Nature Mask Sheet 23ml X 30ea (13type) - ORANGE
55029531574609,11167872385361,338281265,12.0,14.88,21.95,[NATURE REPUBLIC] Real Nature Mask Sheet 23ml X 30ea (13type) - ROSE
55029531607377,11167872385361,338281265,12.0,14.88,21.95,[NATURE REPUBLIC] Real Nature Mask Sheet 23ml X 30ea (13type) - TEA TREE
55029531640145,11167872385361,338281265,12.0,14.88,21.95,[NATURE REPUBLIC] Real Nature Mask Sheet 23ml X 30ea (13type) - SHEA BUTTER
55029531672913,11167872385361,338281265,12.0,14.88,21.95,[NATURE REPUBLIC] Real Nature Mask Sheet 23ml X 30ea (13type) - OLIVE
55029531705681,11167872385361,338281265,12.0,14.88,21.95,[NATURE REPUBLIC] Real Nature Mask Sheet 23ml X 30ea (13type) - ACAIBERRY
55029531738449,11167872385361,338281265,12.0,14.88,21.95,[NATURE REPUBLIC] Real Nature Mask Sheet 23ml X 30ea (13type) - AVOCADO
55029532131665,11167872811345,6707155927,15.0,18.60,27.95,[NATURE REPUBLIC] Intense Multi Collagen Mucin Daily Mask Sheet 350ml/30ea - Default Title
55029532459345,11167873073489,11818291630,15.0,18.60,27.95,WELLAGE Hyper Toning Vita C Bubble Mask 25g X 5ea - Default Title
55029532787025,11167873401169,11042295527,10.0,12.40,18.95,WELLAGE Hyper Peptide Bandage Lifting Mask 25ml X 5ea - Default Title
55029533049169,11167873597777,4772964383,19.0,23.56,34.95,ROVECTIN Dr. Mask Aqua 25ml X 10ea - Default Title
55029533311313,11167873827153,6632240237,16.0,19.84,28.95,ROVECTIN Dr. Mask Pore Tightening Sheet Mask 25ml X 10ea - Default Title
55029533671761,11167874056529,6227407429,18.0,22.32,32.95,ROVECTIN Lotus Water Calming Sheet Mask 25ml X 10ea - Default Title
55029533966673,11167874351441,4774908988,18.0,22.32,32.95,ROVECTIN Dr. Mask Cica 25ml X 10ea - Default Title
55029534261585,11167874613585,6934367863,10.0,12.40,18.95,Genabelle Glutathione Brightening Ampoule Mask 25ml X 5ea - Default Title
55032529879377,11168261996881,11011135218,10.0,12.40,18.95,Genabelle Ceramidesome Mellow Velvet Mask 25ml X 5ea - Default Title
55032530796881,11168262193489,PURCELL211,21.0,26.04,37.95,PURCELL Pixcell Biom O2 Enhancer Modeling Mask 240g - Default Title
55032532140369,11168262324561,11497571387-5,15.0,18.60,27.95,Parnell Panthenol Heartleaf Cool Calming Mask 20ml X 5ea - Default Title
55032532730193,11168262488401,11489396383,13.0,16.12,23.95,Parnell AHA Omija Ceramic Cream Clay Pack 100ml - Default Title
55032533123409,11168262717777,12386440308,13.0,16.12,23.95,Parnell Cicamanu Serum Mask Sheet 25ml X 10ea - Default Title
55032533221713,11168262848849,11497571387-10,20.0,24.80,36.95,Parnell Panthenol Heartleaf Cool Calming Mask 20ml X 10ea - Default Title
55032533647697,11168262914385,11494586178,20.0,24.80,36.95,Parnell Squalane Mineral Water Moisture Mask 20ml X 10ea - Default Title
55032533746001,11168263143761,10213718330,18.0,22.32,32.95,MEDITHERAPY Blue Layer Water Dome Mask 34g X 4ea - Default Title
55032533909841,11168263176529,12386077641,7.0,8.68,12.95,Shingmulnara Young Green Tea Watery Calming Sheet Mask 20g X 10ea - Default Title
55032534991185,11168263307601,12386074148,7.0,8.68,12.95,Shingmulnara White Rice Bright Tone Sheet Mask 20g X 10ea - Default Title
55032535318865,11168263504209,11778817245,14.0,17.36,25.95,ongredients Skin Barrier Calming Mask 27ml X 6ea - Default Title
55032535548241,11168263668049,11631614275,24.0,29.76,43.95,HEVEBLUE Salmon Caring Centella Green Mask Pack 25ml X 7ea - Default Title
55032535646545,11168263733585,10950202100,23.0,28.52,41.95,HEVEBLUE Pot Pore Peptamin Wash Off Pack 100g - Default Title
55032535974225,11168263766353,9595051549,23.0,28.52,41.95,molvany Mugwort Heating Therapy Pack 100g - Default Title
55032536465745,11168264061265,12220708242,16.0,19.84,28.95,SUNGBOON EDITOR Yakcho Shot Pore Remodeling Mask 100g - Default Title
55032536662353,11168264159569,11784427547,13.0,16.12,23.95,tfit Skin Boost Icy Facial Mask 25g X 5ea - Default Title
55032537088337,11168264290641,10470861455,17.0,21.08,30.95,bravity PDRN Stem Cell Skin Booster Mask 40ml X 5ea - Default Title
55032537317713,11168264421713,8388778781,21.0,26.04,37.95,bravity Daily STEMCELL Sleeping Pack 100g - Default Title
55032538300753,11168264487249,7374677488,16.0,19.84,28.95,PETITFEE Aura Quartz Hydrogel Face Mask Crystal Rose 30g X 5ea - Default Title
55032538497361,11168264618321,5705982371,10.0,12.40,18.95,PETITFEE Artichoke Soothing Hydrogel Face Mask 32g X 5ea - Default Title
55032539087185,11168264683857,2273557459,10.0,12.40,18.95,PETITFEE Gold Hydrogel Mask Pack 32g X 5ea - Default Title
55032539283793,11168264814929,3700979927,10.0,12.40,18.95,PETITFEE AGAVE Cooling Hydrogel Face Mask 32g X 5ea - Default Title
55032539513169,11168264847697,3701030658,10.0,12.40,18.95,PETITFEE Chamomile Lightening Hydrogel Face Mask 32g X 5ea - Default Title
55032539644241,11168264946001,5586296950,10.0,12.40,18.95,PETITFEE CACAO Energizing Hydrogel Face Mask 32g X 5ea - Default Title
55032539906385,11168265044305,2273499122,12.0,14.88,21.95,PETITFEE GOLD & SNAIL Hydrogel Mask Pack 30g X 5ea - Default Title
55032540168529,11168265240913,10997493028,13.0,16.12,23.95,nutseline Super Nut Honey Balm Pack 100g - Default Title
55032540299601,11168265306449,10012390948,10.0,12.40,18.95,nutseline Super Nut Nourishing Cream Mask 25ml X 4ea - Default Title
55032540758353,11168265437521,12109938410,7.0,8.68,12.95,MEDIHEAL V.T.R Stretching Patch 23ml X 4ea - Default Title
55032541315409,11168265732433,12384594816,22.0,27.28,39.95,MEDIHEAL Derma Synergy Wrapping Mask Toning Care (Madecassoside X Vitamin C) 25ml X 14ea -
55032541806929,11168265961809,12384597310,22.0,27.28,39.95,MEDIHEAL Derma Synergy Wrapping Mask Calming Care (Tea Tree X Cica) 25ml X 14ea - Default 
55032542495057,11168266387793,12384603861,22.0,27.28,39.95,MEDIHEAL Derma Synergy Wrapping Mask Pore Care (Retinol X LHA) 25ml X 14ea - Default Title
55032542724433,11168266748241,12339505846,14.0,17.36,25.95,MEDIHEAL Hyper Collagen Gel Mask 35ml X 4ea - Default Title
55032543052113,11168266944849,11978696621,22.0,27.28,39.95,MEDIHEAL Rose PDRN Bio Seconderm Mask Pore Tightening (Ampoule 4ml + Mask 23ml) X 10ea - D
55032544297297,11168267338065,11978682282,22.0,27.28,39.95,MEDIHEAL Madecassoside Bio Seconderm Mask Blemish Soothing (Ampoule 4ml + Mask 23ml) X 10e
55032544723281,11168267534673,11978361143,22.0,27.28,39.95,MEDIHEAL Hyaluronate Bio Seconderm Mask Deep Moisturizing (Ampoule 4ml + Mask 23ml) X 10ea
55032545116497,11168267600209,11525604159,15.0,18.60,27.95,MEDIHEAL Derma Ampoule Mask I.P.I 26ml X 10ea - Default Title
55032546459985,11168267796817,11525589997,15.0,18.60,27.95,MEDIHEAL Derma Ampoule Mask H.P.A 26ml X 10ea - Default Title
55032547180881,11168268222801,11462228558,13.0,16.12,23.95,MEDIHEAL The N.M.F Ampoule Mask Original 27ml X 10ea - Default Title
55032547410257,11168268255569,11525541108,15.0,18.60,27.95,MEDIHEAL Derma Ampoule Mask E.G.T 26ml X 10ea - Default Title
55032547574097,11168268452177,10797809219,12.0,14.88,21.95,MEDIHEAL Dermaplus Low Molecular Hyaluronic Acid Mask 22ml X 10ea - Default Title
55032547672401,11168268484945,10796791860,12.0,14.88,21.95,MEDIHEAL Teatree Impact In Balancing Mask 24ml X 10ea - Default Title
55032547967313,11168268583249,9070280647,11.0,13.64,19.95,MEDIHEAL Dermaplus Heartleaf Mask 22ml X 10ea - Default Title
55032548098385,11168268681553,9167328778,12.0,14.88,21.95,MEDIHEAL Teatree Ampoule Mask 25ml X 10ea - Default Title
55032548262225,11168268747089,9070280094,11.0,13.64,19.95,MEDIHEAL Dermaplus Birch Mask 22ml X 10ea - Default Title
55032548524369,11168268845393,9070277860,11.0,13.64,19.95,MEDIHEAL Dermaplus Aloe Mask 22ml X 10ea - Default Title
55032548688209,11168268943697,9070275494,11.0,13.64,19.95,MEDIHEAL Dermaplus Green Tangerine Mask 22ml X 10ea - Default Title
55032550195537,11168269074769,12026596653_4,15.0,18.60,27.95,MEDIHEAL Hyper Hyaluronate Gel Mask 34g X 4ea - Default Title
55032550359377,11168269271377,8022929892,20.0,24.80,36.95,MENOKIN 30 Seconds Quick Bubble Mask 95ml #MOIST - Default Title
55032550621521,11168269402449,9652690008,20.0,24.80,36.95,MENOKIN 30 Seconds Quick Bubble Mask 95ml #REPAIR - Default Title
55032550687057,11168269533521,9652696199,20.0,24.80,36.95,MENOKIN 30 Seconds Quick Bubble Mask 95ml #CLEAR - Default Title
55032551211345,11168269697361,8022750919,20.0,24.80,36.95,MENOKIN 30 Seconds Quick Bubble Mask 95ml #LIFT - Default Title
55032551506257,11168269795665,8022885986,20.0,24.80,36.95,MENOKIN 30 Seconds Quick Bubble Mask 95ml #BRIGHT - Default Title
55032551833937,11168269893969,12650578536-5,8.0,9.92,14.95,[BIO HEAL BOH] NAD-PRIZCELL Glow Film Mask 27g X 5ea - Default Title
55032551965009,11168270057809,12219138572,13.0,16.12,23.95,Hanskin Vitamin C Glow Mask 70ml - Default Title
55032552063313,11168270123345,12166643692,7.0,8.68,12.95,Hanskin Vital 40 Layering Ampoule Mask 21g X 10ea - Default Title
55032552161617,11168270156113,12773710786,14.0,17.36,25.95,Torriden Balanceful Cica Control Mask 24ml X 10ea - Default Title
55032552227153,11168270221649,12187773790,13.0,16.12,23.95,innisfree Ceramide Active Mask 25ml X 5ea - Default Title
55032552358225,11168270254417,11634700472,10.0,12.40,18.95,O HUI PDRN Collagen Gelfting Mask 4ea - Default Title
55032552456529,11168270319953,11498751283,12.0,14.88,21.95,innisfree Volcanic Swirl Pore Mask 110g - Default Title
55032552554833,11168270385489,12070580114,14.0,17.36,25.95,innisfree Green Tea Daily Soothing Mask 320ml/30ea - Default Title
55032552620369,11168270451025,11613879493,12.0,14.88,21.95,innisfree Retinol Green Tea PDRN Skinbooster Ampoule Gel Mask 25ml X 5ea - Default Title
55032552685905,11168270483793,11613872724,12.0,14.88,21.95,innisfree Retinol Cica Repair Ampoule Gel Mask 23ml X 5ea - Default Title
55032552816977,11168270516561,12187714139,12.0,14.88,21.95,innisfree Hyaluronic Acid Active Mask 25ml X 5ea - Default Title
55032552915281,11168270614865,12187732287,12.0,14.88,21.95,innisfree Vitamin C Active Mask 25ml X 5ea - Default Title
55032552980817,11168270647633,12187753487,12.0,14.88,21.95,innisfree Idebenone Active Mask 25ml X 5ea - Default Title
55032553111889,11168270680401,11613868236,12.0,14.88,21.95,innisfree Vitamin C Green Tea Enzyme Brightening Serum Gel Mask 25ml X 5ea - Default Title
55032553177425,11168270778705,12187687578,12.0,14.88,21.95,innisfree Madecassoside Active Mask 25ml X 5ea - Default Title
55032553308497,11168270844241,8853418720,12.0,14.88,21.95,Abib Gummy Sheet Mask Madecassoside Sticker 27ml X 10ea - Default Title
55032553374033,11168270909777,Elizavecca498,7.0,8.68,12.95,Elizavecca Milky Piggy Carbonated Bubble Clay Mask 100g - Default Title
55032553472337,11168270942545,10062801430,19.0,23.56,34.95,CKD Retino Collagen Small Molecule 300 Pore & Elasticity Mask 31g X 10ea - Default Title
55032553570641,11168271040849,12132526918,10.0,12.40,18.95,noprob Pink Collagen Hydrogel Mask 37g X 5ea - Default Title
55032553898321,11168271106385,12132526918,10.0,12.40,18.95,noprob Blue Azulene Hydrogel Mask 37g X 5ea - Default Title
55032554127697,11168271171921,12132526918,10.0,12.40,18.95,noprob Green Apple Hydrogel Mask 37g X 5ea - Default Title
55032554291537,11168271335761,2639977042,15.0,18.60,27.95,LINDSAY Premium Modeling Pack 1kg #Cool Tea Tree - Default Title
55032554389841,11168271401297,2639977042,15.0,18.60,27.95,LINDSAY Premium Modeling Pack 1kg #Pearl - Default Title
55032554750289,11168271499601,2639977042,15.0,18.60,27.95,LINDSAY Premium Modeling Pack 1kg #Vitamin - Default Title
55032554979665,11168271663441,2639977042,15.0,18.60,27.95,LINDSAY Premium Modeling Pack 1kg #Spirulina - Default Title
55032555143505,11168271728977,2639977042,15.0,18.60,27.95,LINDSAY Premium Modeling Pack 1kg #Collagen - Default Title
55032555274577,11168271827281,2639977042,15.0,18.60,27.95,LINDSAY Premium Modeling Pack 1kg #Gold - Default Title
55032555503953,11168271925585,2639977042,15.0,18.60,27.95,LINDSAY Premium Modeling Pack 1kg #Charcoal - Default Title
55032555602257,11168271991121,2639977042,15.0,18.60,27.95,LINDSAY Premium Modeling Pack 1kg #Cacao - Default Title
55032555700561,11168272056657,2639977042,15.0,18.60,27.95,LINDSAY Premium Modeling Pack 1kg #Calendula - Default Title
55032555897169,11168272122193,12842959779,15.0,18.60,27.95,MEDIHEAL PDRN Wrapping Serum Lifting Mask 25ml X 10ea - Default Title
55032556061009,11168272220497,12842928683,15.0,18.60,27.95,MEDIHEAL Madecassoside Wrapping Serum Mask 25ml X 10ea - Default Title
55032556454225,11168272318801,4425226423,8.0,9.92,14.95,LINDSAY Calming Green Herb Modeling Pack 330g - Default Title
55032556519761,11168272417105,2639977042,15.0,18.60,27.95,LINDSAY Premium Modeling Pack 1kg #Herb Lavender - Default Title
55032556814673,11168272482641,12842949878,15.0,18.60,27.95,MEDIHEAL Hyaluronate Wrapping Serum Mask 25ml X 10ea - Default Title
55032556945745,11168272515409,12842944434,15.0,18.60,27.95,MEDIHEAL Teatree Wrapping Serum Mask 25ml X 10ea - Default Title
55032557502801,11168272580945,12842938708,15.0,18.60,27.95,MEDIHEAL Vitamin C Wrapping Serum Mask 25ml X 10ea - Default Title
55032557633873,11168272646481,12707579389,17.0,21.08,30.95,Dr.Melaxin TX Astaxanthin Overnight Wrapping Mask 80ml - Default Title
55032557764945,11168272744785,11046579360,13.0,16.12,23.95,DERMALINE Soothing & Refresh Acne Mask Pack Set 32g X 10ea - Default Title
55032558289233,11168272875857,5050917615,13.0,16.12,23.95,[MANYO FACTORY] Bifida Biome Ampoule Mask 30g X 10ea - Default Title
55032614945105,11168286835025,11383298291,8.0,9.92,14.95,TROIAREUKE GPS Mask Vita-Toning 2-Step 1ea - Default Title
55032615010641,11168286900561,13244861150,18.0,22.32,32.95,REJURAN Derma Healer Pore Tightening Gel Mask 32g X 5ea - Default Title
55032615174481,11168286998865,12017562356,11.0,13.64,19.95,DEWYTREE AC Deep Skin Clarity Collagen Gel Mask 31g X 4ea - Default Title
55032615272785,11168287064401,12017551145,11.0,13.64,19.95,DEWYTREE AC Deep Pore Collagen Gel Mask 31g X 4ea - Default Title
55032615371089,11168287129937,13523709546,21.0,26.04,37.95,REJURAN C-PDRN Booster Shot Gel Mask 35g X 5ea - Default Title
55032617107793,11168287228241,A257125,16.0,19.84,28.95,REJURAN Dual Effect Ampoule In Mask Firming & Radiance 30ml X 5ea - Default Title
55032617206097,11168287261009,10470793747,12.0,14.88,21.95,make p:rem Safe Me. Amino Refresh Cleansing Balm 100ml - Default Title
55032617337169,11168287326545,8040356680,12.0,14.88,21.95,make p:rem Pure Biome Petal Peeling Gel 150ml - Default Title
55032617435473,11168287424849,5550316031,12.0,14.88,21.95,[so natural] So Vegan Green Bean Coffee Scrub 105ml - Default Title
55032617599313,11168287457617,5275468884,12.0,14.88,21.95,One-day's you Pro-Vita C Cleansing Balm 120ml - Default Title
55032617992529,11168287555921,5404610606,12.0,14.88,21.95,primera BHA Bubble Peeling Cleanser - Default Title
55032618090833,11168287654225,332273174,12.0,14.88,21.95,[so natural] Red Peel Pore Clear Stick 23g - Default Title
55032618287441,11168287719761,6563117980,12.0,14.88,21.95,ETUDE PPOYAN Cleansing Oil 150ml - Default Title
55032618418513,11168287818065,9313228382,12.0,14.88,21.95,AROMATICA Tea Tree Balancing Cleansing Bar 110g - Default Title
55032618549585,11168287916369,10325847284,12.0,14.88,21.95,AHC Prep+Reset Micellar Cleansing Oil 125ml - Default Title
55032618647889,11168288014673,6231874161,12.0,14.88,21.95,[MARY & MAY] Houttuynia Cordata + Tea Tree Cleansing Foam 150ml - Default Title
55032618778961,11168288112977,4937734677,12.0,14.88,21.95,MISSHA Super Off Cleansing Oil 305ml #Dryness Off - Default Title
55032618877265,11168288211281,5372312596,12.0,14.88,21.95,MISSHA Super Off Cleansing Oil 305ml #Dust Off - Default Title
55032619008337,11168288244049,5682847030,12.0,14.88,21.95,[YURI PIBU] Grante Foaming Cleanser 160ml - Default Title
55032619172177,11168288309585,4654858724,12.0,14.88,21.95,MIZON Apple Smoothie Peeling Gel 120ml - Default Title
55032619663697,11168288407889,5372312636,12.0,14.88,21.95,MISSHA Super Off Cleansing Oil 305ml #Blackhead Off - Default Title
55032619794769,11168288473425,2757580463,12.0,14.88,21.95,NEOGEN Calming Cica Tree Micellar Cleansing Water 400ml - Default Title
55032619893073,11168288571729,2398643640,12.0,14.88,21.95,NEOGEN Dermalogy Green Tea Moist PHA Gauze Peeling 30 Sheets - Default Title
55032620810577,11168288637265,4947514571,12.0,14.88,21.95,Dr.G Red Blemish Clear Quick Soothing Pads 70 Sheets - Default Title
55032620908881,11168288899409,4866306428,13.0,16.12,23.95,One-day's you Pore Tightening Foaming Cleanser 120ml - Default Title
55032621007185,11168288932177,6135578626,13.0,16.12,23.95,CAREZONE Deep Clean Gentle Peeling Gel 200ml - Default Title
55032621072721,11168288997713,10566411563,13.0,16.12,23.95,make p:rem Safe Me. Relief Moisture Cleansing Foam 170ml - Default Title
55032621433169,11168289063249,10856284258,13.0,16.12,23.95,The SAEM Collagen EX Hydra Cleansing Foam 100ml - Default Title
55032621564241,11168289096017,8123119452,13.0,16.12,23.95,FATION Nosca9 Trouble Cleansing Foam 150ml - Default Title
55032621629777,11168289161553,8905771170,13.0,16.12,23.95,MIGUHARA Pore Clear Bubble Pack Set (5g x 12 sachets) - Default Title
55032621859153,11168289194321,8415113270,13.0,16.12,23.95,primera Organience BR Soft Peeling To Foam Cleanser 120ml - Default Title
55032621990225,11168289292625,7427932690,13.0,16.12,23.95,essenherb Tea Tree Deep Clean Cleansing Bar 100g - Default Title
55032622121297,11168289358161,7451355055,13.0,16.12,23.95,[ONE THING] Houttuynia Cordata Clarifying Facial Cleanser 150ml - Default Title
55032622219601,11168289456465,5203575835,13.0,16.12,23.95,O HUI Miracle Moisture Cleansing Oil 150ml - Default Title
55032622317905,11168289489233,5590786780,13.0,16.12,23.95,AESTURA THERACNE 365 CLEAR DEEP CLEANSING FOAM 200g - Default Title
55032622448977,11168289587537,1122347107,13.0,16.12,23.95,O HUI Extreme Bright Cleansing Foam 160ml - Default Title
55032622514513,11168289653073,5203584534,13.0,16.12,23.95,O HUI Miracle Moisture Cleansing Foam 200ml - Default Title
55032622645585,11168289685841,6389054716,13.0,16.12,23.95,Dr.G A' Clear Bubble Foam 150ml - Default Title
55032622743889,11168289784145,4872743961,13.0,16.12,23.95,Bonajour Mellow Mild Milk Cleanser 200ml - Default Title
55032622907729,11168289849681,2757580463,13.0,16.12,23.95,NEOGEN Calming Cica Tree Micellar Cleansing Oil 300ml - Default Title
55032623333713,11168289947985,8482867393,13.0,16.12,23.95,Dr.G Green Deep Cleansing Oil 210ml - Default Title
55032623497553,11168290111825,5684159574,13.0,16.12,23.95,NEOGEN DERMALOGY Real Fresh Cleansing Oil Green Tea 285ml - Default Title
55032623661393,11168290210129,225486388,13.0,16.12,23.95,Bonajour Jeju Milk Soft Foaming Cleanser 160ml - Default Title
55032624021841,11168290308433,1391091734,13.0,16.12,23.95,CNP Anti-Dust Clay Foam Cleanser 150ml - Default Title
55032624120145,11168290439505,5110134373,13.0,16.12,23.95,KLAIRS Gentle Black Fresh Cleansing Oil 150ml - Default Title
55032624218449,11168290472273,7713179802,14.0,17.36,25.95,make p:rem Safe Me. Relief Moisture Cleansing Milk 200ml - Default Title
55032624382289,11168290570577,6479639816,14.0,17.36,25.95,make p:rem Safe Me. Relief Moisture Cleansing Oil 210ml - Default Title
55032624480593,11168290636113,8040307526,14.0,17.36,25.95,make p:rem Safe Me. Oil to Foam Cleanser 200ml - Default Title
55032624578897,11168290734417,7510595522,14.0,17.36,25.95,make p:rem Pure Biome Cleansing Powder (1gX36ea) - Default Title
55032624775505,11168290832721,6818659526,14.0,17.36,25.95,FATION Nosca9 Cleansing Gel 200ml - Default Title
55032624873809,11168290931025,9524680153,14.0,17.36,25.95,S.NATURE Aqua Rice Cleansing Oil 200ml - Default Title
55032624939345,11168290996561,8254759587,14.0,17.36,25.95,ilso Natural Mild Cleansing Oil 200ml - Default Title
55032625070417,11168291094865,10353633379,14.0,17.36,25.95,Jumiso Pore Clearing Cleansing Oil 200ml - Default Title
55032625365329,11168291127633,4871540643,14.0,17.36,25.95,Bonajour Rice Bran Cleansing Oil 200ml - Default Title
55032625463633,11168291357009,#4618619246,14.0,17.36,25.95,Acnes Derma Relief Moisture Foam Cleanser 200ml - Default Title
55032625529169,11168291422545,5525206812,14.0,17.36,25.95,[YURI PIBU] Bifida Cleansing Oil 300ml - Default Title
55032625660241,11168291455313,3235661,14.0,17.36,25.95,KLAIRS Gentle Black Deep Cleansing Oil 150ml - Default Title
55032625955153,11168291586385,567988564,14.0,17.36,25.95,"heimish All Clean Balm, 120ml - Default Title"
55032626184529,11168291750225,9705925402,15.0,18.60,27.95,papa recipe Blemish Cleansing Oil 300ml - Default Title
55032626250065,11168291815761,10249685608,15.0,18.60,27.95,WELLAGE Real Hyaluronic Cleansing Water 400ml - Default Title
55032626413905,11168291848529,9737385563,15.0,18.60,27.95,ilso Super Melting Sebum Softener 150ml - Default Title
55032626512209,11168291979601,7049957853,15.0,18.60,27.95,ilso Sensitive Bubble Relaxing Cleanser 200g - Default Title
55032626708817,11168292045137,5958576095,15.0,18.60,27.95,[THANK YOU FARMER] Pollufree 5.5 pH-Balancing Cleansing Foam 120ml - Default Title
55032626807121,11168292208977,9945320797,15.0,18.60,27.95,HANYUL Pure Artemisia Calming Cleansing Oil 200ml - Default Title
55032626938193,11168292241745,7236534343,15.0,18.60,27.95,ODELOI Raspberry Salicylic Acid Foam Cleansing 200ml - Default Title
55032627495249,11168292405585,6720763585,15.0,18.60,27.95,Dr.Jart+ Pore·remedy Renewing Foam Cleanser 150ml - Default Title
55032627626321,11168292503889,6891611030,15.0,18.60,27.95,Isntree Yam Root Vegan Milk Cleanser 220ml - Default Title
55032627855697,11168292602193,2145251108,15.0,18.60,27.95,[YURI PIBU] Grante Cleansing Oil 300ml - Default Title
55032630018385,11168292766033,534309707,15.0,18.60,27.95,[THANK YOU FARMER] Back to Iceland Peeling Cream 150ml - Default Title
55032630182225,11168292864337,2963423733,15.0,18.60,27.95,isoi CICAGO Cica Clearing Bubble Cleanser 200ml - Default Title
55032630575441,11168293028177,387992226,15.0,18.60,27.95,isoi Sensitive Skin Anti-Dust Cleansing Foam 100ml - Default Title
55032630640977,11168293093713,5225411714,15.0,18.60,27.95,[The History of Whoo] GONGJINHYANG Facial Cream Cleanser 210ml - Default Title
55032630870353,11168293257553,5225416929,15.0,18.60,27.95,[The History of Whoo] GONGJINHYANG Facial Foam Cleanser 180ml - Default Title
55032630935889,11168293323089,5087954702,15.0,18.60,27.95,belif CREAMY CLEANSING FOAM MOIST 160mL - Default Title
55032631820625,11168293355857,4503695884,16.0,19.84,28.95,MIGUHARA Cleansing Foam Origin 120ml - Default Title
55032631918929,11168293781841,8741009850,16.0,19.84,28.95,primera Organience BR Comfort Amino Rich Foam 150g - Default Title
55032632050001,11168293814609,5240398706,16.0,19.84,28.95,IOPE PRO PEELING SOFT GEL 100ml - Default Title
55032632181073,11168293978449,6047130912,16.0,19.84,28.95,[I'm Sorry For My Skin] Relaxing Cica Cleansing Foam 150ml - Default Title
55032632344913,11168294011217,4745226882,17.0,21.08,30.95,AMPLE:N Hyalruon Shot Bubble Cleanser 450ml - Default Title
55032632541521,11168294240593,4652125899,17.0,21.08,30.95,[so natural] Ampoule In Cleansing Oil 200ml - Default Title
55032632672593,11168294273361,3501206184,17.0,21.08,30.95,[By Wishtrend] Green Tea & Enzyme Powder Wash 110g - Default Title
55032635064657,11168295289169,4731385261,17.0,21.08,30.95,"Huxley Cleansing Foam ; Deep Clean, Deep Moist 150g - Default Title"
55032636309841,11168295485777,9930805246,17.0,21.08,30.95,IOPE Bio Conditioning Essence Foam 180ml - Default Title
55032636473681,11168295518545,4954609894,17.0,21.08,30.95,Sulwhasoo Gentle Cleansing Foam 200ml - Default Title
55032636604753,11168295682385,3432655277,17.0,21.08,30.95,iUNIK Calendula Complete Cleansing Oil 200ml - Default Title
55032637096273,11168295780689,5133158919,17.0,21.08,30.95,[THANK YOU FARMER] Pollufree Makeup Melting Cleansing Balm 90ml - Default Title
55032637325649,11168296141137,5225935961,17.0,21.08,30.95,[The History of Whoo] GONGJINHYANG SEOL Brightening Foam Cleansing 180ml - Default Title
55032637456721,11168296304977,7156191255,18.0,22.32,32.95,primera Perfect Oil To Foam Cleanser 200ml - Default Title
55032637620561,11168296403281,8928394589,18.0,22.32,32.95,[JEJU INDI] Vitamin C Bubble Powder Cleanser 30ea - Default Title
55032642306385,11168296567121,8461305911,18.0,22.32,32.95,[By Wishtrend] Green Tea & Enzyme Milky Foaming Wash 140ml - Default Title
55032657281361,11168297451857,5133154914,18.0,22.32,32.95,[THANK YOU FARMER] Pollufree Pore Deep Cleansing Oil 200ml - Default Title
55032657445201,11168297615697,5225982003,18.0,22.32,32.95,[The History of Whoo] GONGJINHYANG SOO 'SOO YEON FOAM CLEANSER' Hydrating Foam Cleanser 18
55032657510737,11168297681233,5091758769,18.0,22.32,32.95,belif The White Decoction Ultimate Brightening Cleansing Foam 100ml - Default Title
55032657772881,11168297714001,5088003074,18.0,22.32,32.95,Belif Nose-shine Boy Black Edition 30ml - Default Title
55032657871185,11168297910609,6022837985,19.0,23.56,34.95,REJURAN Derma Healer Moisture Bubble Cleansing Water 150ml - Default Title
55032658035025,11168297976145,2234276620,19.0,23.56,34.95,Huxley Cleansing Water Be Clean Be Moist 300ml - Default Title
55032658166097,11168298107217,4764770003,19.0,23.56,34.95,S.NATURE Blanche Cleanser 260ml - Default Title
55032658264401,11168298139985,4752078424,19.0,23.56,34.95,primera Natural Rich Cleansing Foam 150ml - Default Title
55032658395473,11168298238289,8135876749,19.0,23.56,34.95,O HUI MIRACLE TONING jelly cleanser 180ml - Default Title
55032658493777,11168298271057,3734845473,19.0,23.56,34.95,isoi Bulgarian Rose Mild Peeling Gel 120ml - Default Title
55033009340753,11168355483985,10003895954,19.0,23.56,34.95,IOPE Bio Conditioning Cleansing Oil In Gel 150ml - Default Title
55033009439057,11168355516753,2234276621,19.0,23.56,34.95,"Huxley Cleansing Gel ; Be Clean, Be Moist 200ml - Default Title"
55033009537361,11168355582289,10679214716,20.0,24.80,36.95,[THANK YOU FARMER] Back to Pure Daily Foaming Gel Cleanser 200ml - Default Title
55033009996113,11168355647825,4624619197,21.0,26.04,37.95,CNP Cleansing Perfecta 300ml - Default Title
55033010094417,11168355680593,9925123417,22.0,27.28,39.95,Dr.Jart+ Cicapair Gentle Cleansing Foam 150ml - Default Title
55033010159953,11168355746129,7471348518,22.0,27.28,39.95,belif Herb Bouquet Gel Cleanser 250ml - Default Title
55033010225489,11168355778897,10476566537,22.0,27.28,39.95,Jumiso Double Cleansing Duo (Pore Purifying Cleanser 120g + Clearing Cleansing Oil 200ml) 
55033010291025,11168355811665,10627140428,22.0,27.28,39.95,REJURAN Refining Foam Cleanser 120ml - Default Title
55033010356561,11168355844433,2917050896,22.0,27.28,39.95,NEOGEN Canadian Clay Pore Cleanser 120g - Default Title
55033010422097,11168355877201,6072805503,24.0,29.76,43.95,make p:rem Safe Me. Relief Moisture Cleansing Milk 500ml - Default Title
55033010520401,11168355909969,4953995550,24.0,29.76,43.95,Sulwhasoo Gentle Cleansing Oil 200ml - Default Title
55033010618705,11168355975505,,24.0,29.76,43.95,[YURI PIBU] Bifida Cleansing Oil 300ml + 300ml - Default Title
55033010684241,11168356041041,5092098129,24.0,29.76,43.95,belif Cleansing Herb Water 300ml - Default Title
55033010749777,11168356073809,5093153656,24.0,29.76,43.95,belif Aqua Bomb Jelly Cleanser 160ml - Default Title
55033011372369,11168356434257,5435428377,11.0,13.64,19.95,CAREZONE Acne Clarifying Foam Cleanser Duo Set (130ml+130ml) - Default Title
55033011437905,11168356467025,10470803885,11.0,13.64,19.95,make p:rem Safe Me. Amino Refresh Cleansing Foam 150ml - Default Title
55033011503441,11168356499793,2541023656,11.0,13.64,19.95,One-day's you P.Z. Ssoc Ssoc No More Blackhead 100ml - Default Title
55033011863889,11168356532561,9085149508,11.0,13.64,19.95,papa recipe Eggplant Clearing Enzyme Powder Cleanser 50ml - Default Title
55033011962193,11168356696401,6818643548,11.0,13.64,19.95,FATION Nosca9 Cleansing Water 500ml - Default Title
55033012257105,11168356729169,5974472293,11.0,13.64,19.95,AMPLE:N Centel Calming Shot First Gel Cleanser 150ml - Default Title
55033012322641,11168356794705,9595893997,11.0,13.64,19.95,Jumiso Pore-Purifying Salicylic Acid Foaming Cleanser 120g - Default Title
55033012453713,11168356827473,10493224887,11.0,13.64,19.95,goodal Heartleaf Hyaluron Soothing Pore Cleansing Oil 200ml - Default Title
55033012519249,11168356893009,5535674376,11.0,13.64,19.95,[JUICE TO CLEANSE] Clean Butter Cold Pressed Bar 100g - Default Title
55033012584785,11168356925777,5534433864,11.0,13.64,19.95,[JUICE TO CLEANSE] Clean Butter Moisture Bar 120g - Default Title
55033012650321,11168356958545,2670250942,11.0,13.64,19.95,SKINFOOD Rice Daily Brightening Mask Wash Off 210g - Default Title
55033013698897,11168356991313,5210097538,11.0,13.64,19.95,AROMATICA Rosemary Scalp Scaling Shampoo Bar 135g - Default Title
55033013764433,11168357056849,5412209233,11.0,13.64,19.95,MIZON Pore Fresh Mild Acid Gel Cleanser 150ml - Default Title
55033013829969,11168357089617,3075085675,11.0,13.64,19.95,iUNIK Centella Bubble Cleansing Foam 150ml - Default Title
55033014583633,11168357122385,4531195398,11.0,13.64,19.95,[HOLIKA HOLIKA] Less On Skin Redness Calming Cica Cleansing Foam 100ml - Default Title
55033014780241,11168357187921,5609606700,11.0,13.64,19.95,KLAIRS Gentle Black Facial Cleanser 140ml - Default Title
55033015075153,11168357220689,5175936553,11.0,13.64,19.95,CNP Cleansing Perfecta 150ml - Default Title
55033015173457,11168357351761,#335057965,11.0,13.64,19.95,Acnes Perfect Solution Foam Cleanser 125ml - Default Title
55033015763281,11168357450065,#2168681,11.0,13.64,19.95,Acnes Clear and White Foaming Wash 150ml - Default Title
55033015861585,11168357482833,3922852453,11.0,13.64,19.95,TONYMOLY Intense Care Gold 24k Snail Cleansing Oil Gel 190ml - Default Title
55033015927121,11168357548369,3589039707,11.0,13.64,19.95,AROMATICA Rosemary Scalp Scrub 165g - Default Title
55033015992657,11168357581137,10576478321,10.0,12.40,18.95,The Face Shop The Therapy Vegan Glow Hyaluronic Acid Foaming Cleanser 150ml - Default Titl
55033016090961,11168357646673,10385116389,10.0,12.40,18.95,THE FACE SHOP All Clear Micellar Exfoliating Cleansing Balm 100ml - Default Title
55033016189265,11168357679441,10385151697,10.0,12.40,18.95,THE FACE SHOP ALL CLEAR MICELLAR Cleansing Oil 250ml - Default Title
55033016287569,11168357744977,8449494341,10.0,12.40,18.95,make p:rem Inteca Soothing Cleansing Foam 150ml - Default Title
55033016385873,11168357843281,5490285803,10.0,12.40,18.95,papa recipe Blemish Enzyme Powder Cleanser 50g - Default Title
55033016516945,11168357876049,9793941783,10.0,12.40,18.95,One-day's you Help Me Bubble Cleansing Pad 150ml(60 pads) - Default Title
55033016582481,11168357941585,2017465489,10.0,12.40,18.95,CARE ZONE pH Balancing Foam Cleanser Duo Set (200ml+200ml) - Default Title
55033016648017,11168357974353,10285263338,10.0,12.40,18.95,AMPLE:N Acne Shot Foam Cleanser 150ml - Default Title
55033016746321,11168358039889,6651423165,10.0,12.40,18.95,ilso Clean Mud Cream 100g - Default Title
55033016844625,11168358072657,7868896232,10.0,12.40,18.95,[THANK YOU FARMER] Phyto Relieful Cica Gel Cleanser 120ml - Default Title
55033017008465,11168358138193,9464741312,10.0,12.40,18.95,swanicoco A.C Control Natural CP Bar 120g - Default Title
55033017074001,11168358203729,605755593,10.0,12.40,18.95,ROVECTIN AQUA GENTLE CLEANSING GEL 175ml - Default Title
55033017139537,11168358236497,10255124161,10.0,12.40,18.95,AHC Premier Vita 13 Melting Deep Cleansing Oil 200ml - Default Title
55033017270609,11168358269265,6999708701,10.0,12.40,18.95,Benton AC BHA Foam Cleansing 120ml - Default Title
55033017401681,11168358334801,8421549792,10.0,12.40,18.95,innisfree Apple Seed Cleansing Oil 150ml - Default Title
55033017467217,11168358367569,4550901708,10.0,12.40,18.95,Benton PHA Peeling Gel 70ml - Default Title
55033017565521,11168358400337,6231859879,10.0,12.40,18.95,[MARY & MAY] White Collagen Cleansing Foam 150ml - Default Title
55033017729361,11168358465873,2253924976,10.0,12.40,18.95,heimish All Clean Green Foam 150g - Default Title
55033017794897,11168358498641,4808906442,10.0,12.40,18.95,[THANK YOU FARMER] Rice Pure Clay Mask to Foam Cleanser 150ml - Default Title
55033017893201,11168358531409,4947540764,10.0,12.40,18.95,Dr.G pH Cleansing R.E.D Blemish Clear Soothing Foam 150ml - Default Title
55033018057041,11168358629713,2935661690,10.0,12.40,18.95,Dr.G pH Cleansing Gel Foam 200ml with Lactobacillus - Default Title
55033018777937,11168358957393,10087588603,8.0,9.92,14.95,[so natural] So Vegan Sal Butter Melting Soap 100g - Default Title
55033018843473,11168358990161,4498450474,8.0,9.92,14.95,make p:rem Safe Me. Relief Moisture Cleasing Foam 250ml - Default Title
55033018974545,11168359022929,8740555459,8.0,9.92,14.95,[so natural] All Clean Fixx Lip & Eye Remover 300ml - Default Title
55033019040081,11168359088465,9245484261,8.0,12.92,14.95,MEDIHEAL The Teatree Pore Powder Wash 50g - Default Title
55033019203921,11168359121233,9245506568,8.0,9.92,14.95,MEDIHEAL The Teatree Calming Powder Wash 50g - Default Title
55033019334993,11168359186769,10493224840,8.0,9.92,14.95,goodal Heartleaf Hyaluron Soothing Pore Cleansing Foam 150ml - Default Title
55033019466065,11168359317841,6631415581,8.0,9.92,14.95,Donggubat Shampoo Bar for Dry Scalp 120g - Default Title
55033019531601,11168359350609,4469364067,8.0,9.92,14.95,Donggubat The RIGHT Shampoo Bar For Mid-Dry Scalp 120g #Basil & Vetiver - Default Title
55033019695441,11168359383377,10124070456,8.0,9.92,14.95,AHC Prep+Reset Cleansing Foam 150ml - Default Title
55033019760977,11168359448913,10255151170,8.0,9.92,14.95,AHC Premier Vita 13 Melting Deep Cleansing Foam 200ml - Default Title
55033019859281,11168359514449,9570592444,8.0,9.92,14.95,Hanskin Cleansing Foam & Blackhead 120ml - Default Title
55033019990353,11168359579985,699556098,8.0,9.92,14.95,ETUDE SoonJung 5.5 Cleansing Water 320ml - Default Title
55033020154193,11168359612753,8776276320,8.0,9.92,14.95,SKINFOOD Carrot Carotene Balancing Cleansing Foam 150ml - Default Title
55033020219729,11168359678289,3844753809,8.0,9.92,14.95,Isntree Mugwort Calming Powder Wash 1g 25ea - Default Title
55033020514641,11168359743825,6383074852,8.0,9.92,14.95,iUNIK Centella Mild Cleansing Foam 120ml - Default Title
55033020875089,11168359809361,244341895,8.0,9.92,14.95,Bonajour Green Tea Deep Cleansing Water 200ml (Make-up Remover) - Default Title
55033021071697,11168359940433,2501688511,8.0,9.92,14.95,NEOGEN DERMALOGY Real Fresh Foam Heartleaf 160g - Default Title
55033021170001,11168360038737,754070887,8.0,9.92,14.95,[NATURE REPUBLIC] California Aloe Vera Cleansing Tissue (1+1) - Default Title
55033021628753,11168360071505,4407846566,8.0,9.92,14.95,daymellow Amazon Belief Deep Clay Cleansing Foam 150ml - Default Title
55033021825361,11168360137041,5557232235,8.0,9.92,14.95,NEOGEN DERMALOGY Poreraser Clear BHA Pad 160ml(90 Pads) - Default Title
55033022185809,11168360235345,2501688511,8.0,9.92,14.95,NEOGEN Real Fresh Foam Cleanser Green Tea 160g - Default Title
55033023005009,11168360399185,2501688511,8.0,9.92,14.95,NEOGEN Real Fresh Foam Cleanser 160g #Cranberry - Default Title
55033023463761,11168360530257,2501688511,8.0,9.92,14.95,NEOGEN Real Fresh Foam Cleanser 160g #Blueberry - Default Title
55033023791441,11168360628561,2745217577,8.0,9.92,14.95,NEOGEN Calming Cica Tree Micellar Cleansing Foam 200ml - Default Title
55033024053585,11168360759633,5759711053,8.0,9.92,14.95,acwell pH Balancing Bubble Free Cleansing Gel 160ml - Default Title
55033024217425,11168360792401,4624596196,8.0,9.92,14.95,CNP Hydro Cera Perfect Barrier Cera Cleanser 120ml - Default Title
55033024282961,11168360890705,512201002,8.0,9.92,14.95,[THANK YOU FARMER] Back to Iceland Cleansing Foam 120ml - Default Title
55033024348497,11168360923473,8644298104,8.0,9.92,14.95,THE FACE SHOP RICE WATER BRIGHT Cleansing Cream 400ml - Default Title
55033024414033,11168360956241,5759939112,8.0,9.92,14.95,acwell pH Balancing Soothing Cleansing Foam 150ml - Default Title
55033024512337,11168360989009,5157910153,8.0,9.92,14.95,NEOGEN Dermalogy Carrot Deep Clear Remover Oil Pad 60 Sheets - Default Title
55033024577873,11168361054545,3922765720,8.0,9.92,14.95,TONYMOLY Intense Care Gold 24k Snail Foam Cleanser 150ml - Default Title
55033024741713,11168361087313,10385158580,7.0,8.68,12.95,Dr.Belmeur Amino Clear pH-Balanced Foaming Gel Cleanser 190ml - Default Title
55033026019665,11168361611601,10385362927,7.0,8.68,12.95,Dr.Belmeur Amino Clear Peeling Gel 130ml - Default Title
55033026117969,11168361644369,10325565337,7.0,8.68,12.95,THE FACE SHOP RICE WATER BRIGHT FACIAL FOAMING CLEANSER 150ml (Dragons Edition) - Default 
55033026347345,11168361709905,10385430405,7.0,8.68,12.95,THE FACE SHOP ALL CLEAR MICELLAR ALL-IN-ONE CLEANSING FOAM 150ml - Default Title
55033026412881,11168361775441,5941668275,7.0,8.68,12.95,papa recipe Eggplant Clearing Mild Cleansing Foam 120ml - Default Title
55033026511185,11168361808209,7220880597,7.0,8.68,12.95,papa recipe Tea Tree Control Cleansing Foam 120ml - Default Title
55033026675025,11168361873745,9789677767,7.0,8.68,12.95,The SAEM Derma Plan Gel To Foam Cleanser 180ml - Default Title
55033026773329,11168361939281,10273042438,7.0,8.68,12.95,Shingmulnara Jeju Sparkling Water Quick Lip & Eye Remover 150ml - Default Title
55033026937169,11168361972049,4529848248,7.0,8.68,12.95,AMPLE:N Purifying Shot Cream Cleanser 150ml - Default Title
55033027002705,11168362103121,6536974547,7.0,8.68,12.95,[so natural] Polar Clay Deep Clean Foam 150ml - Default Title
55033027068241,11168362135889,5825609540,7.0,8.68,12.95,ETUDE Moistfull Collagen Cleansing Foam 150ml - Default Title
55033027133777,11168362168657,6563108370,7.0,8.68,12.95,ETUDE PPOYAN Lip & Eye Remover 250ml - Default Title
55033027232081,11168362201425,9390930978,7.0,8.68,12.95,goodal Vegan Rice Milk Mask Cleanser 150ml - Default Title
55033027887441,11168362299729,4475911267,7.0,8.68,12.95,Donggubat The RIGHT Rinse Bar 100g - Default Title
55033027952977,11168362332497,5506300593,7.0,8.68,12.95,ROVECTIN AQUA DEEP CLEANSING WATER 400ml - Default Title
55033028084049,11168362398033,9143688624,7.0,8.68,12.95,innisfree Apple Seed Bubble Cleanser 150ml - Default Title
55033028149585,11168362463569,8046141350,7.0,8.68,12.95,innisfree Green Tea Amino Hydrating Cleansing Water 320ml - Default Title
55033028280657,11168362496337,4782327343,7.0,8.68,12.95,ETUDE SoonJung 5.5 Foam Cleanser 150ml - Default Title
55033028477265,11168362594641,371313584,7.0,8.68,12.95,SKINFOOD Black Sugar Mask Wash Off 120g - Default Title
55033028608337,11168362660177,5426521804,7.0,8.68,12.95,[MANYO FACTORY] ma:nyo Pure Cleansing Tissue 80 Sheets - Default Title
55033028739409,11168362725713,225459297,7.0,8.68,12.95,Bonajour Green Tea Foam Cleansing 150ml - Default Title
55033028837713,11168362758481,287633568,7.0,8.68,12.95,Bonajour Green Tea AHA Peeling Gel 150ml - Default Title
55033028936017,11168362824017,4754225096,7.0,8.68,12.95,A'pieu Deep Clean Foam Cleanser - Pore 130ml X 3ea - Default Title
55033029067089,11168362889553,5426354252,7.0,8.68,12.95,goodal Green Tangerine Vita C Cleansing Foam 150ml - Default Title
55033029165393,11168362955089,8644340270,7.0,8.68,12.95,THE FACE SHOP Rice Water Bright Mild Cleansing Water 500ml - Default Title
55033029296465,11168362987857,2253936981,7.0,8.68,12.95,heimish All Clean White Clay Foam 150g - Default Title
55033030082897,11168363053393,5035336999,7.0,8.68,12.95,Benton Deep Green Tea Cleansing Foam 120g - Default Title
55033030181201,11168363151697,10385365297,6.0,7.44,10.95,Dr.Belmeur Amino Clear Lip & Eye Makeup Remover 150ml - Default Title
55033030246737,11168363217233,10385334100,6.0,7.44,10.95,THE FACE SHOP MANGO SEED Soft Cleansing Wipes 50 Sheets - Default Title
55033031262545,11168363250001,7631591597,6.0,7.44,10.95,CARE ZONE Calming Relief Acne Foam 200ml - Default Title
55033031328081,11168363282769,4812192798,6.0,7.44,10.95,ETUDE AC Clean Up Cleansing Foam 150ml - Default Title
55033031459153,11168363348305,472530739,6.0,7.44,10.95,ETUDE Baking Powder Crunch Pore Scrub 200g - Default Title
55033031655761,11168363413841,117809067,6.0,7.44,10.95,ETUDE Lip & Eye Remover 250ml - Default Title
55033031754065,11168363512145,4469364067,6.0,7.44,10.95,Donggubat The RIGHT Shampoo Bar For Mid-Dry Scalp 120g #Grapefruit - Default Title
55033031819601,11168363544913,8424402348,6.0,7.44,10.95,innisfree Apple Seed Cleansing Cream 150ml - Default Title
55033031885137,11168363577681,5046569820,6.0,7.44,10.95,SKINFOOD Milk Shake Point Make-Up Remover 160ml - Default Title
55033032016209,11168363643217,4754225085,6.0,7.44,10.95,A'pieu Deep Clean Foam Cleanser 130ml X 4ea - Default Title
55033032081745,11168363675985,261571953,6.0,7.44,10.95,Benton Honest Cleansing Foam 150g - Default Title
55033032212817,11168363741521,8951865380,6.0,7.44,10.95,Dr.Belmeur Amino Clear Bubble Foaming Cleanser for Acne Prone Skin 150ml - Default Title
55033032311121,11168363807057,8670542681,6.0,7.44,10.95,THE FACE SHOP White Seed Brightening Exfoliating Foam Cleanser 150ml - Default Title
55033032442193,11168363905361,8644263351,6.0,7.44,10.95,THE FACE SHOP Rice Water Bright Rich Cleansing Oil 150ml - Default Title
55033032540497,11168363970897,8677083846,6.0,7.44,10.95,THE FACE SHOP SMART PEELING HONEY SUGAR SCRUB 120ml - Default Title
55033032737105,11168364036433,8677075176,6.0,7.44,10.95,THE FACE SHOP SMART PEELING MILD PAPAYA 150ml - Default Title
55033032868177,11168364134737,8677062792,6.0,7.44,10.95,THE FACE SHOP SMART PEELING WHITE JEWEL 120ml - Default Title
55033032933713,11168364200273,8644114783,6.0,7.44,10.95,THE FACE SHOP Rice Water Bright Foaming Cleanser 300ml - Default Title
55033032999249,11168364233041,3920837231,6.0,7.44,10.95,TONYMOLY The Chok Chok Green Tea No Wash Cleansing Tissue 100ea - Default Title
55033033064785,11168364265809,10385388513,5.0,6.20,9.95,Dr.Belmeur Amino Clear Cleansing Foam 150ml - Default Title
55033033130321,11168364298577,10388744064,5.0,6.20,9.95,Dr.Belmeur Daily Repair Foaming Cleanser 150ml - Default Title
55033033490769,11168364364113,10385411629,5.0,6.20,9.95,THE FACE SHOP All Clear Micellar Cleansing Water Wipes 40 sheets - Default Title
55033033589073,11168364429649,10228083375,5.0,6.20,9.95,Shingmulnara Jeju Sparkling Water Lip & Eye Remover Tissue (20ea) 89g - Default Title
55033033687377,11168364495185,3061864453,5.0,6.20,9.95,AMPLE:N VC Shot Oxygen Peel 14g - Default Title
55033033785681,11168364560721,9205928052,5.0,6.20,9.95,innisfree Bija Trouble Cleansing Foam 150g - Default Title
55033033851217,11168364593489,9172849279,5.0,6.20,9.95,innisfree Green Tea Amino Hydrating Cleansing Foam 150g - Default Title
55033034342737,11168364659025,471387493,5.0,6.20,9.95,ETUDE Baking Powder B.B Deep Cleansing Foam 160ml - Default Title
55033034572113,11168364790097,6122299471,5.0,6.20,9.95,Isntree Mugwort Calming Powder Wash 15g - Default Title
55033034637649,11168364822865,5627074654,5.0,6.20,9.95,BANILA CO Clean It Zero Lychee Vita Cleansing Tissue 30 Sheets - Default Title
55033034899793,11168364855633,8709249081,5.0,6.20,9.95,THE FACE SHOP THE THERAPY Essential Foaming Cleanser 150ml - Default Title
55033035391313,11168364986705,10253720711,4.0,4.96,7.95,Shingmulnara Jeju Sparkling Water Quick & Deep Cleansing Tissue 20 Sheets 107g - Default T
55033035653457,11168365085009,10385473158,4.0,4.96,7.95,THE FACE SHOP Rice Water Bright Cleansing Wipes 50 Sheets - Default Title
55033035718993,11168365150545,8697281944,4.0,4.96,7.95,THE FACE SHOP Herb Day 365 Master Blending Facial Foaming Cleanser 170ml #Mungbean & Mugwo
55033035817297,11168365183313,8674765553,3.0,3.72,5.95,THE FACE SHOP Jeju Aloe Fresh Soothing Foam Cleanser 150ml - Default Title
55033035981137,11168365216081,8697281944,4.0,4.96,7.95,THE FACE SHOP Herb Day 365 Master Blending Facial Foaming Cleanser 170ml #Lemon & Grapefru
55033036046673,11168365314385,10208620050,13.0,16.12,23.95,DEWYTREE Hi Amino All Pore Cleansing Balm 90g - Default Title
55033036112209,11168365347153,10311299216,12.0,14.88,21.95,DEWYTREE Hi Amino All Powder Wash 50g - Default Title
55033036177745,11168365379921,9237928753,6.0,7.44,10.95,PAUL MEDISON LACTO COLLAGEN WHIP FOAM CLEANSING 155ml - Default Title
55033036243281,11168365412689,4904520458,8.0,9.92,14.95,PAUL MEDISON Deep-red All In One Foam Cleansing 510ml - Default Title
55033036308817,11168365445457,5572377394,5.0,6.20,9.95,PAUL MEDISON Deep-red Acne Foam cleansing 155ml - Default Title
55033036407121,11168365478225,10792905184,8.0,9.92,14.95,PAUL MEDISON Deep Perfume Body Wash 1077ml #Fruity Floral - Default Title
55033036472657,11168365543761,4756182294,5.0,6.20,9.95,PAUL MEDISON Panthella Peeling Gel 155ml - Default Title
55033036570961,11168365576529,4843151244,10.0,12.40,18.95,PAUL MEDISON Signature Body Wash 1077ml #Clean Soap - Default Title
55033036702033,11168365642065,4843151244,10.0,12.40,18.95,PAUL MEDISON Signature Body Wash 1077ml #Floral Musk - Default Title
55033036931409,11168365707601,4843151244,10.0,12.40,18.95,PAUL MEDISON Signature Body Wash 1077ml #Fruit Citrus - Default Title
55033037095249,11168365805905,10598020989,12.0,14.88,21.95,Isntree Mugwort Calming Deep Cleansing Oil 200ml - Default Title
55033037226321,11168365871441,10461229269,10.0,12.40,18.95,Isntree Mugwort Calming Deep Cleansing Balm 100ml - Default Title
55033038831953,11168365936977,7737761871,10.0,12.40,18.95,KUNDAL Mugwort Soothing Clear Pad 120ml(60EA) - Default Title
55033039389009,11168366068049,8751786509,8.0,9.92,14.95,Isntree Yam Root Vegan Milk Cleanser (REFILL) 100ml - Default Title
55033041813841,11168366133585,10309673628,12.0,14.88,21.95,Luvum Pore Deep Cleansing Pads 10 pads - Default Title
55033042600273,11168366231889,6004022723,14.0,17.36,25.95,Luvum Bamboo Hyaluronic Moisture Gel Cleanser 200ml - Default Title
55033043812689,11168366395729,3949950789,6.0,7.44,10.95,TONYMOLY FLORIA Brightening Peeling Gel 150ml - Default Title
55033045320017,11168366494033,Bouquet Garni Deep Perfume Soap Baby Powder 100g X 10ea,12.0,14.88,21.95,Bouquet Garni Deep Perfume Soap Baby Powder 100g X 10ea - Default Title
55033046237521,11168366592337,5268083074,4.0,4.96,7.95,TONYMOLY Fresh To Go Avocado Foam Cleanser 170ml - Default Title
55033047089489,11168366756177,5268082998,4.0,4.96,7.95,TONYMOLY Fresh To Go Pomegranate Foam Cleanser 170ml - Default Title
55033048236369,11168366920017,5268082903,4.0,4.96,7.95,TONYMOLY Fresh To Go Rice Foam Cleanser 170ml - Default Title
55033048727889,11168367051089,9237429096,8.0,9.92,14.95,TONYMOLY The Chok Chok Green Tea Lemon Mild Cleansing Foam 150ml - Default Title
55033049416017,11168367149393,3985814725,7.0,8.68,12.95,TONYMOLY Shea Butter Chok Chok Foam Cleanser 250ml - Default Title
55033050956113,11168367247697,5845810515,16.0,19.84,28.95,TONYMOLY PHA + LHA Apple Mild Peeling Gel Pack 100ml - Default Title
55033051775313,11168367378769,5702379945,6.0,7.44,10.95,TONYMOLY THE PEACH CHOK CHOK Body Peeling Mist 300ml - Default Title
55033053151569,11168367640913,3948362138,8.0,9.92,14.95,TONYMOLY Wonder Apricot Deep Cleansing Oil 190ml - Default Title
55033054069073,11168367739217,8424402348,6.0,7.44,10.95,innisfree Apple Seed Cleansing Cream 150ml - Default Title
55033055150417,11168367870289,10869314155,8.0,9.92,14.95,DERMATORY Pro Trouble Acne Cleansing Foam 150ml - Default Title
55033055838545,11168368001361,10760120489,11.0,13.64,19.95,goodal Green Tangerine Vita-C Toning Cleansing Balm 110ml - Default Title
55033057018193,11168368099665,10347746776,8.0,9.92,14.95,Innisfree Green Barley Mild Peeling Gel 120ml - Default Title
55033057345873,11168368197969,11154366755,12.0,14.88,21.95,innisfree Green Tea Amino Hydrating Cleansing Foam 250g - Default Title
55033058558289,11168368361809,9626934480,8.0,9.92,14.95,innisfree Olive Vitamin E Real Cleansing Foam 150g - Default Title
55033059705169,11168368492881,9953174231,14.0,17.36,25.95,Innisfree Olive Vitamin E Real Cleansing Oil 150ml - Default Title
55033060426065,11168368591185,9595954436,24.0,29.76,43.95,ilso Super Melting Sebum Softener Special Set - Default Title
55033061146961,11168368689489,9950608902,11.0,13.64,19.95,Innisfree Volcanic BHA Pore Cleansing Oil 150ml - Default Title
55033062981969,11168368820561,9172852873,5.0,6.20,9.95,innisfree Volcanic BHA Pore Cleansing Foam 150g - Default Title
55033063473489,11168368951633,9539979967,5.0,6.20,9.95,innisfree Olive Vitamin E Real Cleansing Tissue 150g (30ea) - Default Title
55033064325457,11168369115473,8816544634,10.0,12.40,18.95,[MARY & MAY] Vegan Low pH Hyaluronic Gel Cleanser 150ml - Default Title
55033103090001,11168374096209,8816486728,13.0,16.12,23.95,[MARY & MAY] Vitamin B.C.E Cleansing Balm 120g - Default Title
55033103352145,11168374128977,4928582199,17.0,21.08,30.95,d'Alba White Truffle Deep Clean Foam Cleanser 80ml - Default Title
55033103745361,11168374391121,6345855947,12.0,14.88,21.95,heimish Matcha Biome Amino Acne Cleansing Foam 150ml - Default Title
55033104007505,11168374456657,6891686086,15.0,18.60,27.95,heimish All Clean Balm Mandarin 120ml - Default Title
55033104073041,11168374522193,5114937764,14.0,17.36,25.95,d'Alba White Truffle Return Oil Cream Cleanser 150g - Default Title
55033104793937,11168374554961,10482831268,19.0,23.56,34.95,d'Alba White Truffle Return Oil Cream Cleanser (Tube) 100ml X 2ea - Default Title
55033104892241,11168374718801,9539747920,17.0,21.08,30.95,heimish Matcha Biome Perfect Cleansing Oil 150ml - Default Title
55033107349841,11168374784337,Elizavecca591,8.0,9.92,14.95,Elizavecca 24K Gold Snail Foam Cleansing 180ml - Default Title
55033107415377,11168374948177,Elizavecca990,8.0,9.92,14.95,Elizavecca Clean Piggy Pink Energy Foam Cleansing 120ml - Default Title
55033107546449,11168374980945,Elizavecca530,16.0,19.84,28.95,Elizavecca Milky Piggy Real Whitening Time Secret Peeling Cream 100ml - Default Title
55033111347537,11168375144785,Elizavecca931,15.0,18.60,27.95,Elizavecca Milky Piggy Hell-Pore Clean Up Enzyme Powder Wash 80g - Default Title
55033111478609,11168375275857,Elizavecca510,16.0,19.84,28.95,Elizavecca Milky Piggy Elastic Pore Cleansing Foam 120ml - Default Title
55033111642449,11168375341393,Elizavecca814,16.0,19.84,28.95,Elizavecca Secret Pure Skinship Peeling Touch Gel 500ml - Default Title
55033112035665,11168375669073,7123538257,6.0,7.44,10.95,SKINFOOD Rice Daily Brightening Cleansing Foam 150ml - Default Title
55033112101201,11168375734609,4840870176,7.0,8.68,12.95,[Pyunkang yul] Ato Moisturizing Baby Soap 80gX2ea - Default Title
55033112297809,11168375767377,3104301290,6.0,7.44,10.95,SKINFOOD Rice Daily Brightening Cleansing Tissue 80ea/380ml - Default Title
55033112396113,11168375931217,2770554364,6.0,7.44,10.95,SKINFOOD Rice Daily Brightening Scrub Foam 150ml - Default Title
55033112625489,11168375996753,2823301035,8.0,9.92,14.95,[Pyunkang Yul] Cleansing Foam 150ml - Default Title
55033112691025,11168376193361,10045238596,21.0,26.04,37.95,[Pyunkang Yul] Body Wash Dancheong 350ml - Default Title
55033112953169,11168376226129,6735829308,8.0,9.92,14.95,[Pyunkang Yul] Calming Acne Cleansing Foam 100ml - Default Title
55033113248081,11168376357201,5414754374,12.0,14.88,21.95,[Pyunkang Yul] Calming Low pH Foaming Cleanser 150ml - Default Title
55033113379153,11168376488273,10045251010,21.0,26.04,37.95,[Pyunkang Yul] Hand Wash Dancheong 350ml - Default Title
55033113575761,11168376553809,8972321752,13.0,16.12,23.95,[Pyunkang Yul] Deep Cleansing Oil 290ml - Default Title
55033113674065,11168376684881,5182038395,7.0,8.68,12.95,[Pyunkang Yul] Low pH Cleansing Water 290ml - Default Title
55033113870673,11168376881489,6022466637,8.0,9.92,14.95,[Pyunkang Yul] Low pH Feminine Wash 500ml - Default Title
55033113968977,11168376914257,4634880557,12.0,14.88,21.95,[Pyunkang Yul] Low pH Pore Deep Cleansing Foam 100ml - Default Title
55033114100049,11168376979793,5212378112,8.0,9.92,14.95,[Pyunkang Yul] Peeling Gel 100ml - Default Title
55033114427729,11168377045329,5406136537,10.0,12.40,18.95,EUNYUL Daily Care Deep Bubble Foam Cleanser 500ml - Default Title
55033114624337,11168377110865,5890384114,11.0,13.64,19.95,EUNYUL Daily Care Acne Bubble Foam Cleanser 500ml - Default Title
55033114755409,11168377274705,5441560548,8.0,9.92,14.95,EUNYUL Cloud Cleansing Pad 70P/170ml - Default Title
55033115083089,11168377405777,10685556642,12.0,14.88,21.95,[Pyunkang Yul] Pore Out Cleansing Cake 100g - Default Title
55033115279697,11168377635153,5399963100,11.0,13.64,19.95,EUNYUL Daily Care Pure Gel Foam Cleanser 512ml - Default Title
55033115967825,11168378257745,6112843122,6.0,7.44,10.95,EUNYUL Horse Oil Foam Cleansing 150g - Default Title
55033116197201,11168378487121,7466780807,10.0,12.40,18.95,EUNYUL VITA BALANCE OWN SOLE SHINE Bubble Foam 200ml - Default Title
55033116492113,11168378618193,7926748948,13.0,16.12,23.95,EUNYUL VITA BALANCE WONDER SOFTENING Cleansing Balm 90ml - Default Title
55033117311313,11168378978641,7926683709,10.0,12.40,18.95,EUNYUL VITA BALANCE WONDER SOFTENING Peeling Gel For Face 100ml - Default Title
55033118163281,11168379142481,4706905076,8.0,9.92,14.95,EUNYUL YELLOW SEED THERAPY Vital Foam Cleanser 500ml - Default Title
55033118392657,11168379437393,4906478215,10.0,12.40,18.95,EUNYUL Daily Care Mild Bubble Foam Cleanser 500ml - Default Title
55033118622033,11168379568465,2365048516,8.0,9.92,14.95,EUNYUL Clean & Fresh Ultra Firming Foam Cleanser 150ml - Default Title
55033119015249,11168379765073,10284244881,11.0,13.64,19.95,belif Super Knights Bright Toning Vegan Pack Cleanser 150ml - Default Title
55033119375697,11168379994449,10284280204,8.0,9.92,14.95,belif Super Knights Pore Firming Vegan Pack Cleanser 150ml - Default Title
55033119539537,11168380256593,10664531836,14.0,17.36,25.95,belif Super Knights Hy-soothing Vegan Pack Cleanser 150ml - Default Title
55033120129361,11168380354897,11153461149,18.0,22.32,32.95,acwell acwell Licorice pH Balancing Cleansing Toner 300ml - Default Title
55033120391505,11168380682577,8497466182,11.0,13.64,19.95,MEDIPEEL Extra Super 9 Plus Blackhead Solution 250ml - Default Title
55033120719185,11168380944721,10482279005,12.0,14.88,21.95,FULLY GREEN TOMATO CLAY PACK CLEANSER 120ml - Default Title
55033120948561,11168381239633,11107089021,17.0,21.08,30.95,FULLY GREEN TOMATO GELATO PACK CLEANSER 100ml - Default Title
55033121145169,11168381403473,5023691114,14.0,17.36,25.95,Dr.Ceuracle 5α Control Clearing Cleansing Foam 200ml - Default Title
55033121440081,11168381600081,398069488,13.0,16.12,23.95,Dr.Ceuracle 5α Control Melting Cleansing Gel 150ml - Default Title
55033121603921,11168381829457,4705284887,8.0,9.92,14.95,Dr.Ceuracle AC Care Solution Pink Gel 50ml - Default Title
55033121833297,11168381993297,4555611981,16.0,19.84,28.95,Dr.Ceuracle Pro Balance Morning Enzyme Wash 50g - Default Title
55033122193745,11168382222673,10178875909,8.0,9.92,14.95,[THE LAB by BLANC DOUX] Green Flavonoid Pore Gel Cleanser 120ml - Default Title
55033122423121,11168382452049,10578541763,19.0,23.56,34.95,AROMATICA Glow Vita Oil-in-Gel Cleanser Orange & Neroli 150ml - Default Title
55033122586961,11168382583121,10169817466,17.0,21.08,30.95,AROMATICA Vitalizing Rosemary Pore Cleansing Oil 200ml - Default Title
55033122914641,11168382779729,10643884777,13.0,16.12,23.95,AROMATICA Vitalizing Rosemary Pore Clearing Foam 150ml - Default Title
55033123078481,11168383009105,10452410761,8.0,9.92,14.95,AROMATICA Zesty Hand Soap Grapefruit & Tangerine 300ml (Refill) - Default Title
55033123570001,11168383238481,10351977863,16.0,19.84,28.95,YUNJAC Whole Plant Effect Daily Foam & Exfoliant 2g X 16ea - Default Title
55033124585809,11168383959377,10280830819,11.0,13.64,19.95,[Real Barrier] Control-T Tea Tree Cleansing Water 400ml - Default Title
55033124880721,11168384319825,2574477296,13.0,16.12,23.95,[Real Barrier] Control-T Cleansing Foam 200ml - Default Title
55033125044561,11168384549201,10366329030,13.0,16.12,23.95,[Real Barrier] Extreme Deep Cleansing Blue Oil 200ml - Default Title
55033125339473,11168384745809,6041108079,7.0,8.68,12.95,[Real Barrier] Cream Cleansing Foam 120ml - Default Title
55033125699921,11168384942417,2009483427,7.0,8.68,12.95,[TOO COOL FOR SCHOOL] Egg-Zyme Whipped Foam 150g - Default Title
55033125962065,11168385302865,7738448310,18.0,22.32,32.95,[THE WHOO] Jungyooncho Multi Cleanser 200ml - Default Title
55033126191441,11168385499473,11175084087,12.0,14.88,21.95,JUNGSAEMMOOL Aqua Pear Sherbet Cleanser 90ml - Default Title
55033126453585,11168385728849,5170774216,10.0,12.40,18.95,NEOGEN Azulene Soothing PH Cleanser 150ml - Default Title
55033126715729,11168385958225,11106166003,10.0,12.40,18.95,JUNGSAEMMOOL Grapeseed Pore Cleanser 150ml - Default Title
55033127076177,11168386220369,11599997374,12.0,14.88,21.95,JUNGSAEMMOOL Masterclass Brush Liquid Cleanser 200ml - Default Title
55033127469393,11168386449745,10503698244,11.0,13.64,19.95,NEOGEN Dermalogy Double Vita Capsule Cleansing Foam 160g - Default Title
55033127698769,11168386548049,2640106958,13.0,16.12,23.95,NEOGEN Dermalogy Real Fresh Cleansing Stick Green Tea 80g - Default Title
55033127960913,11168386744657,4598221411,8.0,9.92,14.95,NEOGEN Dermalogy Real Polish - Royal Honey & Sugar Scrub 100g - Default Title
55033128354129,11168386875729,10614627499,15.0,18.60,27.95,JUNGSAEMMOOL Essential Mool Micro Deep Cleansing Foam 200ml - Default Title
55033128681809,11168387203409,10859995118,8.0,9.92,14.95,MISSHA Super Panthenol Bubble Cleanser (Oil Control) 200ml - Default Title
55033128976721,11168387334481,10859995002,8.0,9.92,14.95,MISSHA Super Panthenol Bubble Cleanser (Sensitive) 200ml - Default Title
55033129173329,11168387531089,10097212920,8.0,9.92,14.95,MISSHA Vita C Plus All In One Pack Foam Cleanser 200ml - Default Title
55033129369937,11168387629393,5087990612,13.0,16.12,23.95,belif Problem Solution Vegan Cleansing Foam 100ml - Default Title
55033129566545,11168387760465,10212448398,8.0,9.92,14.95,SKINFOOD Acorn Pore Peptide Cleansing Foam 150ml - Default Title
55033129730385,11168387858769,10212468378,7.0,8.68,12.95,SKINFOOD Pineapple BHA Peeling Cleansing Oil 200ml - Default Title
55033130025297,11168388022609,11129919288,15.0,18.60,27.95,Dr.G RTX Pre-Cleansing Oil Paste 100ml - Default Title
55033130713425,11168388251985,11011352230,12.0,14.88,21.95,Dr.G Dermoisture Barrier.D Rich Derm Body Wash 400ml - Default Title
55033131008337,11168388481361,8482383470,7.0,8.68,12.95,Dr.G RED BLEMISH Cica Cleansing Foam 120ml - Default Title
55033131303249,11168388677969,2954974807,3.0,3.72,5.95,SKINFOOD Vegegarden Cleansing Foam 150ml (2 Types) - Wild Berry
55033131336017,11168388677969,2954974807,3.0,3.72,5.95,SKINFOOD Vegegarden Cleansing Foam 150ml (2 Types) - Mugwort
55033131499857,11168388743505,4963343231,11.0,13.64,19.95,SKINFOOD Black Sugar Perfect Enzyme Powder Wash 65g - Default Title
55033132220753,11168389005649,5583693272,13.0,16.12,23.95,Dr.G PH Cleansing Gel Foam 300ml - Default Title
55033132515665,11168389333329,651403622,5.0,6.20,9.95,SKINFOOD Egg White Perfect Pore Cleansing Foam 150ml - Default Title
55033133171025,11168389464401,651403116,8.0,9.92,14.95,SKINFOOD Egg White Perfect Pore Cleansing Oil 200ml - Default Title
55033133302097,11168389628241,7869143127,15.0,18.60,27.95,isoi ACNI Dr.1st Black Deep Cleansing Foam 75ml - Default Title
55033133826385,11168389726545,9642138093,6.0,7.44,10.95,SUNGBOON EDITOR Centell Lacto AC Less Clearing Foam Cleanser 150ml - Default Title
55033134055761,11168389857617,11610600560,13.0,16.12,23.95,SUNGBOON EDITOR Green Tomato Deep Pore Double Cleansing Ampoule Oil 200g - Default Title
55033134481745,11168389955921,7625218702,2.0,2.48,3.95,TONYMOLY The Shocking Lip & Eye Remover Pads 150g/30ea - Default Title
55033134874961,11168390119761,8758557571,15.0,18.60,27.95,SUNGBOON EDITOR Green Tomato Deep Pore Clean Enzyme Powder Wash 50g - Default Title
55033135038801,11168390218065,11528937931,17.0,21.08,30.95,belif Super Drops Vita Deep Cleansing Oil 150ml - Default Title
55033135399249,11168390283601,10822731690,12.0,14.88,21.95,APLB Glutathione Niacinamide Cleansing Water 160ml - Default Title
55033135563089,11168390447441,10822718732,12.0,14.88,21.95,APLB Glutathione Niacinamide Cleansing Balm 80ml - Default Title
55033135792465,11168390578513,10822703828,12.0,14.88,21.95,APLB Glutathione Niacinamide Cleansing Oil 105ml - Default Title
55033136054609,11168390709585,2197429537,14.0,17.36,25.95,ETUDE Real Art Cleansing Oil Moisture & Refill 185ml+185ml - Default Title
55033139855697,11168392053073,10829192973,6.0,7.44,10.95,A'pieu Deep Clean Cleansing Milk 130ml - Default Title
55033139921233,11168392118609,10829243481,6.0,7.44,10.95,A'pieu Deep Clean Cleansing Water 150ml - Default Title
55033139986769,11168392151377,10149274561,4.0,4.96,7.95,A'pieu Micellar Cleansing Water (Fresh) 330ml - Default Title
55033140117841,11168392184145,10149274611,5.0,6.20,9.95,A'pieu Micellar Cleansing Water (Moisture) 330ml - Default Title
55033140478289,11168392282449,10496617128,8.0,9.92,14.95,A'pieu Pore King Minji Trouble Cleansing Foam 200ml - Default Title
55033140609361,11168392380753,10829115690,2.0,2.48,3.95,A'pieu Deep Clean Lip & Eye Remover Pad 37g/20ea - Default Title
55033140773201,11168392446289,10149098874,4.0,4.96,7.95,A'pieu Deep Clean Bubble Foam 200ml - Default Title
55033140871505,11168392511825,7215419159,7.0,8.68,12.95,A'pieu Pore King Minji Cleansing Oil 150ml - Default Title
55033140937041,11168392577361,4754225099,4.0,4.96,7.95,A'pieu Deep Clean Foam Cleanser Whipping 130ml - Default Title
55033141166417,11168392610129,12116798027,7.0,8.68,12.95,MEDIPEEL Vegan Vitamin Collagen Clear 120ml - Default Title
55033141330257,11168392675665,7709775698,13.0,16.12,23.95,9wishes Dermatic CICA Foam Cleanser 150ml - Default Title
55033141428561,11168392806737,11779815291,15.0,18.60,27.95,MEDIPEEL MELANON X AMPOULE CLEANSER 150ml - Default Title
55033142575441,11168392905041,11364493439,11.0,13.64,19.95,MEDIPEEL Peptide 9 Aqua Essence Facial Cleanser 150ml - Default Title
55033143034193,11168393003345,11671821417,16.0,19.84,28.95,MEDIPEEL Extra Super 9 Plus 3X Blackhead Care Solution 250ml - Default Title
55033143198033,11168393134417,11433547585,17.0,21.08,30.95,O HUI Prime Advancer Gel to Foam Deep Cleanser 200ml - Default Title
55033143263569,11168393232721,10253662755,6.0,7.44,10.95,Shingmulnara Jeju Sparkling Water Whip Power Cleansing Foam 120ml - Default Title
55033143329105,11168393265489,10337526214,18.0,22.32,32.95,O HUI The First Geniture Foam Cleanser 200ml - Default Title
55033143394641,11168393298257,11187773154,12.0,14.88,21.95,O HUI Miracle Moisture Cleansing Foam 200ml+100ml Special Set - Default Title
55033143460177,11168393331025,11188043739,11.0,13.64,19.95,O HUI Age Recovery Soft Amino Foam Special Set (180ml+45mlx2ea) - Default Title
55033143525713,11168393363793,5203588978,10.0,12.40,18.95,O HUI Miracle Moisture Cleansing Sheet 60ea - Default Title
55033143591249,11168393396561,8951611815,6.0,7.44,10.95,Dr.Belmeur Amino Clear Cleansing Water 300ml - Default Title
55033143755089,11168393429329,12053238810,8.0,9.92,14.95,Dr.Belmeur AHA PHA Sebum Control Gel Cleanser 100ml - Default Title
55033143984465,11168393560401,8829977456,14.0,17.36,25.95,CENTELLIAN24 Madeca Acnience Pore Pack Cleanser 120ml - Default Title
55033144050001,11168393593169,12265563897,18.0,22.32,32.95,FULLY GREEN TOMATO ACID 20 WASH OFF PEELING SERUM 50ml - Default Title
55033144115537,11168393625937,11895656642,20.0,24.80,36.95,FULLY GREEN TOMATO CLEANSING OIL 250ml - Default Title
55033144181073,11168393658705,11926843539,13.0,16.12,23.95,[NATURE REPUBLIC] Forest Garden Whip Foam Cleanser 90ml (2types) - ROSE WHIP FOAM CLEANSER
55033144213841,11168393658705,11926843539,13.0,16.12,23.95,[NATURE REPUBLIC] Forest Garden Whip Foam Cleanser 90ml (2types) - CENTELLA WHIP FOAM CLEA
55033144312145,11168393724241,12215495920,15.0,18.60,27.95,[THANK YOU FARMER] Rice Pure Milky Cleansing Oil 200ml - Default Title
55033144377681,11168393757009,11904279075,13.0,16.12,23.95,[NATURE REPUBLIC] Natural Made Enzyme Powder Wash 45g (3types) - ARTEMISIA
55033144410449,11168393757009,11904279075,13.0,16.12,23.95,[NATURE REPUBLIC] Natural Made Enzyme Powder Wash 45g (3types) - RICE
55033144443217,11168393757009,11904279075,13.0,16.12,23.95,[NATURE REPUBLIC] Natural Made Enzyme Powder Wash 45g (3types) - CHESTNUT SHELL
55033144541521,11168393789777,11890683191,8.0,9.92,14.95,[NATURE REPUBLIC] Simple Off Niacinamide Melting Cleansing Balm 80ml - Default Title
55033144607057,11168393855313,7191202333,7.0,8.68,12.95,[NATURE REPUBLIC] Hyathenol Hydra Foam Cleanser 150ml - Default Title
55033144770897,11168393920849,6178361501,6.0,7.44,10.95,[NATURE REPUBLIC] Natural Made Lemongrass Ultra Peeling Gel 100ml - Default Title
55033144836433,11168393986385,5476851390,8.0,9.92,14.95,[NATURE REPUBLIC] Vitapair C Vitamin Peeling Gel 120ml - Default Title
55033145000273,11168394019153,5956667797,5.0,6.20,9.95,[NATURE REPUBLIC] Vitapair C Big Cleansing Foam 300ml - Default Title
55033145065809,11168394117457,6093153363,11.0,13.64,19.95,[NATURE REPUBLIC] Green Derma Mild Cica Peeling Gel 155ml - Default Title
55033145131345,11168394150225,6178345663,6.0,7.44,10.95,[NATURE REPUBLIC] Natural Made Eucalyptus Mild Peeling Gel 100ml - Default Title
55033145196881,11168394182993,5023173935,6.0,7.44,10.95,[NATURE REPUBLIC] Green Derma Tea Tree Cica Acne Foam Cleanser 150ml - Default Title
55033145262417,11168394215761,754073715,2.0,2.48,3.95,[NATURE REPUBLIC] Jeju Sparkling Cleansing Tissue 70g/15ea - Default Title
55033145393489,11168394248529,754067907,3.0,3.72,5.95,[NATURE REPUBLIC] Soothing & Moisture Aloe Vera Cleansing Gel Cream 150ml - Default Title
55033145557329,11168394346833,386921093,3.0,3.72,5.95,[NATURE REPUBLIC] Fresh Herb Cleansing Foam 170ml (4type) - ALOE
55033145590097,11168394346833,386921093,3.0,3.72,5.95,[NATURE REPUBLIC] Fresh Herb Cleansing Foam 170ml (4type) - SNAIL
55033145622865,11168394346833,386921093,3.0,3.72,5.95,[NATURE REPUBLIC] Fresh Herb Cleansing Foam 170ml (4type) - PEACH
55033145655633,11168394346833,386921093,3.0,3.72,5.95,[NATURE REPUBLIC] Fresh Herb Cleansing Foam 170ml (4type) - ACEROLA
55033145721169,11168394412369,10064744168,10.0,12.40,18.95,AHC PREP + RESET Cleansing Powder 40g - Default Title
55033145819473,11168394445137,12304671983,3.0,3.72,5.95,[NATURE REPUBLIC] Jeju Sparkling Cleansing Tissue 50 sheets - Default Title
55033145917777,11168394510673,339390360,8.0,9.92,14.95,[NATURE REPUBLIC] Forest Garden Chamomile Cleansing Oil 200ml - Default Title
55033145983313,11168394576209,10254102291,16.0,19.84,28.95,WELLAGE Real Hyaluronic Peeling Solution 30ml - Default Title
55033146048849,11168394608977,7613516711,8.0,9.92,14.95,ROVECTIN Pore Care Tightening Cleansing Foam 150ml - Default Title
55033146147153,11168394674513,5329963592,10.0,12.40,18.95,Genabelle Pink Cloud Cleansing Foam 150ml - Default Title
55033146245457,11168394707281,12381434672,12.0,14.88,21.95,Parnell AHA Omija Ceramic Cleansing Oil 200ml - Default Title
55033146310993,11168394740049,10967770102,12.0,14.88,21.95,Genabelle Phytology 17 Perfect Cleansing Foam 150ml - Default Title
55033146442065,11168394805585,11492810910,14.0,17.36,25.95,Parnell Panthenol Heartleaf Calming Gel Cleanser 180ml - Default Title
55033146507601,11168394838353,12448731637,7.0,8.68,12.95,Shingmulnara Jeju Sparkling Water Deep Pore Cleansing Sherbet Balm 100ml - Default Title
55033146835281,11168394903889,10480799201,8.0,9.92,14.95,Shingmulnara Jeju Sparkling Water Pore Deep Cleansing Foam 120ml+120ml - Default Title
55033146966353,11168395034961,11955978259,11.0,13.64,19.95,Shingmulnara Young Green Tea Fresh Cleansing Foam 120ml+120ml - Default Title
55033147064657,11168395067729,11609075471,8.0,9.92,14.95,Shingmulnara Cleansing Oil 200ml (2type) - 01 Young Green Tea Fresh Pure Cleansing Oil for
55033147097425,11168395067729,11609075471,8.0,9.92,14.95,Shingmulnara Cleansing Oil 200ml (2type) - 02 White Rice Bright Cleansing Oil for dry skin
55033147261265,11168395133265,10336758479,8.0,9.92,14.95,Shingmulnara Jeju Sparkling Water Pore Deep Cleansing Oil 200ml - Default Title
55033147359569,11168395231569,10480837543,8.0,9.92,14.95,Shingmulnara White Rice Bright Cleansing Foam 120ml+120ml - Default Title
55033147523409,11168395297105,10336706235,7.0,8.68,12.95,Shingmulnara Young Green Tea Tube Cleansing Balm 100ml - Default Title
55033147621713,11168395428177,5944388324,8.0,9.92,14.95,ongredients Jeju Cica Cleansing Ball 110g - Default Title
55033147687249,11168395493713,8516619632,13.0,16.12,23.95,ongredients Deep Foaming Cleanser 120ml - Default Title
55033147851089,11168395559249,10674148676,11.0,13.64,19.95,ongredients Skin Barrier Moisture Deep Cleanser 120ml - Default Title
55033147982161,11168395690321,5817739253,8.0,9.92,14.95,ongredients Jeju Green Tea Cleansing Ball 110g - Default Title
55033148047697,11168395755857,5944359959,8.0,9.92,14.95,ongredients Butterfly Pea Cleansing Ball 110g - Default Title
55033148211537,11168395821393,10139694464,17.0,21.08,30.95,ongredients Pore Cleansing Pads 160g/60ea - Default Title
55033148375377,11168395919697,9195329705,20.0,24.80,36.95,ongredients Perfect Melting Cleansing Balm 100ml - Default Title
55033148506449,11168396018001,10126334514,21.0,26.04,37.95,HEVEBLUE Salmon Fruity Centella Body Wash 300g - Default Title
55033148604753,11168396083537,7779430799,24.0,29.76,43.95,HEVEBLUE Salmon Caring Centella Bubble Cleanser 200ml - Default Title
55033148801361,11168396214609,10445272097,23.0,28.52,41.95,HEVEBLUE Salmon Caring Centella Light Cleansing Oil 250ml - Default Title
55033149129041,11168396411217,9390580858,15.0,18.60,27.95,molvany Hypoallergenic LHA CIS Gel Cleanser 200ml - Default Title
55033149194577,11168396476753,12057735600,6.0,7.44,10.95,SUNGBOON EDITOR Active Marine Astaxanthin Vita Toning Whipping Foam 120g - Default Title
55033149325649,11168396509521,12442365409,24.0,29.76,43.95,bravity Daily NMN Lacto Collagen Cleansing Foam 200g - Default Title
55033149456721,11168396542289,11494248335,21.0,26.04,37.95,bravity DNAERO LumiAge Bubble Foam Cleanser 150ml - Default Title
55033149555025,11168396575057,5479308793,12.0,14.88,21.95,PETITFEE Beautifying Mood On Cleanser 100ml - Default Title
55033149751633,11168396706129,5898898619,6.0,7.44,10.95,PETITFEE Clarifying AHA Gel Cleanser 100g - Default Title
55033149948241,11168396738897,11217131421,12.0,14.88,21.95,PETITFEE BETA-GLUCAN Enzyme Powder Wash 1g X 20ea - Default Title
55033150079313,11168396869969,2072462791,14.0,17.36,25.95,PETITFEE BETA-GLUCAN Enzyme Powder Wash 80g - Default Title
55033150177617,11168396902737,12248489141,17.0,21.08,30.95,nutseline Mint Choco Cleansing Pack Foam 130g - Default Title
55033150308689,11168396968273,11232564554,23.0,28.52,41.95,nutseline Aroma Nut Gray Scrub 200g - Default Title
55033150406993,11168397033809,10578214149,6.0,7.44,10.95,MEDIHEAL Teatree Trouble Calming Cleanser 120ml - Default Title
55033150800209,11168397099345,3936727444,10.0,12.40,18.95,TONYMOLY Azulene Anti Blemish Bubble Foam Cleanser 150ml - Default Title
55033150898513,11168397164881,11534484086,18.0,22.32,32.95,MENOKIN 30 Seconds Bubble Cleanser 150ml #DAILY COMFORT - Default Title
55033151029585,11168397230417,11536034401,18.0,22.32,32.95,MENOKIN 30 Seconds Bubble Cleanser 150ml #PORE CLEAR - Default Title
55033151160657,11168397328721,11536046608,18.0,22.32,32.95,MENOKIN 30 Seconds Bubble Cleanser 150ml #PERFECT - Default Title
55033151226193,11168397394257,3936721080,10.0,12.40,18.95,TONYMOLY Azulene Anti Blemish Acne Foam Cleanser 150ml - Default Title
55033151291729,11168397427025,5058826312,14.0,17.36,25.95,primera Enriched Cleansing Tissue 300g/60ea - Default Title
55033151553873,11168397492561,12219038919,12.0,14.88,21.95,Hanskin Vitamin C Glow Powder Cleanser 70g - Default Title
55033151619409,11168397525329,11829894105,13.0,16.12,23.95,Hanskin Deep Cleansing Oil Balm & Blackhead 100ml - Default Title
55033151750481,11168397558097,10538127575,12.0,14.88,21.95,Hanskin Cleansing Oil & Blackhead PHA 200ml - Default Title
55033151816017,11168397623633,9841612852,8.0,9.92,14.95,Hanskin Cleansing Pad & Blackhead 200ml/70ea - Default Title
55033151881553,11168397656401,11469761288,12.0,14.88,21.95,Hanskin Blackhead Water to Foam Cleansing 250ml - Default Title
55033151979857,11168397721937,11558793705,6.0,7.44,10.95,Hanskin Cleansing Mild Foam & Blackhead 100ml - Default Title
55033152078161,11168397754705,7459265637,15.0,18.60,27.95,Hanskin Cleansing Oil & Blackhead BHA 300ml - Default Title
55033153159505,11168397853009,7363455447,15.0,18.60,27.95,Hanskin Cleansing Oil & Blackhead AHA 300ml - Default Title
55033153257809,11168397885777,622205199,16.0,19.84,28.95,Hanskin Cleansing Oil & Blackhead PHA 300ml - Default Title
55033153356113,11168397951313,10528981888,16.0,19.84,28.95,Veganifect Clean And Glow Green Barley Cleansing Oil 205ml - Default Title
55033153651025,11168398016849,10248899512-120,10.0,12.40,18.95,LAGOM Cellup Micro Foam Cleanser 120ml - Default Title
55033153749329,11168398082385,2422371572,19.0,23.56,34.95,LANBELLE Natural Deep Cleansing Oil 205ml - Default Title
55033153814865,11168398147921,111290000248,6.0,7.44,10.95,[HAPPY BATH] Micro Clean Soapberry Bubble Cleansing Foam 300ml - Default Title
55033153913169,11168398180689,11858502600,14.0,17.36,25.95,LAGOM Cellup Gel To Water Cleanser 220ml - Default Title
55033154634065,11168398541137,13026257546,13.0,16.12,23.95,AESTURA Atobarrier 365 Gentle Foaming Cleanser 150ml - Default Title
55033154896209,11168398672209,6352478619,13.0,16.12,23.95,Dr.Melaxin TX Ampoule Cleanser 100ml - Default Title
55033154994513,11168398704977,11116691454,16.0,19.84,28.95,Dr.Melaxin Melting Cleanser 150ml - Default Title
55033155354961,11168398770513,11028038192,13.0,16.12,23.95,DERMALINE Deep Clean Moisture Foam 150g - Default Title
55033155420497,11168398803281,11028080294,10.0,12.40,18.95,DERMALINE Enzyme Grain Bubble Cleanser 160ml - Default Title
55033155486033,11168398836049,11027994054,21.0,26.04,37.95,DERMALINE Aloe Vera Deep Clean Moisture Cleansing Cream 300ml - Default Title
55033155879249,11168398901585,4346449624,7.0,8.68,12.95,TIAM Snail & Azulene Low pH Cleanser 200ml - Default Title
55033155944785,11168398934353,13280215605,17.0,21.08,30.95,[MANYO FACTORY] Pure Soybean Cleansing Water 500ml - Default Title
55033156043089,11168398967121,13341802449,8.0,9.92,14.95,[MANYO FACTORY] Pure Soybean Cleansing Foam 120ml - Default Title
55033156370769,11168399032657,13280212035,15.0,18.60,27.95,[MANYO FACTORY] Pure Soybean Cleansing Foam 160ml X 2ea - Default Title
55033156567377,11168399098193,A258034,20.0,24.80,36.95,REJURAN Pore Tightening Cleansing Balm 50ml - Default Title
55033156665681,11168399196497,9275234845,20.0,24.80,36.95,moremo Caffeine Biome Shampoo 1000ml - Default Title
55033157124433,11168399262033,6235996444,21.0,26.04,37.95,moremo Water Treatment Miracle 100 400ml - Default Title
55033158369617,11168399393105,5673700375,19.0,23.56,34.95,moremo Recovery Balm B 230ml - Default Title
55033158435153,11168399425873,10032342666,18.0,22.32,32.95,ViveLab Active Biotin Peptide Solution Scalp Shampoo 550ml - Default Title
55033158500689,11168399458641,9254969146,16.0,19.84,28.95,ViveLab Recovery Clinic Sensitive Scalp SOS Solution Essence 40ml - Default Title
55033158566225,11168399491409,9255685117,19.0,23.56,34.95,ViveLab Recovery Clinic Sensitive Scalp SOS Solution Hair Tonic 120ml - Default Title
55033158631761,11168399524177,5594814189,19.0,23.56,34.95,ROOTON Alpha Erguen Hair Tonic 150ml - Default Title
55033158697297,11168399556945,6970160020,19.0,23.56,34.95,ROOTON Limpio Capsule Regeneration Cream Hair Pack 13ml X 6ea - Default Title
55033158762833,11168399589713,5594743066,22.0,27.28,39.95,ROOTON Alpha Erguen Treatment 500ml - Default Title
55033159188817,11168399720785,10354126415,14.0,17.36,25.95,Dr.G Doopi Lab Core Peptide Volume Treatment 300g - Default Title
55033159287121,11168399786321,10533482613,10.0,12.40,18.95,[mise en scene] Salon 10 Professional Cica Protein Treatment 215ml - Default Title
55033159418193,11168399884625,111310001011,12.0,14.88,21.95,[mise en scene] Perfect Magic Straight Serum Treatment 230ml - Default Title
55033160139089,11168399917393,10627515246,12.0,12.88,21.95,[mise en scene] Perfect Magic Straight Serum Shampoo 530ml - Default Title
55033160499537,11168399950161,111310001012,12.0,14.88,21.95,[mise en scene] Perfect Magic Straight Serum 80ml - Default Title
55033160597841,11168400015697,10337410835,5.0,6.20,9.95,THE FACE SHOP Cherry Blossom Clear Hair Mist 200ml - Default Title
55033160663377,11168400081233,10356788414,18.0,22.32,32.95,Dr.Groot MULTI-PERFECTION HAIR LOSS CARE Cooling Scrub SHAMPOO 200ml - Default Title
55033160794449,11168400114001,10356611921,19.0,23.56,34.95,Dr.Groot MULTI-PERFECTION HAIR LOSS CARE Cooling SHAMPOO 400ml - Default Title
55033160925521,11168400212305,10477005689,15.0,18.60,27.95,Dr.Groot Scalp Solution Shampoo 700ml - Default Title
55033161056593,11168400277841,10792930302,8.0,9.92,14.95,PAUL MEDISON Deep Perfume Treatment 1077ml #Fruity Floral - Default Title
55033161154897,11168400343377,10792916008,8.0,9.92,14.95,PAUL MEDISON Deep Perfume Shampoo 1077ml #Fruity Floral - Default Title
55033161253201,11168400441681,10912899838,14.0,17.36,25.95,KUNDAL AIRY VOLUME HYALURON TREATMENT 500ml #BLOSSOM BREEZE - Default Title
55033161351505,11168400474449,10912893175,10.0,12.40,18.95,KUNDAL AIRY VOLUME HYALURON SHAMPOO 500ml #BLOSSOM BREEZE - Default Title
55033162596689,11168400572753,5204305573,8.0,9.92,14.95,PAUL MEDISON Nutri Treatment 1077ml #White Musk - Default Title
55033162694993,11168400605521,5175970017,8.0,9.92,14.95,PAUL MEDISON Nutri Treatment 1077ml #Baby Powder - Default Title
55033163055441,11168400671057,10713820690,13.0,16.12,23.95,KUNDAL All Day Smell Cover Teens Shampoo 400ml #Plum & Grapefruit - Default Title
55033163120977,11168400736593,7589299025,12.0,14.88,21.95,KUNDAL All Day Smell Cover Teens Shampoo 400ml #TROPICAL MANGO - Default Title
55033163186513,11168400769361,6986493340,8.0,9.92,14.95,KUNDAL HONEY & MACADAMIA Nature Shampoo (Refill) 400ml #CHERRY BLOSSOM - Default Title
55033163317585,11168400802129,5267557434,16.0,19.84,28.95,KUNDAL HONEY & MACADAMIA Natural Shampoo 1058ml #CHERRY BLOSSOM - Default Title
55033163383121,11168400900433,8745483684,15.0,18.60,27.95,KUNDAL HAIR LOSS RELIEF TREATMENT Real Beer Yeast Hair & Scalp Care 200ml #HERD MINT - Def
55033163776337,11168400933201,8745487679,21.0,26.04,37.95,KUNDAL HAIR LOSS RELIEF TREATMENT Real Beer Yeast Hair & Scalp Care 200ml #CITRUS POMELO -
55033163874641,11168400998737,7406504956,7.0,8.68,12.95,KUNDAL HONEY & MACADAMIA Nature Shampoo (Refill) 400ml #WHITE MUSK - Default Title
55033164005713,11168401064273,7406498127,7.0,8.68,12.95,KUNDAL HONEY & MACADAMIA Nature Shampoo (Refill) 400ml #WHITE MUSK - Default Title
55033164104017,11168401162577,6986499623,8.0,9.92,14.95,KUNDAL HONEY & MACADAMIA Nature Shampoo (Refill) 400ml #YLANG YLANG - Default Title
55033164169553,11168401195345,5026810129,10.0,12.40,18.95,KUNDAL HONEY & MACADAMIA Pure Natural Balancing Refreshing Shampoo 500ml #CLEAN SOAP - Def
55033164366161,11168401228113,8952196808,15.0,18.60,27.95,KUNDAL Protein Bonding No Wash Treatment 130ml - Leather Iris
55033164398929,11168401228113,8952196808,15.0,18.60,27.95,KUNDAL Protein Bonding No Wash Treatment 130ml - Violet Muguet
55033164431697,11168401228113,8952196808,15.0,18.60,27.95,KUNDAL Protein Bonding No Wash Treatment 130ml - Ylang Ylang
55033164530001,11168401326417,8602534470,15.0,18.60,27.95,KUNDAL Protein Bonding Shampoo 500ml - Ylang-Ylang
55033164562769,11168401326417,8602534470,15.0,18.60,27.95,KUNDAL Protein Bonding Shampoo 500ml - Violet Muguet
55033164595537,11168401326417,8602534470,15.0,18.60,27.95,KUNDAL Protein Bonding Shampoo 500ml - Leather Iris
55033164955985,11168401391953,8602562787,13.0,16.12,23.95,KUNDAL Protein Bonding Treatment 250ml - Leather Iris
55033164988753,11168401391953,8602562787,13.0,16.12,23.95,KUNDAL Protein Bonding Treatment 250ml - Violet Muguet
55033165021521,11168401391953,8602562787,13.0,16.12,23.95,KUNDAL Protein Bonding Treatment 250ml - Ylang Ylang
55033165119825,11168401523025,10407832992,12.0,14.88,21.95,Dr.BANGGIWON LAB SHAMPOO RX 480ml - Default Title
55033165218129,11168401588561,10408226985,13.0,16.12,23.95,Dr.BANGGIWON LAB SCALP TONIC RX 120ml - Default Title
55033165283665,11168401621329,10408198909,12.0,14.88,21.95,Dr.BANGGIWON LAB TREATMENT RX 480ml - Default Title
55033165349201,11168401654097,8605970847,10.0,12.40,18.95,DR.BANGGIWON WATER LAP SHAMPOO FOR MEN 1000ml - Default Title
55033165414737,11168401686865,8658708674,14.0,17.36,25.95,DR.BANGGIWON Teenager Shampoo 1000ml - Default Title
55033165480273,11168401719633,5266281530,23.0,28.52,41.95,d'Alba Professional Repairing Hair Perfume Serum 100ml - Default Title
55033165545809,11168401752401,6103861768,16.0,19.84,28.95,d'Alba Professional Repairing Scalp Therapy Serum Shampoo 275ml - Default Title
55033166233937,11168401785169,Elizavecca517,8.0,9.92,14.95,Elizavecca CER-100 Collagen Coating Protein Ion Injection 50ml - Default Title
55033166692689,11168402669905,5836655080,7.0,8.68,12.95,[Pyunkang Yul] Low pH Scalp Treatment 290ml - Default Title
55033166823761,11168402702673,4322420082,12.0,14.88,21.95,[Pyunkang Yul] Low pH Scalp Shampoo 500ml - Default Title
55033167053137,11168402768209,5836627120,7.0,8.68,12.95,[Pyunkang Yul] Low pH Scalp Shampoo 290ml - Default Title
55033167151441,11168402833745,5440672176,8.0,9.92,14.95,[Pyunkang Yul] Low pH Scalp Treatment 500ml - Default Title
55033167216977,11168402899281,8528068578,21.0,26.04,37.95,belif Brave Bo Mild Jelly Shampoo 250ml - Default Title
55033167348049,11168402932049,10119260172,18.0,22.32,32.95,AROMATICA Lemongrass 7 Vita Shampoo 1L - Default Title
55033167413585,11168402997585,10119341205,17.0,21.08,30.95,AROMATICA Eucalyptus Shampoo 15 Amino 1000ml - Default Title
55033167479121,11168403030353,10780190355,14.0,17.36,25.95,AROMATICA Rosemary Dry Shampoo Powder 10g - Default Title
55033167544657,11168403063121,10056899653,11.0,13.64,19.95,AROMATICA Replenishing Leaven In Treatment Lavender & Patchouli 150ml - Default Title
55033167675729,11168403095889,9924997087,15.0,18.60,27.95,AROMATICA Replenishing Hair Mist Jasmine & Vetiver 100ml - Default Title
55033167774033,11168403161425,9534622500,8.0,9.92,14.95,AROMATICA Rosemary Scalp Scaling Shampoo 180ml - Default Title
55033167839569,11168403194193,11227988339,18.0,22.32,32.95,KAHI Extra Volume Booster Shampoo 500ml - Default Title
55033167905105,11168403226961,10940347684,14.0,17.36,25.95,moremo No-wash Keratin Ampoule Treatment 200ml - Default Title
55033168003409,11168403259729,11121495685,13.0,16.12,23.95,moremo Hair Essence Delightful Oil 120ml - Default Title
55033168101713,11168403358033,5560902387,10.0,12.40,18.95,moremo For Men Styling Serum S 70ml - Default Title
55033168167249,11168403390801,5471758970,13.0,16.12,23.95,moremo Ampoule Water Treatment Miracle 100 200ml - Default Title
55033168331089,11168403423569,11533210468,24.0,29.76,43.95,Dr.Groot Bio Exosome Scalp Hair Loss Total Care Conditioner 400ml - Default Title
55033168888145,11168403652945,7737809579,14.0,17.36,25.95,[Daeng Gi Meo Ri] Dlae Soo Hair Loss Care Shampoo 500ml - Default Title
55033168953681,11168403685713,7714933326,15.0,18.60,27.95,[Daeng Gi Meo Ri] Jin Gi Shampoo 500ml - Default Title
55033169183057,11168403718481,7737821200,18.0,22.32,32.95,[Daeng Gi Meo Ri] Ki Gold Shampoo 500ml - Default Title
55033169281361,11168403784017,10928287581,17.0,21.08,30.95,[Daeng Gi Meo Ri] Mellow Perfume Shampoo 380ml - Default Title
55033169412433,11168403849553,8770975642,17.0,21.08,30.95,[Daeng Gi Meo Ri] Premium Black Garlic & Curcumin Shampoo 500ml - Default Title
55033169510737,11168403915089,5955879696,16.0,19.84,28.95,[Daeng Gi Meo Ri] No Sebum Shampoo 500ml - Default Title
55033169609041,11168403947857,7709714572,16.0,19.84,28.95,[Daeng Gi Meo Ri] Mugwort Relaxing Shampoo 500ml - Default Title
55033169772881,11168404013393,8430401883,21.0,26.04,37.95,Huxley Intense Moisture Treatment 200ml #Moroccan Gardener - Default Title
55033169969489,11168404111697,11075688546,16.0,19.84,28.95,JUNGSAEMMOOL Salon.Zip Scalp Renewing Water Treatment 200ml - Default Title
55033170035025,11168404210001,11184405270,14.0,17.36,25.95,NEOGEN Reforest Protein Shampoo (Herbal Scent) 500ml - Default Title
55033170133329,11168404242769,11184387593,15.0,18.60,27.95,NEOGEN Reforest Protein Treatment (Herbal Scent) 500ml - Default Title
55033170198865,11168404308305,10354097037,16.0,19.84,28.95,Dr.G Doopi Lab Core Peptide Volume Shampoo 500g - Default Title
55033170657617,11168404406609,11977975419,12.0,14.88,21.95,Dr.Groot Clinical Relief Scaler 100ml - Default Title
55033170755921,11168404537681,6286171214,11.0,13.64,19.95,Dr.G Doopi Lab Cool Salt Scaling Shampoo 500ml - Default Title
55033170821457,11168404570449,8628299030,8.0,9.92,14.95,Dr.G Doopi Lab Cool Salt Long-lasting Cooling Tonic 100ml - Default Title
55033171214673,11168404799825,11581521524,24.0,29.76,43.95,Dr.Groot Density Care Shampoo Pear & Freesia 400ml - Default Title
55033171345745,11168404832593,8644563346,21.0,26.04,37.95,Dr.Groot Density Care Shampoo Jasmine 400ml - Default Title
55033171837265,11168405127505,8289882799,22.0,27.28,39.95,Dr.Groot Density Care Shampoo Basil & Neroli 400ml - Default Title
55033175540049,11168405225809,8044495050,22.0,27.28,39.95,Dr.Groot Microbiome Beer Yeast Treatment 250ml - Default Title
55033179799889,11168405848401,6650961958,16.0,19.84,28.95,Dr.Groot J Monsters Shampoo Herbal Citrus 400ml - Default Title
55033179963729,11168405946705,11764450802,23.0,28.52,41.95,AMUSE Hair Perfume Mist 30ml (3 Types) - Rose Powder
55033179996497,11168405946705,11764450802,23.0,28.52,41.95,AMUSE Hair Perfume Mist 30ml (3 Types) - After Shower
55033180029265,11168405946705,11764450802,23.0,28.52,41.95,AMUSE Hair Perfume Mist 30ml (3 Types) - Lily Musk
55033180160337,11168405979473,11778298709,15.0,18.60,27.95,Dr.Groot J Monsters Shampoo Rosy Musk 400ml - Default Title
55033180324177,11168406012241,11677257862,11.0,13.64,19.95,[mise en scene] Salon 10 Professional Cica Protein Shampoo 480ml - Default Title
55033180455249,11168406045009,10572825828,13.0,16.12,23.95,[mise en scene] Salon 10 No Wash Ampoule Treatment 200ml - Default Title
55033180520785,11168406143313,10128716061,8.0,9.92,14.95,[mise en scene] Perfect Serum Original Shampoo 900ml - Default Title
55033180586321,11168406176081,10572740169,6.0,7.44,10.95,[mise en scene] Perfect 3 Minute Hair Mask 300ml - Default Title
55033180684625,11168406208849,8746881388,15.0,18.60,27.95,[mise en scene] Perfect Original Hair Essence Serum 200ml - Default Title
55033180782929,11168406241617,10536674906,14.0,23.36,25.95,[mise en scene] Salon 10 Professional Cica Ceramide Oil Serum 60ml - Default Title
55033180848465,11168406307153,10128716061,11.0,13.64,19.95,[mise en scene] Perfect Serum Original Treatment 900ml - Default Title
55033180914001,11168406339921,9999567114,6.0,7.44,10.95,[mise en scene] Volume Care Purple Collagen Treatment 330ml - Default Title
55033180979537,11168406372689,9999111085,6.0,7.44,10.95,[mise en scene] Damage Care Red Protein Shampoo 680ml - Default Title
55033181045073,11168406405457,6444313485,6.0,7.44,10.95,[mise en scene] Perfect Base Up Essence 200ml - Default Title
55033181110609,11168406438225,9999111085,5.0,6.20,9.95,[mise en scene] Damage Care Red Protein Conditioner 680ml - Default Title
55033181176145,11168406470993,5510484287,6.0,7.44,10.95,[mise en scene] Scalp Care Green Cica Shampoo 680ml - Default Title
55033181274449,11168406536529,9999111085,5.0,6.20,9.95,[mise en scene] Volume Care Purple Collagen Shampoo 680ml - Default Title
55033181339985,11168406569297,5510484287,8.0,9.92,14.95,[mise en scene] Damage Care Red Protein Shampoo 1000ml - Default Title
55033181733201,11168406634833,5510484287,8.0,9.92,14.95,[mise en scene] Volume Care Purple Collagen Shampoo 1000ml - Default Title
55033181831505,11168406667601,10572620498,11.0,13.64,19.95,[mise en scene] Perfect Serum Detangling Leave in Conditioner 250ml - Default Title
55033181962577,11168406733137,11676273832,12.0,14.88,21.95,[NATURE REPUBLIC] Black Bean Anti Hair Loss Ampoule 50ml - Default Title
55033182028113,11168406765905,5221583766,12.0,14.88,21.95,[NATURE REPUBLIC] Argan Essential Hair No Wash Treatment 160ml - Default Title
55033182454097,11168406831441,718233298,20.0,24.80,36.95,[NATURE REPUBLIC] Argan Essential Deep Care Shampoo 1000ml - Default Title
55033182650705,11168406995281,758621788,8.0,9.92,14.95,[NATURE REPUBLIC] Argan Essential Deep Care Conditioner 300ml - Default Title
55033182945617,11168407159121,3903407485,8.0,9.92,14.95,[NATURE REPUBLIC] Argan Essential Deep Care Essence 80ml - Default Title
55033183797585,11168407355729,3893277497,13.0,16.12,23.95,[NATURE REPUBLIC] Black Bean Anti-Hair Loss Shampoo 300ml - Default Title
55033184223569,11168407552337,718203958,11.0,13.64,19.95,[NATURE REPUBLIC] Argan Essential Deep Care Hair Pack 470ml - Default Title
55033184452945,11168407748945,366799395,6.0,7.44,10.95,[NATURE REPUBLIC] Argan Essential Moist Hair Mist 220ml - Default Title
55033184649553,11168407945553,366799172,8.0,9.92,14.95,[NATURE REPUBLIC] Argan Essential Curling Essence 100ml - Default Title
55033184846161,11168408076625,9579975745,8.0,9.92,14.95,Kerasys Damage Clinic Protein Treatment 1L - Default Title
55033185075537,11168408240465,5002888517,6.0,7.44,10.95,Kerasys Keramide Extreme Damage Repair Serum 70ml - Default Title
55033185239377,11168408437073,10740359699-2,7.0,8.68,12.95,Kerasys Oilex Tea Tree Scaling Shampoo 280ml - Default Title
55033185435985,11168408568145,10740359699-1,7.0,8.68,12.95,Kerasys Oilex Argan Ultra Repair Shampoo 280ml - Default Title
55033185894737,11168408731985,10685426813-1,7.0,8.68,12.95,Kerasys Advanced Keramide Ampoule Damage Clinic Shampoo 1L - Default Title
55033186386257,11168408928593,10685355734-1,7.0,8.68,12.95,Kerasys Advanced Keramide Ampoule Damage Clinic Treatment 1L - Default Title
55033186615633,11168409092433,10685355734-2,10.0,12.40,18.95,Kerasys Advanced Keramide Ampoule Thickening Care Treatment 1L - Default Title
55033187205457,11168409256273,5002901814-1,6.0,7.44,10.95,Kerasys Damage Repair Propolis Shampoo 1L - Default Title
55033187402065,11168409485649,5189338430-3,5.0,6.20,9.95,Kerasys Moisture Clinic Moisture Care Solution Shampoo 750ml - Default Title
55033187696977,11168409682257,5189338430-1,5.0,6.20,9.95,Kerasys Scalp Cooling Solution Shampoo 750ml - Default Title
55033188122961,11168409813329,5002901814-T,6.0,7.44,10.95,Kerasys Damage Repair Propolis Treatment 1L - Default Title
55033188352337,11168409977169,5189338430-5,4.0,4.96,7.95,Kerasys Scalp Clinic Solution Conditioner 750ml - Default Title
55033188516177,11168410173777,5189338430-6,5.0,6.20,9.95,Kerasys Moisture Clinic Moisture Care Solution Conditioner 750ml - Default Title
55033188680017,11168410304849,5189338430-7,5.0,6.20,9.95,Kerasys Volume Clinic Volume Care Solution Conditioner 750ml - Default Title
55033188942161,11168410435921,5189305564,7.0,8.68,12.95,Kerasys Coconut Oil Conditioner 1L - Default Title
55033189171537,11168410632529,5460779291,8.0,9.92,14.95,Kerasys Tea Tree Oil Conditioner 1L - Default Title
55033189368145,11168410796369,5455895886-2,8.0,9.92,14.95,Kerasys Devil’s Perfume Conditioner 1L - #Gorgeous Musk
55033189400913,11168410796369,5455895886-4,8.0,9.92,14.95,Kerasys Devil’s Perfume Conditioner 1L - #Midnight Fantasy
55033189630289,11168410960209,5455895886-1,8.0,9.92,14.95,Kerasys Devil’s Perfume Shampoo 1L - #Gorgeous Musk
55033189663057,11168410960209,5455895886-3,8.0,9.92,14.95,Kerasys Devil’s Perfume Shampoo 1L - #Midnight Fantasy
55033189925201,11168411156817,6479339478-5,6.0,7.44,10.95,Kerasys Perfume Rinse 980ml (3-type) - #Lovely & Romantic
55033189957969,11168411156817,6479339478-6,6.0,7.44,10.95,Kerasys Perfume Rinse 980ml (3-type) - #Elegance & Sensual
55033189990737,11168411156817,6479339478-7,6.0,7.44,10.95,Kerasys Perfume Rinse 980ml (3-type) - #Pure & Charming
55033190252881,11168411386193,6479339478,4.0,4.96,7.95,Kerasys Perfume Shampoo 980ml (4-type) - #Lovely & Romantic
55033190285649,11168411386193,6479339479,4.0,4.96,7.95,Kerasys Perfume Shampoo 980ml (4-type) - #Elegance a Sensual
55033190318417,11168411386193,6479339480,4.0,4.96,7.95,Kerasys Perfume Shampoo 980ml (4-type) - #Blooming & Flowery
55033190351185,11168411386193,6479339481,4.0,4.96,7.95,Kerasys Perfume Shampoo 980ml (4-type) - #Pure a Charming
55033190580561,11168411582801,5189302964,7.0,8.68,12.95,Kerasys Coconut Oil Shampoo 1L - Default Title
55033190842705,11168411746641,5649502723,7.0,8.68,12.95,Kerasys Clean Note Scalp Calming Shampoo 1L - #PURE COTTON
55033190875473,11168411746641,11553985232,7.0,8.68,12.95,Kerasys Clean Note Scalp Calming Shampoo 1L - #POWDERY COTTON
55033190908241,11168411746641,11554042147,7.0,8.68,12.95,Kerasys Clean Note Scalp Calming Shampoo 1L - #WHITE MUSK
55033191170385,11168411976017,7030240418-1,10.0,12.40,18.95,Kerasys Scalp Spa Anti Dandruff Shampoo 750ml (2-type) - #Aqua Blue
55033191203153,11168411976017,7030240418-2,10.0,12.40,18.95,Kerasys Scalp Spa Anti Dandruff Shampoo 750ml (2-type) - #Fresh Floral
55033191498065,11168412205393,10844288700,6.0,7.44,10.95,Kerasys Advanced Keratin Bond Shampoo 750ml (4-type) - #Deep Repair
55033191530833,11168412205393,10844288700,6.0,7.44,10.95,Kerasys Advanced Keratin Bond Shampoo 750ml (4-type) - #Volume
55033191563601,11168412205393,10844288700,6.0,7.44,10.95,Kerasys Advanced Keratin Bond Shampoo 750ml (4-type) - #Silky Moisture
55033191596369,11168412205393,10844288700,6.0,7.44,10.95,Kerasys Advanced Keratin Bond Shampoo 750ml (4-type) - #Purifying
55033191825745,11168412434769,6942896057,8.0,9.92,14.95,OBgE Multi Texture Curl Cream 150ml - Default Title
55033192022353,11168412631377,7715267205,8.0,9.92,14.95,OBgE Style Setting Fixer 150ml - Default Title
55033192350033,11168412795217,8131198865,10.0,12.40,18.95,OBgE Matt Hard Wax 120g - Default Title
55033192546641,11168413024593,8809567706262,10.0,12.40,18.95,OBgE Mellow Clay Pomade 100g - Default Title
55033192743249,11168413188433,12683270864,24.0,29.76,43.95,Dr.Groot MICROBIOME BIOEXOSOME Shampoo 330ml - Default Title
55033192972625,11168413352273,12896547636,23.0,28.52,41.95,GRAFEN Collagen Volume Ampoule 100ml - Default Title
55033193202001,11168413548881,11097231869,13.0,16.12,23.95,GRAFEN Control Paste Wax 100ml - Default Title
55033193365841,11168413679953,11097231869,13.0,16.12,23.95,GRAFEN Safe Wax 100ml - Default Title
55033193791825,11168413843793,11097231869,13.0,16.12,23.95,GRAFEN Grooming Clay Hard Wax 100ml - Default Title
55033194086737,11168414073169,10739602495,13.0,16.12,23.95,GRAFEN One Step Matte Wax 70g - Default Title
55033194283345,11168414237009,6919332378,12.0,14.88,21.95,GRAFEN Jeju Sea Water Volume Spray 210ml - Default Title
55033194479953,11168414400849,4674412784,12.0,14.88,21.95,GRAFEN Cica Care Treatment 300ml - Default Title
55033194709329,11168414597457,5577106746,15.0,18.60,27.95,GRAFEN Root Booster Tonic 160ml - Default Title
55033194905937,11168414761297,4674381201,15.0,18.60,27.95,GRAFEN Remover Shampoo 500ml - Default Title
55033195102545,11168414925137,4674365817,14.0,17.36,25.95,GRAFEN Root Booster Shampoo 500ml - Default Title
55033195299153,11168415121745,4674357225,14.0,17.36,25.95,GRAFEN Neat Water Pomade 100g - Default Title
55033195462993,11168415285585,4674364495,11.0,13.64,19.95,GRAFEN Grooming Clay Hard Wax 75ml - Default Title
55033195790673,11168415416657,4674349527,16.0,19.84,28.95,GRAFEN Hinoki Shampoo 500ml - Default Title
55033195954513,11168415613265,a69754,8.0,9.92,14.95,[mise en scene] Perfect Serum Hydrating Shampoo 680ml - Default Title
55033196118353,11168415744337,a69755,8.0,9.92,14.95,[mise en scene] Perfect Serum Hydrating Conditioner 680ml - Default Title
55033196347729,11168415875409,13636138813,15.0,18.60,27.95,LABO-H UV Protector 365 Roll-On Sun Serum SPF50+ PA+++ 15ml - Default Title
55033196544337,11168416039249,6919308844,13.0,16.12,23.95,GRAFEN Volume Up Curl Cream 150ml - Default Title
55033196773713,11168416203089,13636140778,15.0,18.60,27.95,LABO-H UV Protector 365 Scalp Sun Mist SPF22 PA++ 80ml - Default Title
55033197232465,11168416399697,A000000254191,19.0,20.56,34.95,[mise en scene] Salon 10 Peptide Repair Treatment 990ml - Default Title
55033197396305,11168416596305,13647970336,12.0,14.88,21.95,APLB Intensive Booster Scalp Serum 40ml - Default Title
55033197658449,11168416727377,12016380642,7.0,8.68,12.95,LADOR Perfumed Hair Shampoo 100ml (3types) - La pitta
55033197691217,11168416727377,12016380642,7.0,8.68,12.95,LADOR Perfumed Hair Shampoo 100ml (3types) - Hinoki
55033197723985,11168416727377,12016380642,7.0,8.68,12.95,LADOR Perfumed Hair Shampoo 100ml (3types) - Osmanthus
55033197986129,11168416923985,5176285494,8.0,9.92,14.95,LADOR Herbalism Shampoo 150ml - Default Title
55033198149969,11168417120593,5702104215,19.0,23.56,34.95,belif Happy Bo Easy Wash Sunstick (SPF50+/PA++++) 18g - Default Title
55033198248273,11168417218897,8528030486,16.0,19.84,28.95,belif Brave Bo Bubble Wash 150ml - Default Title
55033198379345,11168417317201,8528048446,23.0,28.52,41.95,belif Brave Bo All In One Facial Lotion 125ml - Default Title
55033198543185,11168417415505,9902379622,14.0,17.36,25.95,"belif UV Protector Aqua Bomb Cooling Sun Stick 14g (SPF 50+, PA++++) - Default Title"
55033198772561,11168417546577,112548280,8.0,9.92,14.95,[Good Feel] Organic Cotton Cover with Wings (Medium) 36 pcs - Default Title
55033198936401,11168417743185,169135994,4.5,5.58,8.95,[Sofy Body Fit] Guierang Sanitary Pad (Large 29cm) 18 Pads - Default Title
55033199100241,11168417874257,5158233634,13.0,16.12,23.95,Foellie Capsule Feminine Wash 200ml - Default Title
55033199362385,11168418070865,10463359963,14.0,17.36,25.95,AROMATICA Pure & S Soft Feminine Wash (Refill) 300ml - Default Title
55033199526225,11168418201937,6510375312,12.0,14.88,21.95,Foellie Capsule Feminine Wash 200ml #Bijou Scent - Default Title
55033199755601,11168418365777,12043925407,8.0,9.92,14.95,[NATURE REPUBLIC] Essential Body Pure Feminine Wash 200ml - Default Title
55033199919441,11168418496849,9469766322,18.0,22.32,32.95,AROMATICA Sleep Tight Pillow Mist 100ml - Default Title
55033200083281,11168418660689,889567703384,12.0,14.88,21.95,OBgE Scene Steal Concealer #Medium Beige - Default Title
55033200312657,11168418758993,10310142352,19.0,23.56,34.95,OBgE Natural Cover Lotion SPF50+ PA++++ 50g - Default Title
55033200542033,11168418922833,6805527445,24.0,29.76,43.95,OBgE Natural Cover Foundation SPF50+ PA++++ 13g (3colors) - #1 Ivory
55033200574801,11168418922833,6805527445,24.0,29.76,43.95,OBgE Natural Cover Foundation SPF50+ PA++++ 13g (3colors) - #2 Beige
55033200607569,11168418922833,6805527445,24.0,29.76,43.95,OBgE Natural Cover Foundation SPF50+ PA++++ 13g (3colors) - #3 Sand
55033200804177,11168419119441,6805502952,11.0,13.64,19.95,OBgE Scene Steal Concealer #Light Beige - Default Title
55033201164625,11168419283281,11047701694,10.0,12.40,18.95,Hanskin Perfect All In One Sun BB SPF50+ PA++++ 50ml - Default Title
55033201426769,11168419447121,6805487378,7.0,8.68,12.95,OBgE Easy Pencil Brow 0.08g (2colors) - Dark Brown
55033201459537,11168419447121,6805487378,7.0,8.68,12.95,OBgE Easy Pencil Brow 0.08g (2colors) - Deep Grey
55033201656145,11168419676497,6805493830,12.0,14.88,21.95,OBgE Magic Tattoo Brow 2ml #Natural Gray - Default Title
55033608175953,11168484294993,6805521311,22.0,27.28,39.95,OBgE Perfect Homme Cushion SPF50+ PA+++ 15g (3colors) - #1 Ivory
55033608208721,11168484294993,6805521311,22.0,27.28,39.95,OBgE Perfect Homme Cushion SPF50+ PA+++ 15g (3colors) - #2 Beige
55033608241489,11168484294993,6805521311,22.0,27.28,39.95,OBgE Perfect Homme Cushion SPF50+ PA+++ 15g (3colors) - #3 Sand
55033608405329,11168484426065,12368606909,22.0,27.28,39.95,GRAFEN Tip Sketch Multi Cover Foundation SPF+ PA+++ 20ml (2colors) - #21
55033608438097,11168484426065,12368606909,22.0,27.28,39.95,GRAFEN Tip Sketch Multi Cover Foundation SPF+ PA+++ 20ml (2colors) - #23
55033608733009,11168484557137,10634846445,19.0,23.56,34.95,GRAFEN Match Up Tone Cover Lotion SPF50+ PA++++ 50ml - Light
55033608765777,11168484557137,10634846445,19.0,23.56,34.95,GRAFEN Match Up Tone Cover Lotion SPF50+ PA++++ 50ml - Sand
55033609093457,11168484688209,10512516889,17.0,21.08,30.95,GRAFEN Match Up Cover Stick Foundation 12g #21 Light Beige - Default Title
55033610436945,11168484852049,10512479955,11.0,13.64,19.95,GRAFEN Match Up Shading Stick 1.8g #Neutral Brown - Default Title
55033610895697,11168485015889,4959746886,15.0,18.60,27.95,GRAFEN Handsome Cover Cushion 14g [Refill] (2colors) - #01
55033610928465,11168485015889,4959746886,15.0,18.60,27.95,GRAFEN Handsome Cover Cushion 14g [Refill] (2colors) - #03
55033611387217,11168485343569,4982531779,15.0,18.60,27.95,GRAFEN Match Up Foundation SPF20 PA++ 40ml (4colors) - Ivory
55033611419985,11168485343569,4982531779,15.0,18.60,27.95,GRAFEN Match Up Foundation SPF20 PA++ 40ml (4colors) - Beige
55033611452753,11168485343569,4982531779,15.0,18.60,27.95,GRAFEN Match Up Foundation SPF20 PA++ 40ml (4colors) - Sand
55033611485521,11168485343569,4982531779,15.0,18.60,27.95,GRAFEN Match Up Foundation SPF20 PA++ 40ml (4colors) - Tan
55033612009809,11168485474641,9595107475,13.0,16.12,23.95,GRAFEN Triple Lip Pro 4.3g [Handsome Lip] - Default Title
55033613058385,11168485605713,9608185103,13.0,16.12,23.95,GRAFEN Triple Lip Pro 3.9g [Naked] - Default Title
55033613451601,11168485769553,4762468375,13.0,16.12,23.95,GRAFEN Triple Lip Pro 3.9g [Lip Sense] - Default Title
55033613779281,11168485835089,4674262458,17.0,21.08,30.95,GRAFEN Handsome Cover Cushion 14g (2colors) - #01
55033613812049,11168485835089,4674262458,17.0,21.08,30.95,GRAFEN Handsome Cover Cushion 14g (2colors) - #03
55033613877585,11168485933393,2196694340,15.0,18.60,27.95,[GREEN FINGER] Natural Moisture Baby Lotion 200ml x 2ea - Default Title
55033614139729,11168485966161,1610739096,10.0,12.40,18.95,BIOKLASSE Milk Baobab Baby Moisture Lotion 500ml - Default Title
55033614795089,11168486064465,2093401,9.5,11.78,17.95,[GREEN FINGER] Natural Moisture Baby Lotion 320ml - Default Title
55033615548753,11168487375185,88135,10.0,12.40,18.95,[GREEN FINGER] Ultra Baby Lotion 260ml - Default Title
55033615679825,11168487440721,28024945,7.0,8.68,12.95,GOONGBE Baby Face Lotion 80ml - Default Title
55033615810897,11168487571793,@ATOPALM MLE Cream 100ml,22.0,27.28,39.95,ATOPALM Baby MLE Cream 100ml - Default Title
55033615909201,11168487637329,@1438836981,13.0,16.12,23.95,ATOPALM Soothing Gel Lotion 120ml - Default Title
55033616335185,11168487735633,4715340002,20.0,24.80,36.95,isoi ATO Calming Cream 130ml - Default Title
55033616531793,11168487768401,4715818266,18.0,22.32,32.95,isoi ATO Cool Wash 250ml - Default Title
55033618399569,11168487833937,4715742379,19.0,23.56,34.95,isoi ATO Smile Oil 100ml - Default Title
55033621414225,11168487899473,4752078095,14.0,17.36,25.95,primera Baby Facial & Body Wash 250ml - Default Title
55033622135121,11168487932241,5528995137,20.0,24.80,36.95,belif Happy Bo Face & Body Emulsion 250ml - Default Title
55033622528337,11168487965009,7427704466,10.0,12.40,18.95,BIOKLASSE MILK BAOBAB Baby Lotion 500ml - Default Title
55033622856017,11168488096081,2727384486,10.0,12.40,18.95,BIOKLASSE MILK BAOBAB Baby & Kids Wash 500ml - Default Title
55033623052625,11168488128849,5528937153,24.0,29.76,43.95,belif Happy Bo Soothing Cream 150ml - Default Title
55033623544145,11168488227153,9901632819,13.0,16.12,23.95,EUTHYMOL Whitening Purple Toothpaste 106g - Default Title
55033623740753,11168488292689,9031502943,7.0,8.68,12.95,EUTHYMOL Original Toothpaste 106g - Default Title
55033624199505,11168488423761,7790796399,10.0,12.40,18.95,EUTHYMOL Whitening Toothpaste 106g - Default Title
55033624265041,11168488489297,9096710331,4.0,4.96,7.95,PERIOE PUMPING CITRUS 285g (WHITE) - Default Title
55033624756561,11168488522065,217937009,4.0,4.96,7.95,PERIOE PUMPING HERB 285g(BAD BREATH CARE) - Default Title
55033624822097,11168488620369,217938162,4.0,4.96,7.95,PERIOE PUMPING TOOTHPASTE SPEARMINT 285g(PLAQUE CARE) - Default Title
55033625215313,11168488653137,4552518687,5.0,6.20,9.95,MEDIAN Gum Science Toothpaste Clean Mint 120g*3 - Default Title
55033625510225,11168488751441,4220382929,5.0,6.20,9.95,MEDIAN Tartar Toothpaste Gum 120g*3 - Default Title
55033625575761,11168488816977,4220382929,5.0,6.20,9.95,MEDIAN Tartar Toothpaste Fresh 120g*3 - Default Title
55033626067281,11168488882513,4552518687,5.0,6.20,9.95,MEDIAN Halitosis Science Toothpaste Freezing cool Mint 120g*3 - Default Title
55033626198353,11168488980817,4552518687,5.0,6.20,9.95,MEDIAN Gum Science Toothpaste Strong Mint 120g*3 - Default Title
55033626591569,11168489111889,4220382929,5.0,6.20,9.95,MEDIAN Tartar Toothpaste Original 120g*3 - Default Title
55033626722641,11168489177425,4220382929,5.0,6.20,9.95,MEDIAN Tartar Toothpaste White 120g*3 - Default Title
55033627083089,11168489210193,20638652162,8.0,9.92,14.95,Rucipello CORAL REEF 1450 BLUE Toothpaste 120g - Default Title
55033627181393,11168489275729,7444617417,7.0,8.68,12.95,Rucipello CORAL REEF HIGH FLUORIDE TOOTHPASTE 120g - Default Title
55033627672913,11168489374033,1217613260,5.0,6.20,9.95,Rucipello Tropical Ocean Toothpaste 100g - Default Title
55033628033361,11168489439569,7704896215,7.0,8.68,12.95,Rucipello SHINY PIRUNA TOOTHPASTE 100g - Default Title
55033628098897,11168489505105,229323299,5.0,6.20,9.95,Rucipello Rooisland Toothpaste 100g - Default Title
55033628197201,11168489537873,1384067407,5.0,6.20,9.95,Rucipello Mystic Forest Toothpaste 100g - Default Title
55033628950865,11168489668945,1217613261,8.0,9.92,14.95,Rucipello WHITE PEARL OCEAN TOOTHPASTE 100g - Default Title
55033629016401,11168489701713,7555919377,7.0,8.68,12.95,Gagreen Stick-type Original Mouthwash 10ml X 30ea - Default Title
55033629409617,11168489734481,7644377895,2.0,2.48,3.95,TANGO TANGLE TANGLE Mouthwash 11ml X 10ea - Default Title
55033629802833,11168489800017,7944528751,5.0,6.20,9.95,AVCA Mild Mouthwash Cool Mint 800ml - Default Title
55033630228817,11168489931089,7944503510,8.0,9.92,14.95,AVCA Stick-Type Oral Mouthwash Fresh Mint 10ml X 50ea - Default Title
55033630294353,11168489996625,10673925643,16.0,19.84,28.95,Innisfree Isle Number Body Lotion 300ml #Green Tea Essence - Default Title
55033630687569,11168490029393,10740368763,13.0,16.12,23.95,[Pyunkang Yul] ATO Baby Lotion Blue Label 350ml - Default Title
55033633112401,11168490127697,8553742753,18.0,22.32,32.95,belif Happy Bo Top To Toe All-In-One Wash 300ml - Default Title
55033633177937,11168490193233,10285352588,23.0,28.52,41.95,belif Happy Bo Total Gel Wash 350ml - Default Title
55033633636689,11168490258769,9237542477,6.0,7.44,10.95,AROMATICA Tea Tree Balancing Toothpaste 100ml - Default Title
55033633866065,11168490357073,11394933890,16.0,19.84,28.95,[Live orals] Purebreath High-Concentration Mouthwash 50ml - Default Title
55033634259281,11168490422609,5145848584,23.0,28.52,41.95,[Live orals] PureDia Teeth Whitening Kit - Default Title
55033634324817,11168490488145,11662814030,3.0,3.72,5.95,[Live orals] Live Breathe Perfume Mouthwash 17ml - Default Title
55033634390353,11168490520913,11007517878,23.0,28.52,41.95,nutseline Hoho Nut Baby Cure Lotion 300ml - Default Title
55033634783569,11168490586449,11007488482,20.0,24.80,36.95,nutseline Hoho Nut Baby Top To Toe Wash 300ml - Default Title
55033659195729,11168498221393,13667056523,22.0,27.28,39.95,belif Aqua Bomb Panthenol EGF Soothing Barrier Gel Mask 30ml X 5ea - Default Title
55033659425105,11168498385233,11469531036,19.0,23.56,34.95,[SOME BY MI] Galactomyces Glutathione Brightening Cream 40ml - Default Title
55033659556177,11168498483537,11704648896,15.0,18.60,27.95,[SOME BY MI] Yuja Niacin Anti Blemish Daily Mask 370ml/30ea - Default Title
55033659687249,11168498581841,11705298700,13.0,16.12,23.95,[SOME BY MI] Lacto Soy Enzyme Deep Cleansing Foam 100ml - Default Title
55033660014929,11168498712913,13751057085,15.0,18.60,27.95,[SOME BY MI] AHA BHA PHA Miracle Daily Mask 350ml/30ea - Default Title
55033660932433,11168498811217,13269002427,17.0,21.08,30.95,3CE Glazy Lip Glow 3.2g (11colors) - MELTING SMORE
55033660965201,11168498811217,13269002427,17.0,21.08,30.95,3CE Glazy Lip Glow 3.2g (11colors) - LAVENDER CREAM
55033660997969,11168498811217,13269002427,17.0,21.08,30.95,3CE Glazy Lip Glow 3.2g (11colors) - PEACHY FILLING
55033661030737,11168498811217,13269002427,17.0,21.08,30.95,3CE Glazy Lip Glow 3.2g (11colors) - COOL SWEETIE
55033661063505,11168498811217,13269002427,17.0,21.08,30.95,3CE Glazy Lip Glow 3.2g (11colors) - ROSE GLAZE
55033661096273,11168498811217,13269002427,17.0,21.08,30.95,3CE Glazy Lip Glow 3.2g (11colors) - PINK TUBE
55033661129041,11168498811217,13269002427,17.0,21.08,30.95,3CE Glazy Lip Glow 3.2g (11colors) - DOUBLE GRAPE
55033661161809,11168498811217,13269002427,17.0,21.08,30.95,3CE Glazy Lip Glow 3.2g (11colors) - RASPBERRY COATED
55033661194577,11168498811217,13269002427,17.0,21.08,30.95,3CE Glazy Lip Glow 3.2g (11colors) - SALTY SWEET
55033661227345,11168498811217,13269002427,17.0,21.08,30.95,3CE Glazy Lip Glow 3.2g (11colors) - BAKED PEACH
55033661260113,11168498811217,13269002427,17.0,21.08,30.95,3CE Glazy Lip Glow 3.2g (11colors) - BUTTER SPREAD
55033666830673,11168499237201,12905073195,13.0,16.12,23.95,3CE Eye Switch Stick 1.3g (6colors) - IVORY BREEZE
55033666863441,11168499237201,12905073195,13.0,16.12,23.95,3CE Eye Switch Stick 1.3g (6colors) - PINK SHEEN
55033666896209,11168499237201,12905073195,13.0,16.12,23.95,3CE Eye Switch Stick 1.3g (6colors) - ORANGE BAKE
55033666928977,11168499237201,12905073195,13.0,16.12,23.95,3CE Eye Switch Stick 1.3g (6colors) - DOUBLE NOTE
55033666961745,11168499237201,12905073195,13.0,16.12,23.95,3CE Eye Switch Stick 1.3g (6colors) - BLUE CAPTURE
55033666994513,11168499237201,12905073195,13.0,16.12,23.95,3CE Eye Switch Stick 1.3g (6colors) - LAVENDER DAZE
55033667158353,11168499564881,13374965220,21.0,26.04,37.95,3CE Fitting Mesh Cover Cushion SPF40 PA+++ 11g (5colors) - P01
55033667191121,11168499564881,13374965220,21.0,26.04,37.95,3CE Fitting Mesh Cover Cushion SPF40 PA+++ 11g (5colors) - N01
55033667223889,11168499564881,13374965220,21.0,26.04,37.95,3CE Fitting Mesh Cover Cushion SPF40 PA+++ 11g (5colors) - N02
55033667256657,11168499564881,13374965220,21.0,26.04,37.95,3CE Fitting Mesh Cover Cushion SPF40 PA+++ 11g (5colors) - N03
55033667289425,11168499564881,13374965220,21.0,26.04,37.95,3CE Fitting Mesh Cover Cushion SPF40 PA+++ 11g (5colors) - W02
55033667486033,11168499695953,10893480624,13.0,16.12,23.95,3CE Cashmere Hug Lipstick 3.5g (12colors) - 01 OAT
55033667518801,11168499695953,10893480624,13.0,16.12,23.95,3CE Cashmere Hug Lipstick 3.5g (12colors) - 02 PURE BLENDING
55033667551569,11168499695953,10893480624,13.0,16.12,23.95,3CE Cashmere Hug Lipstick 3.5g (12colors) - 03 YOUR SIDE
55033667584337,11168499695953,10893480624,13.0,16.12,23.95,3CE Cashmere Hug Lipstick 3.5g (12colors) - 04 TEXT ME
55033667617105,11168499695953,10893480624,13.0,16.12,23.95,3CE Cashmere Hug Lipstick 3.5g (12colors) - 05 COZY WHISPER
55033667649873,11168499695953,10893480624,13.0,16.12,23.95,3CE Cashmere Hug Lipstick 3.5g (12colors) - 06 BUDDY
55033667682641,11168499695953,10893480624,13.0,16.12,23.95,3CE Cashmere Hug Lipstick 3.5g (12colors) - 07 KNIT
55033667715409,11168499695953,10893480624,13.0,16.12,23.95,3CE Cashmere Hug Lipstick 3.5g (12colors) - 08 HUSH RED
55033667748177,11168499695953,10893480624,13.0,16.12,23.95,3CE Cashmere Hug Lipstick 3.5g (12colors) - 09 TAUPE BEIGE
55033667780945,11168499695953,10893480624,13.0,16.12,23.95,3CE Cashmere Hug Lipstick 3.5g (12colors) - 10 DREAMY
55033667813713,11168499695953,10893480624,13.0,16.12,23.95,3CE Cashmere Hug Lipstick 3.5g (12colors) - 13 MORE PLEASE
55033667846481,11168499695953,10893480624,13.0,16.12,23.95,3CE Cashmere Hug Lipstick 3.5g (12colors) - 14 SO SHY
55033668534609,11168499892561,12837644783,13.0,16.12,23.95,3CE Misty Lip Bare 4.6g (10colors) - Milky Illusion
55033668567377,11168499892561,12837644783,13.0,16.12,23.95,3CE Misty Lip Bare 4.6g (10colors) - Pink Scheme
55033668600145,11168499892561,12837644783,13.0,16.12,23.95,3CE Misty Lip Bare 4.6g (10colors) - Chili Flame
55033668632913,11168499892561,12837644783,13.0,16.12,23.95,3CE Misty Lip Bare 4.6g (10colors) - Rose Sigh
55033668665681,11168499892561,12837644783,13.0,16.12,23.95,3CE Misty Lip Bare 4.6g (10colors) - Driftwood
55033668698449,11168499892561,12837644783,13.0,16.12,23.95,3CE Misty Lip Bare 4.6g (10colors) - Quiet Taupe
55033668731217,11168499892561,12837644783,13.0,16.12,23.95,3CE Misty Lip Bare 4.6g (10colors) - Sun Pause
55033668763985,11168499892561,12837644783,13.0,16.12,23.95,3CE Misty Lip Bare 4.6g (10colors) - Coral Drench
55033668796753,11168499892561,12837644783,13.0,16.12,23.95,3CE Misty Lip Bare 4.6g (10colors) - Earlier
55033668829521,11168499892561,12837644783,13.0,16.12,23.95,3CE Misty Lip Bare 4.6g (10colors) - Nude Whisper
55033668960593,11168499990865,13228799310,12.0,14.88,21.95,3CE Gummy Oil Tint 4g (10colors) - BAGEL PEACH
55033668993361,11168499990865,13228799310,12.0,14.88,21.95,3CE Gummy Oil Tint 4g (10colors) - MELTING GUMMY
55033669026129,11168499990865,13228799310,12.0,14.88,21.95,3CE Gummy Oil Tint 4g (10colors) - ROSE GUMMY
55033669058897,11168499990865,13228799310,12.0,14.88,21.95,3CE Gummy Oil Tint 4g (10colors) - MAUVE JELLY
55033669091665,11168499990865,13228799310,12.0,14.88,21.95,3CE Gummy Oil Tint 4g (10colors) - SUMMER BITE
55033669124433,11168499990865,13228799310,12.0,14.88,21.95,3CE Gummy Oil Tint 4g (10colors) - DEW ON
55033669157201,11168499990865,13228799310,12.0,14.88,21.95,3CE Gummy Oil Tint 4g (10colors) - TAUPE DROP
55033669189969,11168499990865,13228799310,12.0,14.88,21.95,3CE Gummy Oil Tint 4g (10colors) - SWEETEN
55033669222737,11168499990865,13228799310,12.0,14.88,21.95,3CE Gummy Oil Tint 4g (10colors) - HONEY BEAR
55033669255505,11168499990865,13228799310,12.0,14.88,21.95,3CE Gummy Oil Tint 4g (10colors) - PEARL CLOUD
